shipment_id,date,customer,origin,dest,product,weight_lbs,inferred_cube_cuft,path,handles,revenue_usd,pud_cost_usd,dock_cost_usd,linehaul_cost_usd,cost_to_serve_usd,margin_usd,margin_pct,leg_cost_detail
SH00001,2026-09-28,Delta Plastics,MEM,TUL,E,803.2,87.0,MEM>TUL,2,214.13,80.0,28.0,43.41,151.41,62.72,29.3,MEM>TUL:$43.41
SH00002,2026-09-28,Ozark Building,SGF,STL,E,147.5,7.5,SGF>STL,2,31.66,80.0,28.0,1.97,109.97,-78.31,-247.3,SGF>STL:$1.97
SH00003,2026-09-28,Memphis Machinery,MEM,STL,P,2159.1,71.1,MEM>STL,2,633.32,80.0,28.0,23.27,131.27,502.05,79.3,MEM>STL:$23.27
SH00004,2026-09-28,Paper Mill Supply,STL,SGF,P,1303.2,70.8,STL>SGF,2,366.59,80.0,28.0,18.57,126.57,240.02,65.5,STL>SGF:$18.57
SH00005,2026-09-28,Memphis Machinery,MEM,TUL,E,2007.0,94.7,MEM>TUL,2,519.14,80.0,28.0,47.26,155.26,363.88,70.1,MEM>TUL:$47.26
SH00006,2026-09-28,KC Food Dist,MKC,TUL,P,1040.2,37.0,MKC>TUL,2,255.85,80.0,28.0,15.91,123.91,131.94,51.6,MKC>TUL:$15.91
SH00007,2026-09-28,Gateway Electronics,STL,MKC,E,530.4,49.2,STL>MKC,2,118.03,80.0,28.0,13.97,121.97,-3.94,-3.3,STL>MKC:$13.97
SH00008,2026-09-28,KC Food Dist,MKC,MEM,E,1517.6,58.7,MKC>MEM,2,380.6,80.0,28.0,24.31,132.31,248.29,65.2,MKC>MEM:$24.31
SH00009,2026-09-28,AutoParts Co,SGF,MKC,E,1488.3,74.9,SGF>MKC,2,267.13,80.0,28.0,12.55,120.55,146.58,54.9,SGF>MKC:$12.55
SH00010,2026-09-28,Gateway Electronics,STL,TUL,P,475.7,50.4,STL>TUL,2,138.27,80.0,28.0,61.3,169.3,-31.03,-22.4,STL>TUL:$61.30
SH00011,2026-09-28,Tulsa Beverage,TUL,MEM,P,1823.9,56.0,TUL>MEM,2,586.51,80.0,28.0,27.94,135.94,450.57,76.8,TUL>MEM:$27.94
SH00012,2026-09-28,Crossroads Retail,MKC,TUL,E,146.4,15.0,MKC>TUL,2,31.5,80.0,28.0,6.45,114.45,-82.95,-263.3,MKC>TUL:$6.45
SH00013,2026-09-28,AutoParts Co,SGF,MKC,E,1070.5,52.4,SGF>MKC,2,198.38,80.0,28.0,8.78,116.78,81.6,41.1,SGF>MKC:$8.78
SH00014,2026-09-28,Paper Mill Supply,STL,TUL,E,1663.2,104.2,STL>SGF>TUL,4,412.03,80.0,56.0,50.09,186.09,225.94,54.8,STL>SGF:$27.32;SGF>TUL:$22.77
SH00015,2026-09-28,Plains Pharma,TUL,STL,P,513.6,41.8,TUL>SGF>STL,4,141.88,80.0,56.0,20.09,156.09,-14.21,-10.0,TUL>SGF:$9.13;SGF>STL:$10.96
SH00016,2026-09-28,Tulsa Beverage,TUL,STL,E,1620.0,61.6,TUL>SGF>STL,4,427.24,80.0,56.0,29.61,165.61,261.63,61.2,TUL>SGF:$13.46;SGF>STL:$16.15
SH00017,2026-09-28,Delta Plastics,MEM,MKC,P,539.4,64.0,MEM>MKC,2,167.22,80.0,28.0,26.5,134.5,32.72,19.6,MEM>MKC:$26.50
SH00018,2026-09-28,Paper Mill Supply,STL,SGF,E,1215.1,66.8,STL>SGF,2,267.82,80.0,28.0,17.52,125.52,142.3,53.1,STL>SGF:$17.52
SH00019,2026-09-28,KC Food Dist,MKC,TUL,P,1980.1,62.2,MKC>TUL,2,470.4,80.0,28.0,26.75,134.75,335.65,71.4,MKC>TUL:$26.75
SH00020,2026-09-28,Gateway Electronics,STL,SGF,P,968.1,89.3,STL>SGF,2,234.03,80.0,28.0,23.42,131.42,102.61,43.8,STL>SGF:$23.42
SH00021,2026-09-28,Midwest Apparel,MKC,STL,E,569.4,68.4,MKC>STL,2,126.44,80.0,28.0,19.42,127.42,-0.98,-0.8,MKC>STL:$19.42
SH00022,2026-09-28,Delta Plastics,MEM,STL,E,228.4,21.9,MEM>STL,2,55.34,80.0,28.0,7.17,115.17,-59.83,-108.1,MEM>STL:$7.17
SH00023,2026-09-28,Tulsa Beverage,TUL,MKC,P,1914.8,79.4,TUL>MKC,2,493.38,80.0,28.0,34.15,142.15,351.23,71.2,TUL>MKC:$34.15
SH00024,2026-09-28,Tulsa Beverage,TUL,MEM,E,1005.2,32.9,TUL>SGF>MEM,4,271.94,80.0,56.0,16.74,152.74,119.2,43.8,TUL>SGF:$7.19;SGF>MEM:$9.55
SH00025,2026-09-28,Paper Mill Supply,STL,SGF,E,1738.8,88.3,STL>SGF,2,378.05,80.0,28.0,23.15,131.15,246.9,65.3,STL>SGF:$23.15
SH00026,2026-09-28,KC Food Dist,MKC,TUL,E,883.2,25.9,MKC>TUL,2,185.92,80.0,28.0,11.14,119.14,66.78,35.9,MKC>TUL:$11.14
SH00027,2026-09-28,AutoParts Co,SGF,MEM,E,777.7,33.0,SGF>MEM,2,165.54,80.0,28.0,9.58,117.58,47.96,29.0,SGF>MEM:$9.58
SH00028,2026-09-28,Tulsa Beverage,TUL,STL,E,392.2,14.6,TUL>SGF>STL,4,87.98,80.0,56.0,7.02,143.02,-55.04,-62.6,TUL>SGF:$3.19;SGF>STL:$3.83
SH00029,2026-09-28,Paper Mill Supply,STL,SGF,E,1401.6,65.6,STL>SGF,2,350.71,80.0,28.0,17.2,125.2,225.51,64.3,STL>SGF:$17.20
SH00030,2026-09-28,KC Food Dist,MKC,STL,E,2080.0,59.9,MKC>STL,2,387.02,80.0,28.0,17.01,125.01,262.01,67.7,MKC>STL:$17.01
SH00031,2026-09-28,Midwest Apparel,MKC,SGF,P,830.7,118.0,MKC>SGF,2,229.19,80.0,28.0,19.78,127.78,101.41,44.2,MKC>SGF:$19.78
SH00032,2026-09-28,Plains Pharma,TUL,MEM,P,791.9,63.1,TUL>MEM,2,245.11,80.0,28.0,31.49,139.49,105.62,43.1,TUL>MEM:$31.49
SH00033,2026-09-28,Paper Mill Supply,STL,MEM,E,1313.4,72.1,STL>MEM,2,294.96,80.0,28.0,23.6,131.6,163.36,55.4,STL>MEM:$23.60
SH00034,2026-09-28,Memphis Machinery,MEM,STL,E,1600.0,64.5,MEM>STL,2,307.61,80.0,28.0,21.11,129.11,178.5,58.0,MEM>STL:$21.11
SH00035,2026-09-28,AutoParts Co,SGF,MEM,P,231.4,10.4,SGF>MEM,2,66.15,80.0,28.0,3.02,111.02,-44.87,-67.8,SGF>MEM:$3.02
SH00036,2026-09-28,Paper Mill Supply,STL,MEM,P,506.2,29.9,STL>MEM,2,142.29,80.0,28.0,9.79,117.79,24.5,17.2,STL>MEM:$9.79
SH00037,2026-09-28,Midwest Apparel,MKC,SGF,E,753.2,99.0,MKC>SGF,2,152.11,80.0,28.0,16.59,124.59,27.52,18.1,MKC>SGF:$16.59
SH00038,2026-09-28,Paper Mill Supply,STL,MKC,P,1960.8,106.8,STL>MKC,2,502.29,80.0,28.0,30.32,138.32,363.97,72.5,STL>MKC:$30.32
SH00039,2026-09-28,Ozark Building,SGF,MEM,P,679.3,35.0,SGF>MEM,2,216.51,80.0,28.0,10.16,118.16,98.35,45.4,SGF>MEM:$10.16
SH00040,2026-09-28,Midwest Apparel,MKC,STL,E,521.4,62.3,MKC>STL,2,104.52,80.0,28.0,17.69,125.69,-21.17,-20.3,MKC>STL:$17.69
SH00041,2026-09-28,KC Food Dist,MKC,MEM,E,1281.3,48.6,MKC>MEM,2,345.52,80.0,28.0,20.13,128.13,217.39,62.9,MKC>MEM:$20.13
SH00042,2026-09-28,Midwest Apparel,MKC,STL,P,314.7,44.1,MKC>STL,2,78.84,80.0,28.0,12.52,120.52,-41.68,-52.9,MKC>STL:$12.52
SH00043,2026-09-28,Ozark Building,SGF,STL,E,1910.8,89.4,SGF>STL,2,409.62,80.0,28.0,23.44,131.44,278.18,67.9,SGF>STL:$23.44
SH00044,2026-09-28,Memphis Machinery,MEM,STL,E,1555.4,67.3,MEM>STL,2,313.67,80.0,28.0,22.03,130.03,183.64,58.5,MEM>STL:$22.03
SH00045,2026-09-28,Paper Mill Supply,STL,MKC,E,953.4,56.6,STL>MKC,2,197.38,80.0,28.0,16.07,124.07,73.31,37.1,STL>MKC:$16.07
SH00046,2026-09-28,Delta Plastics,MEM,SGF,P,1476.7,148.3,MEM>SGF,2,446.57,80.0,28.0,43.07,151.07,295.5,66.2,MEM>SGF:$43.07
SH00047,2026-09-28,Memphis Machinery,MEM,STL,E,2157.1,88.2,MEM>STL,2,479.1,80.0,28.0,28.87,136.87,342.23,71.4,MEM>STL:$28.87
SH00048,2026-09-28,Midwest Apparel,MKC,MEM,P,510.6,59.9,MKC>MEM,2,152.09,80.0,28.0,24.81,132.81,19.28,12.7,MKC>MEM:$24.81
SH00049,2026-09-28,Midwest Apparel,MKC,STL,E,346.3,40.6,MKC>STL,2,84.27,80.0,28.0,11.53,119.53,-35.26,-41.8,MKC>STL:$11.53
SH00050,2026-09-28,AutoParts Co,SGF,MKC,P,1184.3,54.1,SGF>MKC,2,319.12,80.0,28.0,9.07,117.07,202.05,63.3,SGF>MKC:$9.07
SH00051,2026-09-28,Gateway Electronics,STL,TUL,P,735.3,66.9,STL>TUL,2,208.57,80.0,28.0,81.37,189.37,19.2,9.2,STL>TUL:$81.37
SH00052,2026-09-28,Memphis Machinery,MEM,SGF,P,1564.7,71.7,MEM>SGF,2,430.21,80.0,28.0,20.82,128.82,301.39,70.1,MEM>SGF:$20.82
SH00053,2026-09-28,AutoParts Co,SGF,MEM,P,329.9,15.0,SGF>MEM,2,90.14,80.0,28.0,4.36,112.36,-22.22,-24.6,SGF>MEM:$4.36
SH00054,2026-09-28,Plains Pharma,TUL,SGF,P,325.5,29.7,TUL>SGF,2,77.96,80.0,28.0,6.49,114.49,-36.53,-46.9,TUL>SGF:$6.49
SH00055,2026-09-28,AutoParts Co,SGF,STL,E,862.5,38.3,SGF>STL,2,162.46,80.0,28.0,10.04,118.04,44.42,27.3,SGF>STL:$10.04
SH00056,2026-09-28,AutoParts Co,SGF,TUL,P,1195.4,55.7,SGF>TUL,2,294.52,80.0,28.0,12.17,120.17,174.35,59.2,SGF>TUL:$12.17
SH00057,2026-09-28,Delta Plastics,MEM,STL,P,347.3,38.9,MEM>STL,2,110.26,80.0,28.0,12.73,120.73,-10.47,-9.5,MEM>STL:$12.73
SH00058,2026-09-28,Tulsa Beverage,TUL,MEM,P,925.4,35.3,TUL>MEM,2,292.55,80.0,28.0,17.61,125.61,166.94,57.1,TUL>MEM:$17.61
SH00059,2026-09-28,Ozark Furniture,SGF,STL,E,922.7,143.9,SGF>STL,2,219.39,80.0,28.0,37.73,145.73,73.66,33.6,SGF>STL:$37.73
SH00060,2026-09-28,Midwest Apparel,MKC,TUL,P,638.0,78.8,MKC>TUL,2,164.5,80.0,28.0,33.89,141.89,22.61,13.7,MKC>TUL:$33.89
SH00061,2026-09-28,Memphis Machinery,MEM,STL,E,1906.5,79.9,MEM>STL,2,439.56,80.0,28.0,26.15,134.15,305.41,69.5,MEM>STL:$26.15
SH00062,2026-09-28,Midwest Apparel,MKC,MEM,P,537.0,71.1,MKC>MEM,2,176.22,80.0,28.0,29.44,137.44,38.78,22.0,MKC>MEM:$29.44
SH00063,2026-09-28,Midwest Apparel,MKC,SGF,E,563.0,72.2,MKC>SGF,2,111.98,80.0,28.0,12.1,120.1,-8.12,-7.3,MKC>SGF:$12.10
SH00064,2026-09-28,Delta Plastics,MEM,MKC,P,1015.6,115.8,MEM>MKC,2,291.92,80.0,28.0,47.96,155.96,135.96,46.6,MEM>MKC:$47.96
SH00065,2026-09-28,AutoParts Co,SGF,TUL,P,924.5,38.2,SGF>TUL,2,244.97,80.0,28.0,8.35,116.35,128.62,52.5,SGF>TUL:$8.35
SH00066,2026-09-28,Tulsa Beverage,TUL,SGF,E,1651.9,54.7,TUL>SGF,2,355.85,80.0,28.0,11.95,119.95,235.9,66.3,TUL>SGF:$11.95
SH00067,2026-09-28,Crossroads Retail,MKC,STL,P,578.0,49.1,MKC>STL,2,163.85,80.0,28.0,13.94,121.94,41.91,25.6,MKC>STL:$13.94
SH00068,2026-09-28,Tulsa Beverage,TUL,SGF,E,2186.4,81.1,TUL>SGF,2,416.66,80.0,28.0,17.72,125.72,290.94,69.8,TUL>SGF:$17.72
SH00069,2026-09-28,Tulsa Beverage,TUL,SGF,P,1365.2,48.9,TUL>SGF,2,392.03,80.0,28.0,10.68,118.68,273.35,69.7,TUL>SGF:$10.68
SH00070,2026-09-28,Midwest Apparel,MKC,STL,P,195.1,20.8,MKC>STL,2,55.59,80.0,28.0,5.91,113.91,-58.32,-104.9,MKC>STL:$5.91
SH00071,2026-09-28,Plains Pharma,TUL,MKC,P,542.7,46.6,TUL>MKC,2,136.1,80.0,28.0,20.04,128.04,8.06,5.9,TUL>MKC:$20.04
SH00072,2026-09-28,KC Food Dist,MKC,MEM,P,1284.3,42.0,MKC>MEM,2,361.41,80.0,28.0,17.39,125.39,236.02,65.3,MKC>MEM:$17.39
SH00073,2026-09-28,Paper Mill Supply,STL,MKC,E,309.7,18.8,STL>MKC,2,71.28,80.0,28.0,5.34,113.34,-42.06,-59.0,STL>MKC:$5.34
SH00074,2026-09-28,Ozark Building,SGF,MEM,P,2236.9,105.2,SGF>MEM,2,610.6,80.0,28.0,30.55,138.55,472.05,77.3,SGF>MEM:$30.55
SH00075,2026-09-28,Ozark Furniture,SGF,MKC,E,1248.3,197.9,SGF>MKC,2,257.57,80.0,28.0,33.17,141.17,116.4,45.2,SGF>MKC:$33.17
SH00076,2026-09-28,Memphis Machinery,MEM,MKC,P,1127.7,42.8,MEM>MKC,2,341.67,80.0,28.0,17.72,125.72,215.95,63.2,MEM>MKC:$17.72
SH00077,2026-09-28,Delta Plastics,MEM,SGF,E,1200.9,139.2,MEM>SGF,2,287.57,80.0,28.0,40.42,148.42,139.15,48.4,MEM>SGF:$40.42
SH00078,2026-09-28,Tulsa Beverage,TUL,STL,P,1501.6,61.9,TUL>SGF>STL,4,414.56,80.0,56.0,29.76,165.76,248.8,60.0,TUL>SGF:$13.53;SGF>STL:$16.23
SH00079,2026-09-28,Memphis Machinery,MEM,TUL,E,1629.3,52.3,MEM>TUL,2,433.4,80.0,28.0,26.1,134.1,299.3,69.1,MEM>TUL:$26.10
SH00080,2026-09-28,Paper Mill Supply,STL,MEM,P,1486.4,93.5,STL>MEM,2,319.7,80.0,28.0,30.6,138.6,181.1,56.6,STL>MEM:$30.60
SH00081,2026-09-28,AutoParts Co,SGF,MEM,P,919.8,36.1,SGF>MEM,2,276.98,80.0,28.0,10.48,118.48,158.5,57.2,SGF>MEM:$10.48
SH00082,2026-09-28,Crossroads Retail,MKC,STL,E,1295.3,141.0,MKC>STL,2,328.88,80.0,28.0,40.03,148.03,180.85,55.0,MKC>STL:$40.03
SH00083,2026-09-28,Memphis Machinery,MEM,STL,E,2262.9,85.4,MEM>STL,2,585.79,80.0,28.0,27.95,135.95,449.84,76.8,MEM>STL:$27.95
SH00084,2026-09-28,KC Food Dist,MKC,SGF,E,1580.5,56.0,MKC>SGF,2,296.36,80.0,28.0,9.39,117.39,178.97,60.4,MKC>SGF:$9.39
SH00085,2026-09-28,Gateway Electronics,STL,TUL,P,80.0,7.3,STL>TUL,2,24.75,80.0,28.0,8.88,116.88,-92.13,-372.2,STL>TUL:$8.88
SH00086,2026-09-28,Crossroads Retail,MKC,SGF,E,370.3,34.8,MKC>SGF,2,67.52,80.0,28.0,5.83,113.83,-46.31,-68.6,MKC>SGF:$5.83
SH00087,2026-09-28,KC Food Dist,MKC,STL,P,2399.2,77.3,MKC>STL,2,634.65,80.0,28.0,21.95,129.95,504.7,79.5,MKC>STL:$21.95
SH00088,2026-09-28,Delta Plastics,MEM,TUL,P,365.9,37.8,MEM>TUL,2,105.69,80.0,28.0,18.86,126.86,-21.17,-20.0,MEM>TUL:$18.86
SH00089,2026-09-28,KC Food Dist,MKC,TUL,P,1128.4,33.0,MKC>TUL,2,309.36,80.0,28.0,14.19,122.19,187.17,60.5,MKC>TUL:$14.19
SH00090,2026-09-28,Tulsa Beverage,TUL,MEM,P,1796.6,59.8,TUL>MEM,2,567.52,80.0,28.0,29.84,137.84,429.68,75.7,TUL>MEM:$29.84
SH00091,2026-09-28,Delta Plastics,MEM,STL,P,445.1,44.5,MEM>STL,2,100.63,80.0,28.0,14.56,122.56,-21.93,-21.8,MEM>STL:$14.56
SH00092,2026-09-28,Midwest Apparel,MKC,TUL,P,729.8,96.1,MKC>TUL,2,216.2,80.0,28.0,41.33,149.33,66.87,30.9,MKC>TUL:$41.33
SH00093,2026-09-28,KC Food Dist,MKC,STL,P,1525.8,52.2,MKC>STL,2,437.83,80.0,28.0,14.82,122.82,315.01,71.9,MKC>STL:$14.82
SH00094,2026-09-28,Memphis Machinery,MEM,STL,E,3098.5,123.4,MEM>STL,2,781.13,80.0,28.0,40.39,148.39,632.74,81.0,MEM>STL:$40.39
SH00095,2026-09-28,Ozark Building,SGF,STL,E,1063.1,53.1,SGF>STL,2,214.36,80.0,28.0,13.92,121.92,92.44,43.1,SGF>STL:$13.92
SH00096,2026-09-28,Plains Pharma,TUL,MKC,E,469.4,45.5,TUL>SGF>MKC,4,104.32,80.0,56.0,17.57,153.57,-49.25,-47.2,TUL>SGF:$9.94;SGF>MKC:$7.63
SH00097,2026-09-28,Gateway Electronics,STL,MEM,E,523.5,47.5,STL>MEM,2,127.46,80.0,28.0,15.55,123.55,3.91,3.1,STL>MEM:$15.55
SH00098,2026-09-28,KC Food Dist,MKC,STL,P,1804.8,63.2,MKC>STL,2,425.29,80.0,28.0,17.94,125.94,299.35,70.4,MKC>STL:$17.94
SH00099,2026-09-28,Delta Plastics,MEM,STL,P,1003.3,107.7,MEM>STL,2,296.35,80.0,28.0,35.25,143.25,153.1,51.7,MEM>STL:$35.25
SH00100,2026-09-28,Gateway Electronics,STL,SGF,P,478.3,51.1,STL>SGF,2,134.96,80.0,28.0,13.4,121.4,13.56,10.0,STL>SGF:$13.40
SH00101,2026-09-28,AutoParts Co,SGF,MKC,E,728.5,37.5,SGF>MKC,2,151.74,80.0,28.0,6.29,114.29,37.45,24.7,SGF>MKC:$6.29
SH00102,2026-09-28,Gateway Electronics,STL,TUL,E,542.6,53.0,STL>SGF>TUL,4,139.28,80.0,56.0,25.48,161.48,-22.2,-15.9,STL>SGF:$13.90;SGF>TUL:$11.58
SH00103,2026-09-28,Crossroads Retail,MKC,MEM,E,761.4,74.6,MKC>MEM,2,180.75,80.0,28.0,30.89,138.89,41.86,23.2,MKC>MEM:$30.89
SH00104,2026-09-28,Midwest Apparel,MKC,TUL,E,602.5,76.8,MKC>TUL,2,133.43,80.0,28.0,33.03,141.03,-7.6,-5.7,MKC>TUL:$33.03
SH00105,2026-09-28,Memphis Machinery,MEM,SGF,P,1084.5,41.5,MEM>SGF,2,305.03,80.0,28.0,12.05,120.05,184.98,60.6,MEM>SGF:$12.05
SH00106,2026-09-28,Tulsa Beverage,TUL,SGF,E,1790.3,76.0,TUL>SGF,2,295.76,80.0,28.0,16.61,124.61,171.15,57.9,TUL>SGF:$16.61
SH00107,2026-09-28,Ozark Building,SGF,MEM,P,1253.0,69.9,SGF>MEM,2,355.72,80.0,28.0,20.3,128.3,227.42,63.9,SGF>MEM:$20.30
SH00108,2026-09-28,AutoParts Co,SGF,STL,P,1230.1,52.5,SGF>STL,2,339.65,80.0,28.0,13.77,121.77,217.88,64.1,SGF>STL:$13.77
SH00109,2026-09-28,Delta Plastics,MEM,STL,P,590.6,72.2,MEM>STL,2,171.4,80.0,28.0,23.63,131.63,39.77,23.2,MEM>STL:$23.63
SH00110,2026-09-28,AutoParts Co,SGF,MKC,E,480.7,25.7,SGF>MKC,2,98.54,80.0,28.0,4.31,112.31,-13.77,-14.0,SGF>MKC:$4.31
SH00111,2026-09-28,Plains Pharma,TUL,SGF,E,678.5,53.2,TUL>SGF,2,133.24,80.0,28.0,11.62,119.62,13.62,10.2,TUL>SGF:$11.62
SH00112,2026-09-28,Tulsa Beverage,TUL,MEM,P,634.5,19.9,TUL>MEM,2,200.69,80.0,28.0,9.93,117.93,82.76,41.2,TUL>MEM:$9.93
SH00113,2026-09-28,Paper Mill Supply,STL,MKC,P,524.7,29.2,STL>MKC,2,157.5,80.0,28.0,8.29,116.29,41.21,26.2,STL>MKC:$8.29
SH00114,2026-09-28,KC Food Dist,MKC,TUL,P,2081.3,63.0,MKC>TUL,2,568.37,80.0,28.0,27.09,135.09,433.28,76.2,MKC>TUL:$27.09
SH00115,2026-09-28,Midwest Apparel,MKC,TUL,P,505.8,69.6,MKC>TUL,2,139.43,80.0,28.0,29.93,137.93,1.5,1.1,MKC>TUL:$29.93
SH00116,2026-09-28,Ozark Furniture,SGF,STL,P,1013.6,116.7,SGF>STL,2,283.09,80.0,28.0,30.6,138.6,144.49,51.0,SGF>STL:$30.60
SH00117,2026-09-28,Tulsa Beverage,TUL,MKC,P,1355.5,50.6,TUL>MKC,2,348.27,80.0,28.0,21.76,129.76,218.51,62.7,TUL>MKC:$21.76
SH00118,2026-09-28,Memphis Machinery,MEM,STL,E,1830.3,86.0,MEM>STL,2,424.65,80.0,28.0,28.15,136.15,288.5,67.9,MEM>STL:$28.15
SH00119,2026-09-28,Ozark Building,SGF,MKC,P,1128.3,51.0,SGF>MKC,2,261.58,80.0,28.0,8.55,116.55,145.03,55.4,SGF>MKC:$8.55
SH00120,2026-09-28,Gateway Electronics,STL,MEM,E,338.9,34.7,STL>MEM,2,78.47,80.0,28.0,11.36,119.36,-40.89,-52.1,STL>MEM:$11.36
SH00121,2026-09-28,Ozark Furniture,SGF,TUL,P,1146.8,144.2,SGF>TUL,2,305.19,80.0,28.0,31.51,139.51,165.68,54.3,SGF>TUL:$31.51
SH00122,2026-09-28,Midwest Apparel,MKC,STL,P,609.7,78.2,MKC>STL,2,162.25,80.0,28.0,22.2,130.2,32.05,19.8,MKC>STL:$22.20
SH00123,2026-09-28,Gateway Electronics,STL,MEM,E,533.9,56.8,STL>MEM,2,133.88,80.0,28.0,18.59,126.59,7.29,5.4,STL>MEM:$18.59
SH00124,2026-09-28,Tulsa Beverage,TUL,MEM,E,1274.2,45.9,TUL>SGF>MEM,4,313.26,80.0,56.0,23.36,159.36,153.9,49.1,TUL>SGF:$10.03;SGF>MEM:$13.33
SH00125,2026-09-28,Crossroads Retail,MKC,TUL,E,753.3,62.5,MKC>TUL,2,159.24,80.0,28.0,26.88,134.88,24.36,15.3,MKC>TUL:$26.88
SH00126,2026-09-28,Tulsa Beverage,TUL,SGF,P,1686.0,62.3,TUL>SGF,2,445.84,80.0,28.0,13.61,121.61,324.23,72.7,TUL>SGF:$13.61
SH00127,2026-09-28,KC Food Dist,MKC,MEM,P,1807.9,60.5,MKC>MEM,2,545.23,80.0,28.0,25.05,133.05,412.18,75.6,MKC>MEM:$25.05
SH00128,2026-09-28,AutoParts Co,SGF,MEM,P,870.9,41.4,SGF>MEM,2,257.57,80.0,28.0,12.02,120.02,137.55,53.4,SGF>MEM:$12.02
SH00129,2026-09-28,Tulsa Beverage,TUL,MEM,P,1281.3,41.0,TUL>MEM,2,403.63,80.0,28.0,20.46,128.46,275.17,68.2,TUL>MEM:$20.46
SH00130,2026-09-28,Ozark Furniture,SGF,MKC,E,932.3,127.9,SGF>MKC,2,226.89,80.0,28.0,21.44,129.44,97.45,43.0,SGF>MKC:$21.44
SH00131,2026-09-28,KC Food Dist,MKC,STL,E,1348.9,44.6,MKC>STL,2,331.41,80.0,28.0,12.66,120.66,210.75,63.6,MKC>STL:$12.66
SH00132,2026-09-28,Gateway Electronics,STL,SGF,P,237.7,19.7,STL>SGF,2,60.03,80.0,28.0,5.17,113.17,-53.14,-88.5,STL>SGF:$5.17
SH00133,2026-09-28,Gateway Electronics,STL,MEM,P,244.0,23.6,STL>MEM,2,57.8,80.0,28.0,7.72,115.72,-57.92,-100.2,STL>MEM:$7.72
SH00134,2026-09-28,AutoParts Co,SGF,MKC,P,885.9,36.8,SGF>MKC,2,207.35,80.0,28.0,6.17,114.17,93.18,44.9,SGF>MKC:$6.17
SH00135,2026-09-28,Ozark Furniture,SGF,TUL,E,964.6,134.9,SGF>TUL,2,207.14,80.0,28.0,29.48,137.48,69.66,33.6,SGF>TUL:$29.48
SH00136,2026-09-28,KC Food Dist,MKC,MEM,P,1245.2,42.7,MKC>MEM,2,383.86,80.0,28.0,17.68,125.68,258.18,67.3,MKC>MEM:$17.68
SH00137,2026-09-28,Memphis Machinery,MEM,MKC,E,997.2,36.0,MEM>MKC,2,218.75,80.0,28.0,14.91,122.91,95.84,43.8,MEM>MKC:$14.91
SH00138,2026-09-28,KC Food Dist,MKC,SGF,P,1172.4,46.2,MKC>SGF,2,300.44,80.0,28.0,7.74,115.74,184.7,61.5,MKC>SGF:$7.74
SH00139,2026-09-28,Midwest Apparel,MKC,SGF,P,513.0,73.7,MKC>SGF,2,127.04,80.0,28.0,12.35,120.35,6.69,5.3,MKC>SGF:$12.35
SH00140,2026-09-28,Gateway Electronics,STL,MKC,P,178.2,21.1,STL>MKC,2,45.95,80.0,28.0,5.99,113.99,-68.04,-148.1,STL>MKC:$5.99
SH00141,2026-09-28,Delta Plastics,MEM,TUL,P,275.8,30.9,MEM>TUL,2,84.95,80.0,28.0,15.42,123.42,-38.47,-45.3,MEM>TUL:$15.42
SH00142,2026-09-28,Gateway Electronics,STL,TUL,P,672.2,63.2,STL>TUL,2,214.96,80.0,28.0,76.87,184.87,30.09,14.0,STL>TUL:$76.87
SH00143,2026-09-28,Crossroads Retail,MKC,TUL,P,963.8,90.3,MKC>TUL,2,259.06,80.0,28.0,38.84,146.84,112.22,43.3,MKC>TUL:$38.84
SH00144,2026-09-28,Crossroads Retail,MKC,STL,E,790.7,72.9,MKC>STL,2,189.81,80.0,28.0,20.7,128.7,61.11,32.2,MKC>STL:$20.70
SH00145,2026-09-28,Gateway Electronics,STL,MEM,E,361.0,33.9,STL>MEM,2,96.92,80.0,28.0,11.09,119.09,-22.17,-22.9,STL>MEM:$11.09
SH00146,2026-09-28,AutoParts Co,SGF,MKC,P,442.7,19.8,SGF>MKC,2,116.58,80.0,28.0,3.32,111.32,5.26,4.5,SGF>MKC:$3.32
SH00147,2026-09-28,Crossroads Retail,MKC,SGF,E,669.6,63.5,MKC>SGF,2,148.33,80.0,28.0,10.64,118.64,29.69,20.0,MKC>SGF:$10.64
SH00148,2026-09-28,Paper Mill Supply,STL,SGF,P,788.8,45.5,STL>SGF,2,209.33,80.0,28.0,11.93,119.93,89.4,42.7,STL>SGF:$11.93
SH00149,2026-09-28,Paper Mill Supply,STL,SGF,E,944.7,53.3,STL>SGF,2,232.9,80.0,28.0,13.98,121.98,110.92,47.6,STL>SGF:$13.98
SH00150,2026-09-28,Ozark Building,SGF,TUL,E,1991.5,104.1,SGF>TUL,2,431.56,80.0,28.0,22.75,130.75,300.81,69.7,SGF>TUL:$22.75
SH00151,2026-09-28,Paper Mill Supply,STL,MKC,P,1881.8,113.0,STL>MKC,2,511.67,80.0,28.0,32.08,140.08,371.59,72.6,STL>MKC:$32.08
SH00152,2026-09-28,Paper Mill Supply,STL,MEM,P,1121.8,68.1,STL>MEM,2,338.06,80.0,28.0,22.29,130.29,207.77,61.5,STL>MEM:$22.29
SH00153,2026-09-28,Memphis Machinery,MEM,SGF,P,1100.5,46.5,MEM>SGF,2,345.55,80.0,28.0,13.5,121.5,224.05,64.8,MEM>SGF:$13.50
SH00154,2026-09-28,Paper Mill Supply,STL,SGF,P,780.9,45.7,STL>SGF,2,198.86,80.0,28.0,11.98,119.98,78.88,39.7,STL>SGF:$11.98
SH00155,2026-09-28,Tulsa Beverage,TUL,MEM,P,2299.5,75.7,TUL>MEM,2,636.13,80.0,28.0,37.77,145.77,490.36,77.1,TUL>MEM:$37.77
SH00156,2026-09-28,Gateway Electronics,STL,TUL,E,735.4,59.3,STL>SGF>TUL,4,187.99,80.0,56.0,28.51,164.51,23.48,12.5,STL>SGF:$15.55;SGF>TUL:$12.96
SH00157,2026-09-28,KC Food Dist,MKC,STL,P,1281.3,41.1,MKC>STL,2,357.7,80.0,28.0,11.67,119.67,238.03,66.5,MKC>STL:$11.67
SH00158,2026-09-28,Delta Plastics,MEM,STL,P,968.5,120.7,MEM>STL,2,279.39,80.0,28.0,39.5,147.5,131.89,47.2,MEM>STL:$39.50
SH00159,2026-09-28,Memphis Machinery,MEM,MKC,E,2169.3,89.2,MEM>MKC,2,449.41,80.0,28.0,36.94,144.94,304.47,67.7,MEM>MKC:$36.94
SH00160,2026-09-28,Ozark Furniture,SGF,MEM,P,585.3,80.8,SGF>MEM,2,170.69,80.0,28.0,23.47,131.47,39.22,23.0,SGF>MEM:$23.47
SH00161,2026-09-28,Paper Mill Supply,STL,SGF,P,691.9,45.0,STL>SGF,2,177.56,80.0,28.0,11.8,119.8,57.76,32.5,STL>SGF:$11.80
SH00162,2026-09-28,AutoParts Co,SGF,TUL,E,801.4,39.8,SGF>TUL,2,177.28,80.0,28.0,8.7,116.7,60.58,34.2,SGF>TUL:$8.70
SH00163,2026-09-28,Gateway Electronics,STL,MEM,E,571.7,59.2,STL>MEM,2,136.01,80.0,28.0,19.37,127.37,8.64,6.3,STL>MEM:$19.37
SH00164,2026-09-28,Paper Mill Supply,STL,MEM,E,882.4,44.5,STL>MEM,2,183.07,80.0,28.0,14.56,122.56,60.51,33.1,STL>MEM:$14.56
SH00165,2026-09-28,Ozark Furniture,SGF,STL,E,698.6,87.9,SGF>STL,2,154.87,80.0,28.0,23.05,131.05,23.82,15.4,SGF>STL:$23.05
SH00166,2026-09-28,Memphis Machinery,MEM,SGF,P,751.1,27.3,MEM>SGF,2,222.5,80.0,28.0,7.93,115.93,106.57,47.9,MEM>SGF:$7.93
SH00167,2026-09-28,Crossroads Retail,MKC,SGF,P,819.7,68.6,MKC>SGF,2,224.12,80.0,28.0,11.5,119.5,104.62,46.7,MKC>SGF:$11.50
SH00168,2026-09-28,Gateway Electronics,STL,MKC,P,726.2,86.2,STL>MKC,2,179.27,80.0,28.0,24.47,132.47,46.8,26.1,STL>MKC:$24.47
SH00169,2026-09-28,Crossroads Retail,MKC,MEM,P,502.7,41.6,MKC>MEM,2,144.71,80.0,28.0,17.23,125.23,19.48,13.5,MKC>MEM:$17.23
SH00170,2026-09-28,KC Food Dist,MKC,STL,P,957.7,27.2,MKC>STL,2,264.85,80.0,28.0,7.72,115.72,149.13,56.3,MKC>STL:$7.72
SH00171,2026-09-28,Delta Plastics,MEM,STL,E,947.4,106.9,MEM>STL,2,244.98,80.0,28.0,34.99,142.99,101.99,41.6,MEM>STL:$34.99
SH00172,2026-09-28,Delta Plastics,MEM,STL,P,502.7,49.4,MEM>STL,2,140.19,80.0,28.0,16.17,124.17,16.02,11.4,MEM>STL:$16.17
SH00173,2026-09-28,Ozark Building,SGF,STL,E,368.1,18.5,SGF>STL,2,77.94,80.0,28.0,4.85,112.85,-34.91,-44.8,SGF>STL:$4.85
SH00174,2026-09-28,AutoParts Co,SGF,MKC,P,1186.1,60.0,SGF>MKC,2,355.64,80.0,28.0,10.06,118.06,237.58,66.8,SGF>MKC:$10.06
SH00175,2026-09-28,Gateway Electronics,STL,MEM,E,927.9,84.2,STL>MEM,2,235.85,80.0,28.0,27.56,135.56,100.29,42.5,STL>MEM:$27.56
SH00176,2026-09-28,Ozark Furniture,SGF,STL,P,774.9,106.3,SGF>STL,2,190.15,80.0,28.0,27.87,135.87,54.28,28.5,SGF>STL:$27.87
SH00177,2026-09-28,AutoParts Co,SGF,MKC,E,1210.6,43.2,SGF>MKC,2,262.51,80.0,28.0,7.24,115.24,147.27,56.1,SGF>MKC:$7.24
SH00178,2026-09-28,Plains Pharma,TUL,MEM,P,608.9,45.0,TUL>MEM,2,178.09,80.0,28.0,22.45,130.45,47.64,26.7,TUL>MEM:$22.45
SH00179,2026-09-28,Ozark Building,SGF,MKC,E,1137.8,61.1,SGF>MKC,2,210.03,80.0,28.0,10.24,118.24,91.79,43.7,SGF>MKC:$10.24
SH00180,2026-09-28,Delta Plastics,MEM,MKC,E,902.8,104.5,MEM>MKC,2,204.44,80.0,28.0,43.28,151.28,53.16,26.0,MEM>MKC:$43.28
SH00181,2026-09-28,KC Food Dist,MKC,SGF,E,844.2,29.6,MKC>SGF,2,195.13,80.0,28.0,4.96,112.96,82.17,42.1,MKC>SGF:$4.96
SH00182,2026-09-28,Paper Mill Supply,STL,MEM,E,480.0,25.8,STL>MEM,2,122.09,80.0,28.0,8.44,116.44,5.65,4.6,STL>MEM:$8.44
SH00183,2026-09-28,Ozark Furniture,SGF,MKC,E,276.3,39.6,SGF>MKC,2,45.6,80.0,28.0,6.64,114.64,-69.04,-151.4,SGF>MKC:$6.64
SH00184,2026-09-28,KC Food Dist,MKC,STL,P,715.5,23.7,MKC>STL,2,204.52,80.0,28.0,6.73,114.73,89.79,43.9,MKC>STL:$6.73
SH00185,2026-09-28,Plains Pharma,TUL,MKC,P,596.6,51.3,TUL>MKC,2,152.43,80.0,28.0,22.06,130.06,22.37,14.7,TUL>MKC:$22.06
SH00186,2026-09-28,AutoParts Co,SGF,MKC,E,461.7,20.8,SGF>MKC,2,87.03,80.0,28.0,3.49,111.49,-24.46,-28.1,SGF>MKC:$3.49
SH00187,2026-09-28,Ozark Furniture,SGF,MEM,E,1817.2,272.5,SGF>MEM,2,486.74,80.0,28.0,79.14,187.14,299.6,61.6,SGF>MEM:$79.14
SH00188,2026-09-28,AutoParts Co,SGF,STL,P,887.2,39.0,SGF>STL,2,232.53,80.0,28.0,10.23,118.23,114.3,49.2,SGF>STL:$10.23
SH00189,2026-09-28,Memphis Machinery,MEM,TUL,E,1435.5,62.7,MEM>TUL,2,373.51,80.0,28.0,31.29,139.29,234.22,62.7,MEM>TUL:$31.29
SH00190,2026-09-28,Memphis Machinery,MEM,SGF,E,1555.9,64.6,MEM>SGF,2,378.34,80.0,28.0,18.76,126.76,251.58,66.5,MEM>SGF:$18.76
SH00191,2026-09-28,Plains Pharma,TUL,MKC,P,493.1,40.0,TUL>MKC,2,137.2,80.0,28.0,17.2,125.2,12.0,8.7,TUL>MKC:$17.20
SH00192,2026-09-28,Midwest Apparel,MKC,MEM,P,260.8,35.1,MKC>MEM,2,85.85,80.0,28.0,14.54,122.54,-36.69,-42.7,MKC>MEM:$14.54
SH00193,2026-09-28,Midwest Apparel,MKC,STL,P,546.7,79.4,MKC>STL,2,140.67,80.0,28.0,22.54,130.54,10.13,7.2,MKC>STL:$22.54
SH00194,2026-09-28,Paper Mill Supply,STL,MEM,E,613.5,40.0,STL>MEM,2,136.15,80.0,28.0,13.09,121.09,15.06,11.1,STL>MEM:$13.09
SH00195,2026-09-28,AutoParts Co,SGF,MEM,P,857.8,46.9,SGF>MEM,2,252.06,80.0,28.0,13.62,121.62,130.44,51.7,SGF>MEM:$13.62
SH00196,2026-09-28,Ozark Building,SGF,MKC,P,2104.3,104.2,SGF>MKC,2,587.26,80.0,28.0,17.47,125.47,461.79,78.6,SGF>MKC:$17.47
SH00197,2026-09-28,Plains Pharma,TUL,SGF,E,663.3,48.7,TUL>SGF,2,136.21,80.0,28.0,10.64,118.64,17.57,12.9,TUL>SGF:$10.64
SH00198,2026-09-28,Delta Plastics,MEM,TUL,E,553.1,66.6,MEM>TUL,2,125.14,80.0,28.0,33.23,141.23,-16.09,-12.9,MEM>TUL:$33.23
SH00199,2026-09-28,Ozark Building,SGF,MEM,E,878.0,41.4,SGF>MEM,2,222.21,80.0,28.0,12.02,120.02,102.19,46.0,SGF>MEM:$12.02
SH00200,2026-09-28,Gateway Electronics,STL,MKC,P,419.8,43.3,STL>MKC,2,117.28,80.0,28.0,12.29,120.29,-3.01,-2.6,STL>MKC:$12.29
SH00201,2026-09-28,Crossroads Retail,MKC,TUL,E,879.1,76.6,MKC>TUL,2,201.39,80.0,28.0,32.94,140.94,60.45,30.0,MKC>TUL:$32.94
SH00202,2026-09-28,Ozark Furniture,SGF,TUL,E,913.1,114.5,SGF>TUL,2,191.38,80.0,28.0,25.02,133.02,58.36,30.5,SGF>TUL:$25.02
SH00203,2026-09-28,Plains Pharma,TUL,MEM,P,212.6,16.9,TUL>MEM,2,70.3,80.0,28.0,8.43,116.43,-46.13,-65.6,TUL>MEM:$8.43
SH00204,2026-09-28,Tulsa Beverage,TUL,SGF,E,1238.7,45.8,TUL>SGF,2,251.31,80.0,28.0,10.01,118.01,133.3,53.0,TUL>SGF:$10.01
SH00205,2026-09-28,Ozark Building,SGF,MEM,E,2528.2,129.4,SGF>MEM,2,581.93,80.0,28.0,37.58,145.58,436.35,75.0,SGF>MEM:$37.58
SH00206,2026-09-28,Paper Mill Supply,STL,SGF,P,1143.7,64.8,STL>SGF,2,272.89,80.0,28.0,16.99,124.99,147.9,54.2,STL>SGF:$16.99
SH00207,2026-09-28,Memphis Machinery,MEM,SGF,E,1684.0,60.8,MEM>SGF,2,309.46,80.0,28.0,17.66,125.66,183.8,59.4,MEM>SGF:$17.66
SH00208,2026-09-28,Ozark Building,SGF,MEM,P,2041.5,109.6,SGF>MEM,2,556.23,80.0,28.0,31.83,139.83,416.4,74.9,SGF>MEM:$31.83
SH00209,2026-09-28,Gateway Electronics,STL,SGF,P,539.4,51.3,STL>SGF,2,140.31,80.0,28.0,13.45,121.45,18.86,13.4,STL>SGF:$13.45
SH00210,2026-09-28,Paper Mill Supply,STL,MEM,E,530.6,24.0,STL>MEM,2,127.84,80.0,28.0,7.85,115.85,11.99,9.4,STL>MEM:$7.85
SH00211,2026-09-28,Gateway Electronics,STL,MKC,P,664.0,57.9,STL>MKC,2,186.23,80.0,28.0,16.44,124.44,61.79,33.2,STL>MKC:$16.44
SH00212,2026-09-28,Memphis Machinery,MEM,MKC,P,1642.3,67.4,MEM>MKC,2,452.18,80.0,28.0,27.91,135.91,316.27,69.9,MEM>MKC:$27.91
SH00213,2026-09-28,Gateway Electronics,STL,MEM,P,299.4,31.7,STL>MEM,2,96.39,80.0,28.0,10.37,118.37,-21.98,-22.8,STL>MEM:$10.37
SH00214,2026-09-28,Ozark Furniture,SGF,MEM,E,1144.1,172.5,SGF>MEM,2,264.79,80.0,28.0,50.1,158.1,106.69,40.3,SGF>MEM:$50.10
SH00215,2026-09-28,KC Food Dist,MKC,SGF,E,2063.1,57.4,MKC>SGF,2,473.71,80.0,28.0,9.62,117.62,356.09,75.2,MKC>SGF:$9.62
SH00216,2026-09-28,Tulsa Beverage,TUL,STL,E,1937.8,60.5,TUL>SGF>STL,4,441.13,80.0,56.0,29.08,165.08,276.05,62.6,TUL>SGF:$13.22;SGF>STL:$15.86
SH00217,2026-09-28,Plains Pharma,TUL,MKC,P,571.5,34.7,TUL>MKC,2,181.79,80.0,28.0,14.92,122.92,58.87,32.4,TUL>MKC:$14.92
SH00218,2026-09-28,Midwest Apparel,MKC,SGF,P,485.5,52.8,MKC>SGF,2,107.81,80.0,28.0,8.85,116.85,-9.04,-8.4,MKC>SGF:$8.85
SH00219,2026-09-28,Ozark Furniture,SGF,STL,P,378.0,52.3,SGF>STL,2,103.33,80.0,28.0,13.71,121.71,-18.38,-17.8,SGF>STL:$13.71
SH00220,2026-09-28,Crossroads Retail,MKC,SGF,P,385.3,35.9,MKC>SGF,2,102.9,80.0,28.0,6.02,114.02,-11.12,-10.8,MKC>SGF:$6.02
SH00221,2026-09-28,Ozark Furniture,SGF,STL,E,238.1,35.0,SGF>STL,2,56.18,80.0,28.0,9.18,117.18,-61.0,-108.6,SGF>STL:$9.18
SH00222,2026-09-28,Paper Mill Supply,STL,MEM,E,1082.5,58.2,STL>MEM,2,241.64,80.0,28.0,19.05,127.05,114.59,47.4,STL>MEM:$19.05
SH00223,2026-09-28,Delta Plastics,MEM,TUL,P,1047.6,118.2,MEM>TUL,2,262.18,80.0,28.0,58.98,166.98,95.2,36.3,MEM>TUL:$58.98
SH00224,2026-09-28,Delta Plastics,MEM,SGF,E,727.2,75.1,MEM>SGF,2,175.74,80.0,28.0,21.81,129.81,45.93,26.1,MEM>SGF:$21.81
SH00225,2026-09-28,Midwest Apparel,MKC,MEM,P,823.5,107.3,MKC>MEM,2,224.96,80.0,28.0,44.44,152.44,72.52,32.2,MKC>MEM:$44.44
SH00226,2026-09-28,Delta Plastics,MEM,TUL,E,954.2,107.2,MEM>TUL,2,257.04,80.0,28.0,53.49,161.49,95.55,37.2,MEM>TUL:$53.49
SH00227,2026-09-28,Delta Plastics,MEM,TUL,P,925.4,109.3,MEM>TUL,2,270.34,80.0,28.0,54.54,162.54,107.8,39.9,MEM>TUL:$54.54
SH00228,2026-09-28,KC Food Dist,MKC,SGF,E,2367.8,72.1,MKC>SGF,2,478.48,80.0,28.0,12.09,120.09,358.39,74.9,MKC>SGF:$12.09
SH00229,2026-09-28,KC Food Dist,MKC,TUL,P,1365.2,52.5,MKC>TUL,2,433.3,80.0,28.0,22.58,130.58,302.72,69.9,MKC>TUL:$22.58
SH00230,2026-09-28,Plains Pharma,TUL,SGF,P,336.9,29.7,TUL>SGF,2,93.82,80.0,28.0,6.49,114.49,-20.67,-22.0,TUL>SGF:$6.49
SH00231,2026-09-28,AutoParts Co,SGF,STL,E,749.1,41.0,SGF>STL,2,156.58,80.0,28.0,10.75,118.75,37.83,24.2,SGF>STL:$10.75
SH00232,2026-09-28,Gateway Electronics,STL,MEM,E,430.9,45.0,STL>MEM,2,87.72,80.0,28.0,14.73,122.73,-35.01,-39.9,STL>MEM:$14.73
SH00233,2026-09-28,AutoParts Co,SGF,MEM,E,952.1,47.8,SGF>MEM,2,216.76,80.0,28.0,13.88,121.88,94.88,43.8,SGF>MEM:$13.88
SH00234,2026-09-28,Delta Plastics,MEM,STL,E,1270.1,140.0,MEM>STL,2,312.81,80.0,28.0,45.82,153.82,158.99,50.8,MEM>STL:$45.82
SH00235,2026-09-28,Memphis Machinery,MEM,TUL,E,1866.2,90.0,MEM>TUL,2,497.75,80.0,28.0,44.91,152.91,344.84,69.3,MEM>TUL:$44.91
SH00236,2026-09-28,Ozark Building,SGF,MKC,P,773.0,38.3,SGF>MKC,2,193.69,80.0,28.0,6.42,114.42,79.27,40.9,SGF>MKC:$6.42
SH00237,2026-09-28,Crossroads Retail,MKC,STL,P,827.3,73.4,MKC>STL,2,221.32,80.0,28.0,20.84,128.84,92.48,41.8,MKC>STL:$20.84
SH00238,2026-09-28,Paper Mill Supply,STL,MKC,P,1323.8,69.1,STL>MKC,2,398.31,80.0,28.0,19.62,127.62,270.69,68.0,STL>MKC:$19.62
SH00239,2026-09-28,Ozark Building,SGF,MKC,E,516.9,27.0,SGF>MKC,2,92.93,80.0,28.0,4.53,112.53,-19.6,-21.1,SGF>MKC:$4.53
SH00240,2026-09-28,AutoParts Co,SGF,MEM,P,1557.9,82.4,SGF>MEM,2,423.93,80.0,28.0,23.93,131.93,292.0,68.9,SGF>MEM:$23.93
SH00241,2026-09-28,AutoParts Co,SGF,TUL,P,80.0,5.0,SGF>TUL,2,20.98,80.0,28.0,1.09,109.09,-88.11,-420.0,SGF>TUL:$1.09
SH00242,2026-09-28,KC Food Dist,MKC,MEM,P,999.9,35.7,MKC>MEM,2,306.63,80.0,28.0,14.78,122.78,183.85,60.0,MKC>MEM:$14.78
SH00243,2026-09-28,Delta Plastics,MEM,STL,P,743.5,85.3,MEM>STL,2,189.39,80.0,28.0,27.92,135.92,53.47,28.2,MEM>STL:$27.92
SH00244,2026-09-28,KC Food Dist,MKC,TUL,P,1492.8,56.0,MKC>TUL,2,383.14,80.0,28.0,24.08,132.08,251.06,65.5,MKC>TUL:$24.08
SH00245,2026-09-28,Gateway Electronics,STL,SGF,P,472.0,40.0,STL>SGF,2,125.37,80.0,28.0,10.49,118.49,6.88,5.5,STL>SGF:$10.49
SH00246,2026-09-28,Midwest Apparel,MKC,STL,P,534.3,57.8,MKC>STL,2,139.16,80.0,28.0,16.41,124.41,14.75,10.6,MKC>STL:$16.41
SH00247,2026-09-28,Ozark Furniture,SGF,STL,P,108.3,14.4,SGF>STL,2,30.5,80.0,28.0,3.78,111.78,-81.28,-266.5,SGF>STL:$3.78
SH00248,2026-09-28,Tulsa Beverage,TUL,MEM,E,2856.5,80.4,TUL>SGF>MEM,4,767.69,80.0,56.0,40.92,176.92,590.77,77.0,TUL>SGF:$17.57;SGF>MEM:$23.35
SH00249,2026-09-28,Ozark Building,SGF,STL,P,1804.4,78.4,SGF>STL,2,510.88,80.0,28.0,20.56,128.56,382.32,74.8,SGF>STL:$20.56
SH00250,2026-09-28,Ozark Furniture,SGF,MEM,P,978.5,144.6,SGF>MEM,2,255.22,80.0,28.0,41.99,149.99,105.23,41.2,SGF>MEM:$41.99
SH00251,2026-09-28,Memphis Machinery,MEM,STL,P,3115.7,125.1,MEM>STL,2,786.54,80.0,28.0,40.94,148.94,637.6,81.1,MEM>STL:$40.94
SH00252,2026-09-28,Tulsa Beverage,TUL,MKC,P,1592.7,52.0,TUL>MKC,2,476.72,80.0,28.0,22.36,130.36,346.36,72.7,TUL>MKC:$22.36
SH00253,2026-09-28,Paper Mill Supply,STL,TUL,P,744.1,40.6,STL>TUL,2,200.25,80.0,28.0,49.38,157.38,42.87,21.4,STL>TUL:$49.38
SH00254,2026-09-28,Paper Mill Supply,STL,SGF,E,834.6,46.6,STL>SGF,2,171.04,80.0,28.0,12.22,120.22,50.82,29.7,STL>SGF:$12.22
SH00255,2026-09-28,Tulsa Beverage,TUL,MKC,E,1116.5,36.9,TUL>SGF>MKC,4,221.91,80.0,56.0,14.25,150.25,71.66,32.3,TUL>SGF:$8.06;SGF>MKC:$6.19
SH00256,2026-09-28,Memphis Machinery,MEM,TUL,P,1561.3,60.8,MEM>TUL,2,451.62,80.0,28.0,30.34,138.34,313.28,69.4,MEM>TUL:$30.34
SH00257,2026-09-28,Gateway Electronics,STL,MEM,E,275.9,26.8,STL>MEM,2,56.07,80.0,28.0,8.77,116.77,-60.7,-108.3,STL>MEM:$8.77
SH00258,2026-09-28,Tulsa Beverage,TUL,SGF,E,1158.7,40.1,TUL>SGF,2,261.75,80.0,28.0,8.76,116.76,144.99,55.4,TUL>SGF:$8.76
SH00259,2026-09-28,Gateway Electronics,STL,TUL,E,464.6,42.2,STL>SGF>TUL,4,133.9,80.0,56.0,20.29,156.29,-22.39,-16.7,STL>SGF:$11.07;SGF>TUL:$9.22
SH00260,2026-09-28,Plains Pharma,TUL,STL,E,553.9,40.6,TUL>SGF>STL,4,137.41,80.0,56.0,19.52,155.52,-18.11,-13.2,TUL>SGF:$8.87;SGF>STL:$10.65
SH00261,2026-09-28,AutoParts Co,SGF,MKC,P,1311.7,64.5,SGF>MKC,2,338.07,80.0,28.0,10.81,118.81,219.26,64.9,SGF>MKC:$10.81
SH00262,2026-09-28,Midwest Apparel,MKC,STL,P,409.4,52.5,MKC>STL,2,105.07,80.0,28.0,14.91,122.91,-17.84,-17.0,MKC>STL:$14.91
SH00263,2026-09-28,AutoParts Co,SGF,STL,P,814.6,44.2,SGF>STL,2,212.13,80.0,28.0,11.59,119.59,92.54,43.6,SGF>STL:$11.59
SH00264,2026-09-28,Delta Plastics,MEM,MKC,P,542.3,55.3,MEM>MKC,2,166.58,80.0,28.0,22.9,130.9,35.68,21.4,MEM>MKC:$22.90
SH00265,2026-09-28,Ozark Building,SGF,MKC,P,1734.0,90.7,SGF>MKC,2,471.37,80.0,28.0,15.2,123.2,348.17,73.9,SGF>MKC:$15.20
SH00266,2026-09-28,Ozark Building,SGF,MKC,P,934.1,46.4,SGF>MKC,2,225.16,80.0,28.0,7.78,115.78,109.38,48.6,SGF>MKC:$7.78
SH00267,2026-09-28,Ozark Furniture,SGF,MEM,E,434.1,43.5,SGF>MEM,2,99.8,80.0,28.0,12.63,120.63,-20.83,-20.9,SGF>MEM:$12.63
SH00268,2026-09-28,Ozark Building,SGF,MKC,E,1431.7,75.0,SGF>MKC,2,285.75,80.0,28.0,12.57,120.57,165.18,57.8,SGF>MKC:$12.57
SH00269,2026-09-28,Ozark Building,SGF,MEM,E,1907.4,95.1,SGF>MEM,2,427.24,80.0,28.0,27.62,135.62,291.62,68.3,SGF>MEM:$27.62
SH00270,2026-09-28,Ozark Building,SGF,MKC,E,1556.2,78.6,SGF>MKC,2,342.85,80.0,28.0,13.18,121.18,221.67,64.7,SGF>MKC:$13.18
SH00271,2026-09-28,AutoParts Co,SGF,STL,P,489.4,20.5,SGF>STL,2,129.16,80.0,28.0,5.38,113.38,15.78,12.2,SGF>STL:$5.38
SH00272,2026-09-28,Plains Pharma,TUL,MEM,P,401.1,30.8,TUL>MEM,2,106.55,80.0,28.0,15.37,123.37,-16.82,-15.8,TUL>MEM:$15.37
SH00273,2026-09-28,Paper Mill Supply,STL,SGF,P,1314.4,86.9,STL>SGF,2,307.89,80.0,28.0,22.79,130.79,177.1,57.5,STL>SGF:$22.79
SH00274,2026-09-28,AutoParts Co,SGF,STL,P,1420.2,63.0,SGF>STL,2,339.46,80.0,28.0,16.52,124.52,214.94,63.3,SGF>STL:$16.52
SH00275,2026-09-28,Memphis Machinery,MEM,TUL,P,2075.5,95.2,MEM>TUL,2,621.14,80.0,28.0,47.5,155.5,465.64,75.0,MEM>TUL:$47.50
SH00276,2026-09-28,Paper Mill Supply,STL,SGF,P,1431.5,80.6,STL>SGF,2,391.6,80.0,28.0,21.14,129.14,262.46,67.0,STL>SGF:$21.14
SH00277,2026-09-28,Tulsa Beverage,TUL,MEM,E,1582.2,60.4,TUL>SGF>MEM,4,460.65,80.0,56.0,30.74,166.74,293.91,63.8,TUL>SGF:$13.20;SGF>MEM:$17.54
SH00278,2026-09-28,Paper Mill Supply,STL,SGF,P,427.0,23.0,STL>SGF,2,98.76,80.0,28.0,6.03,114.03,-15.27,-15.5,STL>SGF:$6.03
SH00279,2026-09-28,Paper Mill Supply,STL,MKC,E,412.1,21.5,STL>MKC,2,88.52,80.0,28.0,6.1,114.1,-25.58,-28.9,STL>MKC:$6.10
SH00280,2026-09-28,Ozark Building,SGF,MKC,P,1151.9,61.3,SGF>MKC,2,310.65,80.0,28.0,10.28,118.28,192.37,61.9,SGF>MKC:$10.28
SH00281,2026-09-28,Midwest Apparel,MKC,SGF,E,379.1,45.6,MKC>SGF,2,75.72,80.0,28.0,7.64,115.64,-39.92,-52.7,MKC>SGF:$7.64
SH00282,2026-09-28,Paper Mill Supply,STL,MKC,E,1870.3,108.6,STL>MKC,2,403.11,80.0,28.0,30.83,138.83,264.28,65.6,STL>MKC:$30.83
SH00283,2026-09-28,KC Food Dist,MKC,STL,E,1593.1,52.6,MKC>STL,2,335.85,80.0,28.0,14.93,122.93,212.92,63.4,MKC>STL:$14.93
SH00284,2026-09-28,KC Food Dist,MKC,STL,P,1672.7,62.2,MKC>STL,2,442.33,80.0,28.0,17.66,125.66,316.67,71.6,MKC>STL:$17.66
SH00285,2026-09-28,Plains Pharma,TUL,SGF,E,505.5,41.4,TUL>SGF,2,120.55,80.0,28.0,9.05,117.05,3.5,2.9,TUL>SGF:$9.05
SH00286,2026-09-28,Paper Mill Supply,STL,SGF,P,630.9,35.7,STL>SGF,2,163.92,80.0,28.0,9.36,117.36,46.56,28.4,STL>SGF:$9.36
SH00287,2026-09-28,Ozark Furniture,SGF,MEM,E,1001.9,150.8,SGF>MEM,2,215.86,80.0,28.0,43.79,151.79,64.07,29.7,SGF>MEM:$43.79
SH00288,2026-09-28,Ozark Furniture,SGF,MEM,E,636.2,83.3,SGF>MEM,2,155.3,80.0,28.0,24.19,132.19,23.11,14.9,SGF>MEM:$24.19
SH00289,2026-09-28,Memphis Machinery,MEM,MKC,E,1673.5,74.5,MEM>MKC,2,346.96,80.0,28.0,30.85,138.85,208.11,60.0,MEM>MKC:$30.85
SH00290,2026-09-28,KC Food Dist,MKC,STL,P,998.7,28.5,MKC>STL,2,268.95,80.0,28.0,8.09,116.09,152.86,56.8,MKC>STL:$8.09
SH00291,2026-09-28,Ozark Furniture,SGF,TUL,E,1187.3,193.8,SGF>TUL,2,238.51,80.0,28.0,42.35,150.35,88.16,37.0,SGF>TUL:$42.35
SH00292,2026-09-28,Plains Pharma,TUL,SGF,P,684.6,51.6,TUL>SGF,2,166.28,80.0,28.0,11.27,119.27,47.01,28.3,TUL>SGF:$11.27
SH00293,2026-09-28,Delta Plastics,MEM,MKC,E,585.6,67.2,MEM>MKC,2,147.49,80.0,28.0,27.83,135.83,11.66,7.9,MEM>MKC:$27.83
SH00294,2026-09-28,AutoParts Co,SGF,MEM,E,913.5,40.1,SGF>MEM,2,213.56,80.0,28.0,11.65,119.65,93.91,44.0,SGF>MEM:$11.65
SH00295,2026-09-28,AutoParts Co,SGF,MKC,P,343.3,13.9,SGF>MKC,2,80.65,80.0,28.0,2.33,110.33,-29.68,-36.8,SGF>MKC:$2.33
SH00296,2026-09-28,Crossroads Retail,MKC,MEM,P,1067.4,72.3,MKC>MEM,2,325.57,80.0,28.0,29.94,137.94,187.63,57.6,MKC>MEM:$29.94
SH00297,2026-09-28,Delta Plastics,MEM,SGF,E,823.4,105.9,MEM>SGF,2,204.49,80.0,28.0,30.75,138.75,65.74,32.1,MEM>SGF:$30.75
SH00298,2026-09-28,KC Food Dist,MKC,STL,E,1478.2,47.9,MKC>STL,2,309.73,80.0,28.0,13.6,121.6,188.13,60.7,MKC>STL:$13.60
SH00299,2026-09-28,Tulsa Beverage,TUL,MEM,P,2354.8,85.9,TUL>MEM,2,672.72,80.0,28.0,42.86,150.86,521.86,77.6,TUL>MEM:$42.86
SH00300,2026-09-28,AutoParts Co,SGF,MEM,P,956.0,39.7,SGF>MEM,2,276.89,80.0,28.0,11.53,119.53,157.36,56.8,SGF>MEM:$11.53
SH00301,2026-09-28,AutoParts Co,SGF,STL,P,1323.2,53.2,SGF>STL,2,361.68,80.0,28.0,13.95,121.95,239.73,66.3,SGF>STL:$13.95
SH00302,2026-09-28,Midwest Apparel,MKC,MEM,P,1047.6,140.9,MKC>MEM,2,330.92,80.0,28.0,58.35,166.35,164.57,49.7,MKC>MEM:$58.35
SH00303,2026-09-28,Ozark Furniture,SGF,TUL,P,924.6,149.1,SGF>TUL,2,225.09,80.0,28.0,32.58,140.58,84.51,37.5,SGF>TUL:$32.58
SH00304,2026-09-28,Crossroads Retail,MKC,SGF,P,768.1,70.1,MKC>SGF,2,218.42,80.0,28.0,11.75,119.75,98.67,45.2,MKC>SGF:$11.75
SH00305,2026-09-28,Plains Pharma,TUL,MEM,P,452.4,38.3,TUL>MEM,2,140.17,80.0,28.0,19.11,127.11,13.06,9.3,TUL>MEM:$19.11
SH00306,2026-09-28,Tulsa Beverage,TUL,STL,E,1049.1,33.6,TUL>SGF>STL,4,205.2,80.0,56.0,16.15,152.15,53.05,25.9,TUL>SGF:$7.34;SGF>STL:$8.81
SH00307,2026-09-28,Tulsa Beverage,TUL,MEM,E,1533.8,56.1,TUL>SGF>MEM,4,415.72,80.0,56.0,28.55,164.55,251.17,60.4,TUL>SGF:$12.26;SGF>MEM:$16.29
SH00308,2026-09-28,Paper Mill Supply,STL,SGF,P,1844.1,107.3,STL>SGF,2,487.6,80.0,28.0,28.14,136.14,351.46,72.1,STL>SGF:$28.14
SH00309,2026-09-28,Gateway Electronics,STL,MKC,P,458.8,47.0,STL>MKC,2,132.9,80.0,28.0,13.34,121.34,11.56,8.7,STL>MKC:$13.34
SH00310,2026-09-28,KC Food Dist,MKC,SGF,P,2005.2,69.9,MKC>SGF,2,531.24,80.0,28.0,11.72,119.72,411.52,77.5,MKC>SGF:$11.72
SH00311,2026-09-28,AutoParts Co,SGF,STL,E,660.8,32.5,SGF>STL,2,159.49,80.0,28.0,8.52,116.52,42.97,26.9,SGF>STL:$8.52
SH00312,2026-09-28,AutoParts Co,SGF,MKC,P,276.5,11.5,SGF>MKC,2,72.85,80.0,28.0,1.93,109.93,-37.08,-50.9,SGF>MKC:$1.93
SH00313,2026-09-28,Paper Mill Supply,STL,MEM,P,1209.2,72.1,STL>MEM,2,368.68,80.0,28.0,23.6,131.6,237.08,64.3,STL>MEM:$23.60
SH00314,2026-09-28,Ozark Building,SGF,TUL,P,1942.2,78.6,SGF>TUL,2,521.28,80.0,28.0,17.17,125.17,396.11,76.0,SGF>TUL:$17.17
SH00315,2026-09-28,Memphis Machinery,MEM,STL,P,1153.9,40.3,MEM>STL,2,319.54,80.0,28.0,13.19,121.19,198.35,62.1,MEM>STL:$13.19
SH00316,2026-09-28,KC Food Dist,MKC,TUL,P,1942.6,61.9,MKC>TUL,2,423.45,80.0,28.0,26.62,134.62,288.83,68.2,MKC>TUL:$26.62
SH00317,2026-09-28,Gateway Electronics,STL,MEM,E,627.8,52.0,STL>MEM,2,163.28,80.0,28.0,17.02,125.02,38.26,23.4,STL>MEM:$17.02
SH00318,2026-09-28,KC Food Dist,MKC,TUL,P,683.4,23.8,MKC>TUL,2,190.39,80.0,28.0,10.24,118.24,72.15,37.9,MKC>TUL:$10.24
SH00319,2026-09-28,Gateway Electronics,STL,MKC,P,635.8,66.5,STL>MKC,2,182.48,80.0,28.0,18.88,126.88,55.6,30.5,STL>MKC:$18.88
SH00320,2026-09-28,Delta Plastics,MEM,MKC,P,447.9,48.5,MEM>MKC,2,139.46,80.0,28.0,20.09,128.09,11.37,8.2,MEM>MKC:$20.09
SH00321,2026-09-28,Tulsa Beverage,TUL,MKC,P,2141.4,78.7,TUL>MKC,2,623.47,80.0,28.0,33.85,141.85,481.62,77.2,TUL>MKC:$33.85
SH00322,2026-09-28,Memphis Machinery,MEM,MKC,E,2148.7,82.6,MEM>MKC,2,484.07,80.0,28.0,34.21,142.21,341.86,70.6,MEM>MKC:$34.21
SH00323,2026-09-28,Gateway Electronics,STL,MEM,P,773.9,74.1,STL>MEM,2,230.75,80.0,28.0,24.25,132.25,98.5,42.7,STL>MEM:$24.25
SH00324,2026-09-28,KC Food Dist,MKC,MEM,P,1831.9,51.5,MKC>MEM,2,503.05,80.0,28.0,21.33,129.33,373.72,74.3,MKC>MEM:$21.33
SH00325,2026-09-28,Gateway Electronics,STL,MKC,P,677.0,64.4,STL>MKC,2,162.14,80.0,28.0,18.29,126.29,35.85,22.1,STL>MKC:$18.29
SH00326,2026-09-28,Delta Plastics,MEM,MKC,P,999.2,129.2,MEM>MKC,2,288.03,80.0,28.0,53.51,161.51,126.52,43.9,MEM>MKC:$53.51
SH00327,2026-09-28,Gateway Electronics,STL,SGF,P,810.0,83.7,STL>SGF,2,219.32,80.0,28.0,21.95,129.95,89.37,40.7,STL>SGF:$21.95
SH00328,2026-09-28,Ozark Building,SGF,TUL,E,1998.2,101.8,SGF>TUL,2,290.03,80.0,28.0,22.24,130.24,159.79,55.1,SGF>TUL:$22.24
SH00329,2026-09-28,Midwest Apparel,MKC,SGF,P,589.3,61.2,MKC>SGF,2,134.86,80.0,28.0,10.26,118.26,16.6,12.3,MKC>SGF:$10.26
SH00330,2026-09-28,Memphis Machinery,MEM,TUL,P,1565.3,50.3,MEM>TUL,2,468.1,80.0,28.0,25.1,133.1,335.0,71.6,MEM>TUL:$25.10
SH00331,2026-09-28,Delta Plastics,MEM,SGF,P,152.7,16.7,MEM>SGF,2,48.43,80.0,28.0,4.85,112.85,-64.42,-133.0,MEM>SGF:$4.85
SH00332,2026-09-28,Memphis Machinery,MEM,SGF,P,1947.2,69.1,MEM>SGF,2,519.21,80.0,28.0,20.07,128.07,391.14,75.3,MEM>SGF:$20.07
SH00333,2026-09-28,Gateway Electronics,STL,TUL,P,566.5,60.6,STL>TUL,2,159.69,80.0,28.0,73.71,181.71,-22.02,-13.8,STL>TUL:$73.71
SH00334,2026-09-28,AutoParts Co,SGF,MEM,P,852.8,41.1,SGF>MEM,2,247.0,80.0,28.0,11.94,119.94,127.06,51.4,SGF>MEM:$11.94
SH00335,2026-09-28,AutoParts Co,SGF,MEM,E,408.4,18.8,SGF>MEM,2,90.07,80.0,28.0,5.46,113.46,-23.39,-26.0,SGF>MEM:$5.46
SH00336,2026-09-28,Memphis Machinery,MEM,MKC,P,1323.9,52.2,MEM>MKC,2,406.76,80.0,28.0,21.62,129.62,277.14,68.1,MEM>MKC:$21.62
SH00337,2026-09-28,Memphis Machinery,MEM,STL,E,1634.8,68.9,MEM>STL,2,404.85,80.0,28.0,22.55,130.55,274.3,67.8,MEM>STL:$22.55
SH00338,2026-09-28,Memphis Machinery,MEM,STL,E,1535.6,64.4,MEM>STL,2,373.74,80.0,28.0,21.08,129.08,244.66,65.5,MEM>STL:$21.08
SH00339,2026-09-28,Midwest Apparel,MKC,STL,P,663.9,85.3,MKC>STL,2,195.55,80.0,28.0,24.22,132.22,63.33,32.4,MKC>STL:$24.22
SH00340,2026-09-28,AutoParts Co,SGF,MEM,E,664.4,31.1,SGF>MEM,2,156.13,80.0,28.0,9.03,117.03,39.1,25.0,SGF>MEM:$9.03
SH00341,2026-09-28,KC Food Dist,MKC,STL,P,1056.8,28.2,MKC>STL,2,251.06,80.0,28.0,8.01,116.01,135.05,53.8,MKC>STL:$8.01
SH00342,2026-09-28,Crossroads Retail,MKC,STL,P,864.0,80.9,MKC>STL,2,225.63,80.0,28.0,22.97,130.97,94.66,42.0,MKC>STL:$22.97
SH00343,2026-09-28,Plains Pharma,TUL,SGF,P,733.7,63.6,TUL>SGF,2,161.62,80.0,28.0,13.9,121.9,39.72,24.6,TUL>SGF:$13.90
SH00344,2026-09-28,AutoParts Co,SGF,MEM,P,424.2,22.7,SGF>MEM,2,111.07,80.0,28.0,6.59,114.59,-3.52,-3.2,SGF>MEM:$6.59
SH00345,2026-09-28,Ozark Furniture,SGF,MEM,E,773.6,119.9,SGF>MEM,2,199.36,80.0,28.0,34.82,142.82,56.54,28.4,SGF>MEM:$34.82
SH00346,2026-09-28,AutoParts Co,SGF,STL,P,1175.9,46.5,SGF>STL,2,301.16,80.0,28.0,12.19,120.19,180.97,60.1,SGF>STL:$12.19
SH00347,2026-09-28,AutoParts Co,SGF,STL,P,672.8,31.8,SGF>STL,2,152.39,80.0,28.0,8.34,116.34,36.05,23.7,SGF>STL:$8.34
SH00348,2026-09-28,Midwest Apparel,MKC,TUL,P,804.5,112.7,MKC>TUL,2,226.6,80.0,28.0,48.47,156.47,70.13,30.9,MKC>TUL:$48.47
SH00349,2026-09-28,Ozark Building,SGF,MKC,P,668.9,33.6,SGF>MKC,2,170.97,80.0,28.0,5.63,113.63,57.34,33.5,SGF>MKC:$5.63
SH00350,2026-09-28,Ozark Furniture,SGF,MEM,P,986.2,146.4,SGF>MEM,2,295.12,80.0,28.0,42.52,150.52,144.6,49.0,SGF>MEM:$42.52
SH00351,2026-09-28,Gateway Electronics,STL,MEM,E,391.5,38.3,STL>MEM,2,92.06,80.0,28.0,12.53,120.53,-28.47,-30.9,STL>MEM:$12.53
SH00352,2026-09-28,Paper Mill Supply,STL,MEM,P,508.3,25.9,STL>MEM,2,149.08,80.0,28.0,8.48,116.48,32.6,21.9,STL>MEM:$8.48
SH00353,2026-09-28,Crossroads Retail,MKC,MEM,E,80.0,6.3,MKC>MEM,2,17.01,80.0,28.0,2.61,110.61,-93.6,-550.3,MKC>MEM:$2.61
SH00354,2026-09-28,Plains Pharma,TUL,SGF,E,526.7,38.5,TUL>SGF,2,108.03,80.0,28.0,8.41,116.41,-8.38,-7.8,TUL>SGF:$8.41
SH00355,2026-09-28,Crossroads Retail,MKC,STL,P,561.4,53.7,MKC>STL,2,152.36,80.0,28.0,15.25,123.25,29.11,19.1,MKC>STL:$15.25
SH00356,2026-09-28,AutoParts Co,SGF,MEM,P,1481.2,58.1,SGF>MEM,2,405.14,80.0,28.0,16.87,124.87,280.27,69.2,SGF>MEM:$16.87
SH00357,2026-09-28,Memphis Machinery,MEM,STL,P,658.7,22.2,MEM>STL,2,197.11,80.0,28.0,7.27,115.27,81.84,41.5,MEM>STL:$7.27
SH00358,2026-09-28,Paper Mill Supply,STL,MEM,P,1463.7,90.3,STL>MEM,2,449.05,80.0,28.0,29.55,137.55,311.5,69.4,STL>MEM:$29.55
SH00359,2026-09-28,KC Food Dist,MKC,STL,E,1884.3,67.6,MKC>STL,2,412.15,80.0,28.0,19.19,127.19,284.96,69.1,MKC>STL:$19.19
SH00360,2026-09-28,Paper Mill Supply,STL,MEM,E,1442.6,68.6,STL>MEM,2,367.65,80.0,28.0,22.45,130.45,237.2,64.5,STL>MEM:$22.45
SH00361,2026-09-28,Ozark Building,SGF,MKC,E,1429.5,69.8,SGF>MKC,2,245.92,80.0,28.0,11.7,119.7,126.22,51.3,SGF>MKC:$11.70
SH00362,2026-09-28,AutoParts Co,SGF,TUL,P,849.5,40.6,SGF>TUL,2,219.19,80.0,28.0,8.87,116.87,102.32,46.7,SGF>TUL:$8.87
SH00363,2026-09-28,Gateway Electronics,STL,MEM,E,643.5,69.7,STL>MEM,2,141.74,80.0,28.0,22.81,130.81,10.93,7.7,STL>MEM:$22.81
SH00364,2026-09-28,Gateway Electronics,STL,MKC,E,403.1,40.1,STL>MKC,2,104.93,80.0,28.0,11.39,119.39,-14.46,-13.8,STL>MKC:$11.39
SH00365,2026-09-28,Midwest Apparel,MKC,TUL,P,540.2,62.4,MKC>TUL,2,152.78,80.0,28.0,26.84,134.84,17.94,11.7,MKC>TUL:$26.84
SH00366,2026-09-28,Memphis Machinery,MEM,MKC,E,1881.9,61.1,MEM>MKC,2,510.83,80.0,28.0,25.3,133.3,377.53,73.9,MEM>MKC:$25.30
SH00367,2026-09-28,Ozark Furniture,SGF,MEM,E,692.1,104.4,SGF>MEM,2,183.59,80.0,28.0,30.32,138.32,45.27,24.7,SGF>MEM:$30.32
SH00368,2026-09-28,Delta Plastics,MEM,TUL,P,425.2,46.3,MEM>TUL,2,119.14,80.0,28.0,23.1,131.1,-11.96,-10.0,MEM>TUL:$23.10
SH00369,2026-09-28,Memphis Machinery,MEM,SGF,P,2168.6,75.4,MEM>SGF,2,622.73,80.0,28.0,21.9,129.9,492.83,79.1,MEM>SGF:$21.90
SH00370,2026-09-28,Crossroads Retail,MKC,SGF,E,565.6,49.5,MKC>SGF,2,102.64,80.0,28.0,8.3,116.3,-13.66,-13.3,MKC>SGF:$8.30
SH00371,2026-09-28,Paper Mill Supply,STL,MEM,E,1669.2,92.0,STL>MEM,2,342.43,80.0,28.0,30.11,138.11,204.32,59.7,STL>MEM:$30.11
SH00372,2026-09-28,KC Food Dist,MKC,MEM,P,1250.2,43.0,MKC>MEM,2,366.63,80.0,28.0,17.81,125.81,240.82,65.7,MKC>MEM:$17.81
SH00373,2026-09-28,Gateway Electronics,STL,TUL,E,511.7,49.8,STL>SGF>TUL,4,149.3,80.0,56.0,23.94,159.94,-10.64,-7.1,STL>SGF:$13.06;SGF>TUL:$10.88
SH00374,2026-09-28,Crossroads Retail,MKC,TUL,P,901.4,92.1,MKC>TUL,2,232.56,80.0,28.0,39.61,147.61,84.95,36.5,MKC>TUL:$39.61
SH00375,2026-09-28,Gateway Electronics,STL,SGF,P,399.5,43.8,STL>SGF,2,112.56,80.0,28.0,11.49,119.49,-6.93,-6.2,STL>SGF:$11.49
SH00376,2026-09-28,Paper Mill Supply,STL,MKC,P,1444.7,80.2,STL>MKC,2,382.21,80.0,28.0,22.77,130.77,251.44,65.8,STL>MKC:$22.77
SH00377,2026-09-28,Gateway Electronics,STL,MKC,E,535.3,58.0,STL>MKC,2,128.81,80.0,28.0,16.47,124.47,4.34,3.4,STL>MKC:$16.47
SH00378,2026-09-28,Memphis Machinery,MEM,STL,E,1284.3,50.4,MEM>STL,2,310.05,80.0,28.0,16.49,124.49,185.56,59.8,MEM>STL:$16.49
SH00379,2026-09-28,Memphis Machinery,MEM,TUL,E,3219.6,121.3,MEM>TUL,2,899.82,80.0,28.0,60.53,168.53,731.29,81.3,MEM>TUL:$60.53
SH00380,2026-09-28,Paper Mill Supply,STL,MKC,E,1250.0,71.4,STL>MKC,2,315.16,80.0,28.0,20.27,128.27,186.89,59.3,STL>MKC:$20.27
SH00381,2026-09-28,Ozark Building,SGF,MKC,E,2298.4,116.4,SGF>MKC,2,492.55,80.0,28.0,19.51,127.51,365.04,74.1,SGF>MKC:$19.51
SH00382,2026-09-28,Gateway Electronics,STL,TUL,P,692.2,59.0,STL>TUL,2,213.87,80.0,28.0,71.77,179.77,34.1,15.9,STL>TUL:$71.77
SH00383,2026-09-28,Gateway Electronics,STL,SGF,E,219.1,24.6,STL>SGF,2,46.4,80.0,28.0,6.45,114.45,-68.05,-146.7,STL>SGF:$6.45
SH00384,2026-09-28,KC Food Dist,MKC,TUL,P,1776.8,60.2,MKC>TUL,2,498.1,80.0,28.0,25.89,133.89,364.21,73.1,MKC>TUL:$25.89
SH00385,2026-09-28,Gateway Electronics,STL,TUL,P,538.7,55.3,STL>TUL,2,156.08,80.0,28.0,67.26,175.26,-19.18,-12.3,STL>TUL:$67.26
SH00386,2026-09-28,AutoParts Co,SGF,STL,P,562.9,25.7,SGF>STL,2,128.5,80.0,28.0,6.74,114.74,13.76,10.7,SGF>STL:$6.74
SH00387,2026-09-28,Midwest Apparel,MKC,TUL,E,763.9,90.4,MKC>TUL,2,175.8,80.0,28.0,38.88,146.88,28.92,16.5,MKC>TUL:$38.88
SH00388,2026-09-28,Memphis Machinery,MEM,STL,E,2201.2,91.9,MEM>STL,2,547.87,80.0,28.0,30.08,138.08,409.79,74.8,MEM>STL:$30.08
SH00389,2026-09-28,Ozark Furniture,SGF,MKC,E,531.9,84.7,SGF>MKC,2,100.09,80.0,28.0,14.2,122.2,-22.11,-22.1,SGF>MKC:$14.20
SH00390,2026-09-28,Gateway Electronics,STL,TUL,P,121.2,9.2,STL>TUL,2,37.82,80.0,28.0,11.19,119.19,-81.37,-215.2,STL>TUL:$11.19
SH00391,2026-09-28,Paper Mill Supply,STL,MEM,E,1201.1,67.9,STL>MEM,2,288.76,80.0,28.0,22.22,130.22,158.54,54.9,STL>MEM:$22.22
SH00392,2026-09-28,Memphis Machinery,MEM,TUL,E,2301.5,97.3,MEM>TUL,2,561.63,80.0,28.0,48.55,156.55,405.08,72.1,MEM>TUL:$48.55
SH00393,2026-09-28,Delta Plastics,MEM,MKC,P,1101.2,110.3,MEM>MKC,2,318.96,80.0,28.0,45.68,153.68,165.28,51.8,MEM>MKC:$45.68
SH00394,2026-09-28,Ozark Furniture,SGF,MEM,E,474.8,63.6,SGF>MEM,2,112.84,80.0,28.0,18.47,126.47,-13.63,-12.1,SGF>MEM:$18.47
SH00395,2026-09-28,Delta Plastics,MEM,TUL,E,1376.8,137.3,MEM>TUL,2,363.14,80.0,28.0,68.51,176.51,186.63,51.4,MEM>TUL:$68.51
SH00396,2026-09-28,Memphis Machinery,MEM,STL,P,1494.6,63.0,MEM>STL,2,407.12,80.0,28.0,20.62,128.62,278.5,68.4,MEM>STL:$20.62
SH00397,2026-09-28,Midwest Apparel,MKC,TUL,E,652.5,78.5,MKC>TUL,2,139.11,80.0,28.0,33.76,141.76,-2.65,-1.9,MKC>TUL:$33.76
SH00398,2026-09-28,Paper Mill Supply,STL,TUL,P,1094.6,55.1,STL>TUL,2,318.57,80.0,28.0,67.02,175.02,143.55,45.1,STL>TUL:$67.02
SH00399,2026-09-28,Crossroads Retail,MKC,STL,P,947.8,84.6,MKC>STL,2,297.94,80.0,28.0,24.02,132.02,165.92,55.7,MKC>STL:$24.02
SH00400,2026-09-28,Plains Pharma,TUL,MKC,P,555.0,51.9,TUL>MKC,2,158.83,80.0,28.0,22.32,130.32,28.51,17.9,TUL>MKC:$22.32
SH00401,2026-09-28,Paper Mill Supply,STL,SGF,E,1027.7,59.1,STL>SGF,2,254.13,80.0,28.0,15.5,123.5,130.63,51.4,STL>SGF:$15.50
SH00402,2026-09-28,Ozark Building,SGF,MKC,P,2218.1,110.0,SGF>MKC,2,531.37,80.0,28.0,18.44,126.44,404.93,76.2,SGF>MKC:$18.44
SH00403,2026-09-28,Paper Mill Supply,STL,MEM,P,858.8,45.8,STL>MEM,2,279.55,80.0,28.0,14.99,122.99,156.56,56.0,STL>MEM:$14.99
SH00404,2026-09-28,Crossroads Retail,MKC,SGF,P,865.4,81.8,MKC>SGF,2,220.07,80.0,28.0,13.71,121.71,98.36,44.7,MKC>SGF:$13.71
SH00405,2026-09-28,Tulsa Beverage,TUL,STL,E,637.2,21.2,TUL>SGF>STL,4,179.23,80.0,56.0,10.19,146.19,33.04,18.4,TUL>SGF:$4.63;SGF>STL:$5.56
SH00406,2026-09-28,AutoParts Co,SGF,MKC,E,401.4,20.3,SGF>MKC,2,78.74,80.0,28.0,3.4,111.4,-32.66,-41.5,SGF>MKC:$3.40
SH00407,2026-09-28,AutoParts Co,SGF,MKC,P,1165.0,60.2,SGF>MKC,2,283.21,80.0,28.0,10.09,118.09,165.12,58.3,SGF>MKC:$10.09
SH00408,2026-09-28,Ozark Furniture,SGF,STL,P,895.5,158.6,SGF>STL,2,238.91,80.0,28.0,41.59,149.59,89.32,37.4,SGF>STL:$41.59
SH00409,2026-09-28,KC Food Dist,MKC,STL,P,1456.8,41.2,MKC>STL,2,395.04,80.0,28.0,11.7,119.7,275.34,69.7,MKC>STL:$11.70
SH00410,2026-09-28,AutoParts Co,SGF,TUL,P,1103.2,47.1,SGF>TUL,2,304.92,80.0,28.0,10.29,118.29,186.63,61.2,SGF>TUL:$10.29
SH00411,2026-09-28,KC Food Dist,MKC,MEM,E,1944.3,63.4,MKC>MEM,2,459.57,80.0,28.0,26.26,134.26,325.31,70.8,MKC>MEM:$26.26
SH00412,2026-09-28,Memphis Machinery,MEM,SGF,P,1149.5,47.3,MEM>SGF,2,320.91,80.0,28.0,13.74,121.74,199.17,62.1,MEM>SGF:$13.74
SH00413,2026-09-28,Memphis Machinery,MEM,SGF,P,2344.7,95.3,MEM>SGF,2,630.68,80.0,28.0,27.68,135.68,495.0,78.5,MEM>SGF:$27.68
SH00414,2026-09-28,KC Food Dist,MKC,TUL,P,1588.2,52.5,MKC>TUL,2,470.94,80.0,28.0,22.58,130.58,340.36,72.3,MKC>TUL:$22.58
SH00415,2026-09-28,Crossroads Retail,MKC,STL,E,945.0,94.2,MKC>STL,2,203.1,80.0,28.0,26.75,134.75,68.35,33.7,MKC>STL:$26.75
SH00416,2026-09-28,Midwest Apparel,MKC,STL,P,213.3,25.2,MKC>STL,2,57.99,80.0,28.0,7.16,115.16,-57.17,-98.6,MKC>STL:$7.16
SH00417,2026-09-28,AutoParts Co,SGF,MKC,E,809.1,33.6,SGF>MKC,2,135.3,80.0,28.0,5.63,113.63,21.67,16.0,SGF>MKC:$5.63
SH00418,2026-09-28,Delta Plastics,MEM,TUL,E,488.5,61.0,MEM>TUL,2,120.45,80.0,28.0,30.44,138.44,-17.99,-14.9,MEM>TUL:$30.44
SH00419,2026-09-28,Midwest Apparel,MKC,TUL,P,80.0,9.5,MKC>TUL,2,22.38,80.0,28.0,4.09,112.09,-89.71,-400.8,MKC>TUL:$4.09
SH00420,2026-09-28,AutoParts Co,SGF,STL,P,1191.4,51.2,SGF>STL,2,300.84,80.0,28.0,13.43,121.43,179.41,59.6,SGF>STL:$13.43
SH00421,2026-09-28,Memphis Machinery,MEM,STL,E,350.5,13.8,MEM>STL,2,82.98,80.0,28.0,4.52,112.52,-29.54,-35.6,MEM>STL:$4.52
SH00422,2026-09-28,AutoParts Co,SGF,MEM,E,883.8,38.8,SGF>MEM,2,171.11,80.0,28.0,11.27,119.27,51.84,30.3,SGF>MEM:$11.27
SH00423,2026-09-28,KC Food Dist,MKC,SGF,P,1899.4,55.7,MKC>SGF,2,470.13,80.0,28.0,9.34,117.34,352.79,75.0,MKC>SGF:$9.34
SH00424,2026-09-28,Crossroads Retail,MKC,SGF,P,1121.1,120.1,MKC>SGF,2,281.7,80.0,28.0,20.13,128.13,153.57,54.5,MKC>SGF:$20.13
SH00425,2026-09-28,Crossroads Retail,MKC,TUL,E,1105.5,92.0,MKC>TUL,2,252.01,80.0,28.0,39.57,147.57,104.44,41.4,MKC>TUL:$39.57
SH00426,2026-09-28,Paper Mill Supply,STL,SGF,E,1326.4,72.3,STL>SGF,2,311.48,80.0,28.0,18.96,126.96,184.52,59.2,STL>SGF:$18.96
SH00427,2026-09-28,Ozark Building,SGF,MKC,P,1553.3,71.9,SGF>MKC,2,359.98,80.0,28.0,12.05,120.05,239.93,66.7,SGF>MKC:$12.05
SH00428,2026-09-28,Tulsa Beverage,TUL,MKC,E,1565.3,48.7,TUL>SGF>MKC,4,304.63,80.0,56.0,18.8,154.8,149.83,49.2,TUL>SGF:$10.64;SGF>MKC:$8.16
SH00429,2026-09-28,Plains Pharma,TUL,MKC,P,297.7,27.5,TUL>MKC,2,80.99,80.0,28.0,11.83,119.83,-38.84,-48.0,TUL>MKC:$11.83
SH00430,2026-09-28,Memphis Machinery,MEM,MKC,P,1527.3,53.9,MEM>MKC,2,442.61,80.0,28.0,22.32,130.32,312.29,70.6,MEM>MKC:$22.32
SH00431,2026-09-28,Gateway Electronics,STL,MEM,E,133.1,12.1,STL>MEM,2,31.65,80.0,28.0,3.96,111.96,-80.31,-253.7,STL>MEM:$3.96
SH00432,2026-09-28,Ozark Furniture,SGF,STL,P,682.7,95.5,SGF>STL,2,182.16,80.0,28.0,25.04,133.04,49.12,27.0,SGF>STL:$25.04
SH00433,2026-09-28,Memphis Machinery,MEM,TUL,P,1043.9,41.7,MEM>TUL,2,325.2,80.0,28.0,20.81,128.81,196.39,60.4,MEM>TUL:$20.81
SH00434,2026-09-28,Memphis Machinery,MEM,STL,P,1380.7,54.6,MEM>STL,2,406.09,80.0,28.0,17.87,125.87,280.22,69.0,MEM>STL:$17.87
SH00435,2026-09-28,Gateway Electronics,STL,MKC,E,682.2,60.0,STL>MKC,2,191.17,80.0,28.0,17.04,125.04,66.13,34.6,STL>MKC:$17.04
SH00436,2026-09-28,AutoParts Co,SGF,MEM,E,714.0,30.3,SGF>MEM,2,155.08,80.0,28.0,8.8,116.8,38.28,24.7,SGF>MEM:$8.80
SH00437,2026-09-28,Ozark Building,SGF,STL,P,1244.8,63.1,SGF>STL,2,362.37,80.0,28.0,16.55,124.55,237.82,65.6,SGF>STL:$16.55
SH00438,2026-09-28,Memphis Machinery,MEM,STL,E,2369.6,82.9,MEM>STL,2,452.75,80.0,28.0,27.13,135.13,317.62,70.2,MEM>STL:$27.13
SH00439,2026-09-28,Ozark Furniture,SGF,MKC,P,774.1,104.4,SGF>MKC,2,195.5,80.0,28.0,17.5,125.5,70.0,35.8,SGF>MKC:$17.50
SH00440,2026-09-28,Crossroads Retail,MKC,STL,P,1254.8,117.8,MKC>STL,2,367.24,80.0,28.0,33.45,141.45,225.79,61.5,MKC>STL:$33.45
SH00441,2026-09-28,Gateway Electronics,STL,TUL,P,188.0,20.3,STL>TUL,2,60.67,80.0,28.0,24.69,132.69,-72.02,-118.7,STL>TUL:$24.69
SH00442,2026-09-28,AutoParts Co,SGF,MKC,P,1208.6,52.7,SGF>MKC,2,325.88,80.0,28.0,8.83,116.83,209.05,64.1,SGF>MKC:$8.83
SH00443,2026-09-28,Ozark Furniture,SGF,STL,E,771.7,120.5,SGF>STL,2,181.42,80.0,28.0,31.6,139.6,41.82,23.1,SGF>STL:$31.60
SH00444,2026-09-28,Tulsa Beverage,TUL,SGF,E,1327.8,40.9,TUL>SGF,2,287.4,80.0,28.0,8.94,116.94,170.46,59.3,TUL>SGF:$8.94
SH00445,2026-09-28,KC Food Dist,MKC,STL,P,1227.2,39.9,MKC>STL,2,355.76,80.0,28.0,11.33,119.33,236.43,66.5,MKC>STL:$11.33
SH00446,2026-09-28,Ozark Building,SGF,TUL,E,1756.9,108.1,SGF>TUL,2,309.11,80.0,28.0,23.62,131.62,177.49,57.4,SGF>TUL:$23.62
SH00447,2026-09-28,Ozark Building,SGF,MKC,E,2431.0,126.5,SGF>MKC,2,490.6,80.0,28.0,21.2,129.2,361.4,73.7,SGF>MKC:$21.20
SH00448,2026-09-28,Midwest Apparel,MKC,MEM,P,1190.2,140.3,MKC>MEM,2,392.76,80.0,28.0,58.1,166.1,226.66,57.7,MKC>MEM:$58.10
SH00449,2026-09-28,AutoParts Co,SGF,STL,P,1320.3,62.9,SGF>STL,2,338.12,80.0,28.0,16.49,124.49,213.63,63.2,SGF>STL:$16.49
SH00450,2026-09-28,AutoParts Co,SGF,MKC,P,722.9,27.6,SGF>MKC,2,154.02,80.0,28.0,4.63,112.63,41.39,26.9,SGF>MKC:$4.63
SH00451,2026-09-28,AutoParts Co,SGF,TUL,P,506.3,22.2,SGF>TUL,2,146.22,80.0,28.0,4.85,112.85,33.37,22.8,SGF>TUL:$4.85
SH00452,2026-09-28,Plains Pharma,TUL,MEM,P,473.6,39.3,TUL>MEM,2,151.26,80.0,28.0,19.61,127.61,23.65,15.6,TUL>MEM:$19.61
SH00453,2026-09-28,Paper Mill Supply,STL,TUL,P,243.7,11.8,STL>TUL,2,65.04,80.0,28.0,14.35,122.35,-57.31,-88.1,STL>TUL:$14.35
SH00454,2026-09-28,Plains Pharma,TUL,MEM,E,201.2,14.3,TUL>SGF>MEM,4,50.74,80.0,56.0,7.28,143.28,-92.54,-182.4,TUL>SGF:$3.12;SGF>MEM:$4.15
SH00455,2026-09-28,Tulsa Beverage,TUL,STL,P,1530.1,53.9,TUL>SGF>STL,4,447.43,80.0,56.0,25.91,161.91,285.52,63.8,TUL>SGF:$11.78;SGF>STL:$14.13
SH00456,2026-09-28,Gateway Electronics,STL,TUL,P,512.4,46.6,STL>TUL,2,149.27,80.0,28.0,56.68,164.68,-15.41,-10.3,STL>TUL:$56.68
SH00457,2026-09-28,Tulsa Beverage,TUL,MEM,P,1853.5,62.0,TUL>MEM,2,557.6,80.0,28.0,30.94,138.94,418.66,75.1,TUL>MEM:$30.94
SH00458,2026-09-28,Crossroads Retail,MKC,SGF,E,429.1,33.9,MKC>SGF,2,87.23,80.0,28.0,5.68,113.68,-26.45,-30.3,MKC>SGF:$5.68
SH00459,2026-09-28,KC Food Dist,MKC,MEM,E,874.0,28.4,MKC>MEM,2,242.69,80.0,28.0,11.76,119.76,122.93,50.7,MKC>MEM:$11.76
SH00460,2026-09-28,Midwest Apparel,MKC,TUL,P,1143.2,139.9,MKC>TUL,2,295.53,80.0,28.0,60.17,168.17,127.36,43.1,MKC>TUL:$60.17
SH00461,2026-09-28,KC Food Dist,MKC,STL,P,1018.0,28.3,MKC>STL,2,256.14,80.0,28.0,8.04,116.04,140.1,54.7,MKC>STL:$8.04
SH00462,2026-09-28,Midwest Apparel,MKC,STL,P,362.1,48.6,MKC>STL,2,92.56,80.0,28.0,13.8,121.8,-29.24,-31.6,MKC>STL:$13.80
SH00463,2026-09-28,AutoParts Co,SGF,MEM,P,1050.7,39.0,SGF>MEM,2,321.08,80.0,28.0,11.33,119.33,201.75,62.8,SGF>MEM:$11.33
SH00464,2026-09-28,KC Food Dist,MKC,STL,E,1744.1,52.4,MKC>STL,2,438.64,80.0,28.0,14.88,122.88,315.76,72.0,MKC>STL:$14.88
SH00465,2026-09-28,KC Food Dist,MKC,SGF,P,2027.0,60.5,MKC>SGF,2,573.8,80.0,28.0,10.14,118.14,455.66,79.4,MKC>SGF:$10.14
SH00466,2026-09-28,Gateway Electronics,STL,SGF,P,135.8,12.2,STL>SGF,2,35.5,80.0,28.0,3.2,111.2,-75.7,-213.2,STL>SGF:$3.20
SH00467,2026-09-28,Crossroads Retail,MKC,TUL,P,1656.1,159.9,MKC>TUL,2,469.52,80.0,28.0,68.77,176.77,292.75,62.4,MKC>TUL:$68.77
SH00468,2026-09-28,AutoParts Co,SGF,TUL,E,896.8,40.9,SGF>TUL,2,200.18,80.0,28.0,8.94,116.94,83.24,41.6,SGF>TUL:$8.94
SH00469,2026-09-28,Ozark Building,SGF,MEM,E,1187.8,52.3,SGF>MEM,2,238.55,80.0,28.0,15.19,123.19,115.36,48.4,SGF>MEM:$15.19
SH00470,2026-09-28,Tulsa Beverage,TUL,MEM,E,1699.8,60.1,TUL>SGF>MEM,4,443.79,80.0,56.0,30.59,166.59,277.2,62.5,TUL>SGF:$13.13;SGF>MEM:$17.45
SH00471,2026-09-28,Plains Pharma,TUL,SGF,P,466.9,36.4,TUL>SGF,2,125.17,80.0,28.0,7.95,115.95,9.22,7.4,TUL>SGF:$7.95
SH00472,2026-09-28,Gateway Electronics,STL,MKC,P,479.1,39.6,STL>MKC,2,107.07,80.0,28.0,11.24,119.24,-12.17,-11.4,STL>MKC:$11.24
SH00473,2026-09-28,Paper Mill Supply,STL,MKC,E,1522.5,88.5,STL>MKC,2,406.29,80.0,28.0,25.13,133.13,273.16,67.2,STL>MKC:$25.13
SH00474,2026-09-28,Paper Mill Supply,STL,MEM,E,1850.5,101.2,STL>MEM,2,465.53,80.0,28.0,33.12,141.12,324.41,69.7,STL>MEM:$33.12
SH00475,2026-09-28,Gateway Electronics,STL,MEM,P,1042.0,100.1,STL>MEM,2,314.56,80.0,28.0,32.76,140.76,173.8,55.3,STL>MEM:$32.76
SH00476,2026-09-28,Gateway Electronics,STL,MKC,P,456.0,55.1,STL>MKC,2,112.78,80.0,28.0,15.64,123.64,-10.86,-9.6,STL>MKC:$15.64
SH00477,2026-09-28,AutoParts Co,SGF,MEM,P,780.2,35.4,SGF>MEM,2,203.02,80.0,28.0,10.28,118.28,84.74,41.7,SGF>MEM:$10.28
SH00478,2026-09-28,Crossroads Retail,MKC,SGF,P,498.9,50.9,MKC>SGF,2,134.63,80.0,28.0,8.53,116.53,18.1,13.4,MKC>SGF:$8.53
SH00479,2026-09-28,Plains Pharma,TUL,SGF,P,98.7,8.5,TUL>SGF,2,26.79,80.0,28.0,1.86,109.86,-83.07,-310.1,TUL>SGF:$1.86
SH00480,2026-09-28,AutoParts Co,SGF,MEM,E,329.3,14.0,SGF>MEM,2,77.76,80.0,28.0,4.07,112.07,-34.31,-44.1,SGF>MEM:$4.07
SH00481,2026-09-28,Paper Mill Supply,STL,MEM,P,1827.9,91.1,STL>MEM,2,510.34,80.0,28.0,29.81,137.81,372.53,73.0,STL>MEM:$29.81
SH00482,2026-09-28,Midwest Apparel,MKC,SGF,P,808.4,86.8,MKC>SGF,2,169.36,80.0,28.0,14.55,122.55,46.81,27.6,MKC>SGF:$14.55
SH00483,2026-09-28,AutoParts Co,SGF,MEM,P,845.6,44.1,SGF>MEM,2,242.66,80.0,28.0,12.81,120.81,121.85,50.2,SGF>MEM:$12.81
SH00484,2026-09-28,Paper Mill Supply,STL,MEM,P,1386.6,81.5,STL>MEM,2,379.76,80.0,28.0,26.67,134.67,245.09,64.5,STL>MEM:$26.67
SH00485,2026-09-28,AutoParts Co,SGF,MKC,P,848.3,38.5,SGF>MKC,2,198.96,80.0,28.0,6.45,114.45,84.51,42.5,SGF>MKC:$6.45
SH00486,2026-09-28,Memphis Machinery,MEM,TUL,P,1454.0,56.0,MEM>TUL,2,465.53,80.0,28.0,27.94,135.94,329.59,70.8,MEM>TUL:$27.94
SH00487,2026-09-28,AutoParts Co,SGF,TUL,P,973.8,42.1,SGF>TUL,2,253.42,80.0,28.0,9.2,117.2,136.22,53.8,SGF>TUL:$9.20
SH00488,2026-09-28,Gateway Electronics,STL,MKC,P,546.2,41.8,STL>MKC,2,134.7,80.0,28.0,11.87,119.87,14.83,11.0,STL>MKC:$11.87
SH00489,2026-09-28,Gateway Electronics,STL,MEM,P,421.0,43.7,STL>MEM,2,134.11,80.0,28.0,14.3,122.3,11.81,8.8,STL>MEM:$14.30
SH00490,2026-09-28,Memphis Machinery,MEM,TUL,P,2186.6,90.5,MEM>TUL,2,689.29,80.0,28.0,45.16,153.16,536.13,77.8,MEM>TUL:$45.16
SH00491,2026-09-28,Midwest Apparel,MKC,MEM,E,297.9,45.4,MKC>MEM,2,68.06,80.0,28.0,18.8,126.8,-58.74,-86.3,MKC>MEM:$18.80
SH00492,2026-09-28,Tulsa Beverage,TUL,STL,P,1641.9,72.3,TUL>SGF>STL,4,536.3,80.0,56.0,34.76,170.76,365.54,68.2,TUL>SGF:$15.80;SGF>STL:$18.96
SH00493,2026-09-28,KC Food Dist,MKC,SGF,E,1016.8,37.0,MKC>SGF,2,221.62,80.0,28.0,6.2,114.2,107.42,48.5,MKC>SGF:$6.20
SH00494,2026-09-28,Delta Plastics,MEM,SGF,P,1222.3,120.0,MEM>SGF,2,339.8,80.0,28.0,34.85,142.85,196.95,58.0,MEM>SGF:$34.85
SH00495,2026-09-28,Memphis Machinery,MEM,TUL,E,2015.2,71.0,MEM>TUL,2,564.13,80.0,28.0,35.43,143.43,420.7,74.6,MEM>TUL:$35.43
SH00496,2026-09-28,Crossroads Retail,MKC,STL,P,543.7,50.7,MKC>STL,2,131.61,80.0,28.0,14.4,122.4,9.21,7.0,MKC>STL:$14.40
SH00497,2026-09-28,Ozark Furniture,SGF,MEM,P,515.2,77.3,SGF>MEM,2,140.74,80.0,28.0,22.45,130.45,10.29,7.3,SGF>MEM:$22.45
SH00498,2026-09-28,Ozark Building,SGF,MKC,E,80.0,5.0,SGF>MKC,2,16.11,80.0,28.0,0.84,108.84,-92.73,-575.6,SGF>MKC:$0.84
SH00499,2026-09-28,Ozark Building,SGF,MKC,P,2393.1,135.0,SGF>MKC,2,588.07,80.0,28.0,22.63,130.63,457.44,77.8,SGF>MKC:$22.63
SH00500,2026-09-28,Paper Mill Supply,STL,TUL,P,1709.7,94.5,STL>TUL,2,527.71,80.0,28.0,114.95,222.95,304.76,57.8,STL>TUL:$114.95
SH00501,2026-09-28,AutoParts Co,SGF,TUL,P,974.5,43.0,SGF>TUL,2,246.36,80.0,28.0,9.4,117.4,128.96,52.3,SGF>TUL:$9.40
SH00502,2026-09-28,Gateway Electronics,STL,MKC,E,202.2,21.9,STL>MKC,2,47.23,80.0,28.0,6.22,114.22,-66.99,-141.8,STL>MKC:$6.22
SH00503,2026-09-28,AutoParts Co,SGF,MEM,P,677.1,27.5,SGF>MEM,2,198.17,80.0,28.0,7.99,115.99,82.18,41.5,SGF>MEM:$7.99
SH00504,2026-09-28,Memphis Machinery,MEM,MKC,P,1887.2,89.5,MEM>MKC,2,500.67,80.0,28.0,37.06,145.06,355.61,71.0,MEM>MKC:$37.06
SH00505,2026-09-28,Delta Plastics,MEM,STL,P,798.3,88.8,MEM>STL,2,222.26,80.0,28.0,29.06,137.06,85.2,38.3,MEM>STL:$29.06
SH00506,2026-09-28,Memphis Machinery,MEM,STL,E,1980.6,63.6,MEM>STL,2,415.76,80.0,28.0,20.81,128.81,286.95,69.0,MEM>STL:$20.81
SH00507,2026-09-28,Gateway Electronics,STL,TUL,P,80.0,8.2,STL>TUL,2,22.64,80.0,28.0,9.97,117.97,-95.33,-421.1,STL>TUL:$9.97
SH00508,2026-09-28,AutoParts Co,SGF,MKC,E,558.5,25.6,SGF>MKC,2,114.54,80.0,28.0,4.29,112.29,2.25,2.0,SGF>MKC:$4.29
SH00509,2026-09-28,KC Food Dist,MKC,SGF,E,1713.6,58.2,MKC>SGF,2,332.83,80.0,28.0,9.76,117.76,215.07,64.6,MKC>SGF:$9.76
SH00510,2026-09-28,KC Food Dist,MKC,STL,P,1731.9,52.9,MKC>STL,2,436.91,80.0,28.0,15.02,123.02,313.89,71.8,MKC>STL:$15.02
SH00511,2026-09-28,Gateway Electronics,STL,MKC,P,133.1,14.3,STL>MKC,2,34.49,80.0,28.0,4.06,112.06,-77.57,-224.9,STL>MKC:$4.06
SH00512,2026-09-28,Midwest Apparel,MKC,TUL,P,1034.5,146.1,MKC>TUL,2,285.6,80.0,28.0,62.83,170.83,114.77,40.2,MKC>TUL:$62.83
SH00513,2026-09-28,Tulsa Beverage,TUL,MKC,P,2964.0,108.8,TUL>MKC,2,808.99,80.0,28.0,46.79,154.79,654.2,80.9,TUL>MKC:$46.79
SH00514,2026-09-28,Crossroads Retail,MKC,MEM,E,671.5,62.5,MKC>MEM,2,162.81,80.0,28.0,25.88,133.88,28.93,17.8,MKC>MEM:$25.88
SH00515,2026-09-28,AutoParts Co,SGF,STL,E,1413.6,62.4,SGF>STL,2,317.32,80.0,28.0,16.36,124.36,192.96,60.8,SGF>STL:$16.36
SH00516,2026-09-28,Crossroads Retail,MKC,MEM,E,657.0,53.7,MKC>MEM,2,165.32,80.0,28.0,22.24,130.24,35.08,21.2,MKC>MEM:$22.24
SH00517,2026-09-28,Delta Plastics,MEM,MKC,E,1353.0,148.8,MEM>MKC,2,363.31,80.0,28.0,61.62,169.62,193.69,53.3,MEM>MKC:$61.62
SH00518,2026-09-28,Tulsa Beverage,TUL,MKC,P,1252.4,42.6,TUL>MKC,2,311.6,80.0,28.0,18.32,126.32,185.28,59.5,TUL>MKC:$18.32
SH00519,2026-09-28,KC Food Dist,MKC,SGF,P,1405.2,50.7,MKC>SGF,2,354.06,80.0,28.0,8.5,116.5,237.56,67.1,MKC>SGF:$8.50
SH00520,2026-09-28,Ozark Building,SGF,MKC,E,1526.4,77.8,SGF>MKC,2,360.78,80.0,28.0,13.04,121.04,239.74,66.5,SGF>MKC:$13.04
SH00521,2026-09-28,Memphis Machinery,MEM,STL,P,1732.6,69.2,MEM>STL,2,486.03,80.0,28.0,22.65,130.65,355.38,73.1,MEM>STL:$22.65
SH00522,2026-09-28,Gateway Electronics,STL,TUL,P,761.7,80.5,STL>TUL,2,223.29,80.0,28.0,97.92,205.92,17.37,7.8,STL>TUL:$97.92
SH00523,2026-09-28,Paper Mill Supply,STL,MKC,P,1446.1,77.3,STL>MKC,2,407.36,80.0,28.0,21.95,129.95,277.41,68.1,STL>MKC:$21.95
SH00524,2026-09-28,Tulsa Beverage,TUL,MKC,P,1326.5,47.0,TUL>MKC,2,383.03,80.0,28.0,20.21,128.21,254.82,66.5,TUL>MKC:$20.21
SH00525,2026-09-28,KC Food Dist,MKC,STL,E,1573.0,62.2,MKC>STL,2,388.2,80.0,28.0,17.66,125.66,262.54,67.6,MKC>STL:$17.66
SH00526,2026-09-28,KC Food Dist,MKC,STL,P,1766.7,62.6,MKC>STL,2,421.1,80.0,28.0,17.77,125.77,295.33,70.1,MKC>STL:$17.77
SH00527,2026-09-28,KC Food Dist,MKC,MEM,P,1590.8,43.1,MKC>MEM,2,431.05,80.0,28.0,17.85,125.85,305.2,70.8,MKC>MEM:$17.85
SH00528,2026-09-28,Paper Mill Supply,STL,SGF,P,1382.7,83.3,STL>SGF,2,297.44,80.0,28.0,21.84,129.84,167.6,56.3,STL>SGF:$21.84
SH00529,2026-09-28,KC Food Dist,MKC,SGF,P,460.0,17.1,MKC>SGF,2,132.99,80.0,28.0,2.87,110.87,22.12,16.6,MKC>SGF:$2.87
SH00530,2026-09-28,Memphis Machinery,MEM,SGF,E,1451.1,48.8,MEM>SGF,2,291.39,80.0,28.0,14.17,122.17,169.22,58.1,MEM>SGF:$14.17
SH00531,2026-09-28,Crossroads Retail,MKC,STL,P,499.7,49.6,MKC>STL,2,136.4,80.0,28.0,14.08,122.08,14.32,10.5,MKC>STL:$14.08
SH00532,2026-09-28,KC Food Dist,MKC,TUL,E,1671.2,48.0,MKC>TUL,2,370.72,80.0,28.0,20.64,128.64,242.08,65.3,MKC>TUL:$20.64
SH00533,2026-09-28,Crossroads Retail,MKC,STL,P,768.9,65.2,MKC>STL,2,195.49,80.0,28.0,18.51,126.51,68.98,35.3,MKC>STL:$18.51
SH00534,2026-09-28,Memphis Machinery,MEM,STL,P,1852.3,74.8,MEM>STL,2,577.48,80.0,28.0,24.48,132.48,445.0,77.1,MEM>STL:$24.48
SH00535,2026-09-28,Gateway Electronics,STL,MKC,P,580.7,65.6,STL>MKC,2,154.83,80.0,28.0,18.63,126.63,28.2,18.2,STL>MKC:$18.63
SH00536,2026-09-28,Midwest Apparel,MKC,TUL,E,970.9,138.0,MKC>TUL,2,231.39,80.0,28.0,59.35,167.35,64.04,27.7,MKC>TUL:$59.35
SH00537,2026-09-28,Delta Plastics,MEM,SGF,E,535.7,59.9,MEM>SGF,2,137.88,80.0,28.0,17.4,125.4,12.48,9.1,MEM>SGF:$17.40
SH00538,2026-09-28,Tulsa Beverage,TUL,SGF,P,1604.6,56.7,TUL>SGF,2,414.47,80.0,28.0,12.39,120.39,294.08,71.0,TUL>SGF:$12.39
SH00539,2026-09-28,Gateway Electronics,STL,MKC,P,783.0,78.8,STL>MKC,2,222.14,80.0,28.0,22.37,130.37,91.77,41.3,STL>MKC:$22.37
SH00540,2026-09-28,Crossroads Retail,MKC,STL,P,975.8,80.8,MKC>STL,2,297.32,80.0,28.0,22.94,130.94,166.38,56.0,MKC>STL:$22.94
SH00541,2026-09-28,Ozark Furniture,SGF,TUL,E,1052.5,133.2,SGF>TUL,2,272.26,80.0,28.0,29.1,137.1,135.16,49.6,SGF>TUL:$29.10
SH00542,2026-09-28,Delta Plastics,MEM,STL,P,876.7,108.5,MEM>STL,2,266.15,80.0,28.0,35.51,143.51,122.64,46.1,MEM>STL:$35.51
SH00543,2026-09-28,Ozark Building,SGF,STL,E,1903.9,95.0,SGF>STL,2,456.4,80.0,28.0,24.91,132.91,323.49,70.9,SGF>STL:$24.91
SH00544,2026-09-28,Tulsa Beverage,TUL,STL,E,1673.0,61.4,TUL>SGF>STL,4,410.16,80.0,56.0,29.52,165.52,244.64,59.6,TUL>SGF:$13.42;SGF>STL:$16.10
SH00545,2026-09-28,Ozark Building,SGF,TUL,P,1853.1,97.4,SGF>TUL,2,396.2,80.0,28.0,21.28,129.28,266.92,67.4,SGF>TUL:$21.28
SH00546,2026-09-28,KC Food Dist,MKC,SGF,P,1985.6,72.0,MKC>SGF,2,502.69,80.0,28.0,12.07,120.07,382.62,76.1,MKC>SGF:$12.07
SH00547,2026-09-28,Gateway Electronics,STL,MKC,P,743.7,69.0,STL>MKC,2,162.52,80.0,28.0,19.59,127.59,34.93,21.5,STL>MKC:$19.59
SH00548,2026-09-28,KC Food Dist,MKC,TUL,P,963.4,27.9,MKC>TUL,2,301.61,80.0,28.0,12.0,120.0,181.61,60.2,MKC>TUL:$12.00
SH00549,2026-09-28,Delta Plastics,MEM,TUL,P,1222.8,156.4,MEM>TUL,2,401.64,80.0,28.0,78.04,186.04,215.6,53.7,MEM>TUL:$78.04
SH00550,2026-09-28,Ozark Furniture,SGF,STL,E,777.8,117.4,SGF>STL,2,174.16,80.0,28.0,30.79,138.79,35.37,20.3,SGF>STL:$30.79
SH00551,2026-09-28,Delta Plastics,MEM,STL,P,529.8,55.3,MEM>STL,2,157.52,80.0,28.0,18.1,126.1,31.42,19.9,MEM>STL:$18.10
SH00552,2026-09-28,Paper Mill Supply,STL,MKC,P,1619.5,79.8,STL>MKC,2,436.16,80.0,28.0,22.66,130.66,305.5,70.0,STL>MKC:$22.66
SH00553,2026-09-28,Midwest Apparel,MKC,SGF,P,775.2,93.6,MKC>SGF,2,201.1,80.0,28.0,15.69,123.69,77.41,38.5,MKC>SGF:$15.69
SH00554,2026-09-28,KC Food Dist,MKC,STL,P,1253.1,41.0,MKC>STL,2,324.71,80.0,28.0,11.64,119.64,205.07,63.2,MKC>STL:$11.64
SH00555,2026-09-28,Tulsa Beverage,TUL,SGF,P,957.5,38.1,TUL>SGF,2,241.02,80.0,28.0,8.33,116.33,124.69,51.7,TUL>SGF:$8.33
SH00556,2026-09-28,Gateway Electronics,STL,SGF,P,480.6,41.1,STL>SGF,2,128.6,80.0,28.0,10.78,118.78,9.82,7.6,STL>SGF:$10.78
SH00557,2026-09-28,Ozark Furniture,SGF,TUL,E,322.2,46.5,SGF>TUL,2,80.64,80.0,28.0,10.16,118.16,-37.52,-46.5,SGF>TUL:$10.16
SH00558,2026-09-28,Midwest Apparel,MKC,SGF,P,473.0,57.7,MKC>SGF,2,114.79,80.0,28.0,9.67,117.67,-2.88,-2.5,MKC>SGF:$9.67
SH00559,2026-09-28,KC Food Dist,MKC,MEM,E,2237.5,72.5,MKC>MEM,2,528.04,80.0,28.0,30.02,138.02,390.02,73.9,MKC>MEM:$30.02
SH00560,2026-09-28,Midwest Apparel,MKC,STL,P,700.6,87.8,MKC>STL,2,179.33,80.0,28.0,24.93,132.93,46.4,25.9,MKC>STL:$24.93
SH00561,2026-09-28,Tulsa Beverage,TUL,MEM,P,1021.7,35.7,TUL>MEM,2,318.58,80.0,28.0,17.81,125.81,192.77,60.5,TUL>MEM:$17.81
SH00562,2026-09-28,Gateway Electronics,STL,TUL,P,367.7,35.2,STL>TUL,2,100.39,80.0,28.0,42.82,150.82,-50.43,-50.2,STL>TUL:$42.82
SH00563,2026-09-28,Tulsa Beverage,TUL,MKC,P,1016.5,40.8,TUL>MKC,2,264.2,80.0,28.0,17.55,125.55,138.65,52.5,TUL>MKC:$17.55
SH00564,2026-09-28,AutoParts Co,SGF,MKC,P,527.8,27.4,SGF>MKC,2,145.04,80.0,28.0,4.59,112.59,32.45,22.4,SGF>MKC:$4.59
SH00565,2026-09-28,AutoParts Co,SGF,TUL,E,1132.9,55.0,SGF>TUL,2,230.33,80.0,28.0,12.02,120.02,110.31,47.9,SGF>TUL:$12.02
SH00566,2026-09-28,Gateway Electronics,STL,TUL,P,333.0,34.1,STL>TUL,2,93.72,80.0,28.0,41.48,149.48,-55.76,-59.5,STL>TUL:$41.48
SH00567,2026-09-28,Tulsa Beverage,TUL,SGF,P,1850.1,66.4,TUL>SGF,2,438.98,80.0,28.0,14.51,122.51,316.47,72.1,TUL>SGF:$14.51
SH00568,2026-09-28,Paper Mill Supply,STL,MEM,E,809.3,38.5,STL>MEM,2,190.42,80.0,28.0,12.6,120.6,69.82,36.7,STL>MEM:$12.60
SH00569,2026-09-28,Crossroads Retail,MKC,STL,E,893.0,91.0,MKC>STL,2,193.46,80.0,28.0,25.84,133.84,59.62,30.8,MKC>STL:$25.84
SH00570,2026-09-28,Ozark Furniture,SGF,MEM,E,795.1,119.3,SGF>MEM,2,188.65,80.0,28.0,34.65,142.65,46.0,24.4,SGF>MEM:$34.65
SH00571,2026-09-28,Tulsa Beverage,TUL,MKC,E,1636.9,55.6,TUL>SGF>MKC,4,382.03,80.0,56.0,21.47,157.47,224.56,58.8,TUL>SGF:$12.15;SGF>MKC:$9.32
SH00572,2026-09-28,Tulsa Beverage,TUL,MKC,E,2357.0,68.8,TUL>SGF>MKC,4,544.83,80.0,56.0,26.57,162.57,382.26,70.2,TUL>SGF:$15.03;SGF>MKC:$11.53
SH00573,2026-09-28,Ozark Building,SGF,TUL,E,1595.3,73.1,SGF>TUL,2,316.78,80.0,28.0,15.97,123.97,192.81,60.9,SGF>TUL:$15.97
SH00574,2026-09-28,Memphis Machinery,MEM,STL,E,1285.4,58.6,MEM>STL,2,274.84,80.0,28.0,19.18,127.18,147.66,53.7,MEM>STL:$19.18
SH00575,2026-09-28,KC Food Dist,MKC,STL,E,1517.0,50.6,MKC>STL,2,284.95,80.0,28.0,14.37,122.37,162.58,57.1,MKC>STL:$14.37
SH00576,2026-09-28,KC Food Dist,MKC,STL,P,2029.1,60.1,MKC>STL,2,550.33,80.0,28.0,17.06,125.06,425.27,77.3,MKC>STL:$17.06
SH00577,2026-09-28,Midwest Apparel,MKC,TUL,E,811.7,90.7,MKC>TUL,2,204.48,80.0,28.0,39.01,147.01,57.47,28.1,MKC>TUL:$39.01
SH00578,2026-09-28,Crossroads Retail,MKC,SGF,P,1041.1,86.5,MKC>SGF,2,249.27,80.0,28.0,14.5,122.5,126.77,50.9,MKC>SGF:$14.50
SH00579,2026-09-28,KC Food Dist,MKC,STL,E,2271.1,79.3,MKC>STL,2,496.64,80.0,28.0,22.52,130.52,366.12,73.7,MKC>STL:$22.52
SH00580,2026-09-28,Ozark Furniture,SGF,TUL,E,461.0,58.6,SGF>TUL,2,92.75,80.0,28.0,12.8,120.8,-28.05,-30.2,SGF>TUL:$12.80
SH00581,2026-09-28,Tulsa Beverage,TUL,SGF,E,2162.6,85.5,TUL>SGF,2,467.35,80.0,28.0,18.68,126.68,340.67,72.9,TUL>SGF:$18.68
SH00582,2026-09-28,Midwest Apparel,MKC,MEM,P,854.3,90.6,MKC>MEM,2,256.19,80.0,28.0,37.52,145.52,110.67,43.2,MKC>MEM:$37.52
SH00583,2026-09-28,Midwest Apparel,MKC,TUL,P,152.8,22.4,MKC>TUL,2,42.69,80.0,28.0,9.63,117.63,-74.94,-175.6,MKC>TUL:$9.63
SH00584,2026-09-28,Ozark Furniture,SGF,MEM,E,633.6,95.9,SGF>MEM,2,148.62,80.0,28.0,27.85,135.85,12.77,8.6,SGF>MEM:$27.85
SH00585,2026-09-28,KC Food Dist,MKC,SGF,E,2565.4,84.2,MKC>SGF,2,553.36,80.0,28.0,14.11,122.11,431.25,77.9,MKC>SGF:$14.11
SH00586,2026-09-28,AutoParts Co,SGF,STL,E,1519.0,71.2,SGF>STL,2,304.89,80.0,28.0,18.67,126.67,178.22,58.5,SGF>STL:$18.67
SH00587,2026-09-28,Plains Pharma,TUL,MEM,P,269.4,21.5,TUL>MEM,2,79.1,80.0,28.0,10.73,118.73,-39.63,-50.1,TUL>MEM:$10.73
SH00588,2026-09-28,Plains Pharma,TUL,SGF,P,818.4,66.1,TUL>SGF,2,228.06,80.0,28.0,14.44,122.44,105.62,46.3,TUL>SGF:$14.44
SH00589,2026-09-28,KC Food Dist,MKC,SGF,E,590.5,19.3,MKC>SGF,2,141.27,80.0,28.0,3.24,111.24,30.03,21.3,MKC>SGF:$3.24
SH00590,2026-09-28,Ozark Furniture,SGF,MKC,P,693.6,87.1,SGF>MKC,2,173.04,80.0,28.0,14.6,122.6,50.44,29.1,SGF>MKC:$14.60
SH00591,2026-09-28,Gateway Electronics,STL,MEM,P,692.7,69.3,STL>MEM,2,199.14,80.0,28.0,22.68,130.68,68.46,34.4,STL>MEM:$22.68
SH00592,2026-09-28,Ozark Building,SGF,STL,P,394.2,21.0,SGF>STL,2,84.08,80.0,28.0,5.51,113.51,-29.43,-35.0,SGF>STL:$5.51
SH00593,2026-09-28,KC Food Dist,MKC,SGF,P,1767.0,58.1,MKC>SGF,2,522.78,80.0,28.0,9.74,117.74,405.04,77.5,MKC>SGF:$9.74
SH00594,2026-09-28,Plains Pharma,TUL,MKC,P,866.9,63.3,TUL>MKC,2,240.17,80.0,28.0,27.22,135.22,104.95,43.7,TUL>MKC:$27.22
SH00595,2026-09-28,Crossroads Retail,MKC,STL,E,451.7,44.7,MKC>STL,2,112.42,80.0,28.0,12.69,120.69,-8.27,-7.4,MKC>STL:$12.69
SH00596,2026-09-28,AutoParts Co,SGF,TUL,P,1145.2,58.6,SGF>TUL,2,312.05,80.0,28.0,12.8,120.8,191.25,61.3,SGF>TUL:$12.80
SH00597,2026-09-28,Memphis Machinery,MEM,MKC,E,1764.3,75.6,MEM>MKC,2,488.37,80.0,28.0,31.31,139.31,349.06,71.5,MEM>MKC:$31.31
SH00598,2026-09-28,Crossroads Retail,MKC,TUL,E,773.8,83.0,MKC>TUL,2,153.11,80.0,28.0,35.7,143.7,9.41,6.1,MKC>TUL:$35.70
SH00599,2026-09-28,Memphis Machinery,MEM,MKC,E,812.9,28.2,MEM>MKC,2,203.49,80.0,28.0,11.68,119.68,83.81,41.2,MEM>MKC:$11.68
SH00600,2026-09-28,Paper Mill Supply,STL,MEM,E,2054.6,94.0,STL>MEM,2,488.15,80.0,28.0,30.76,138.76,349.39,71.6,STL>MEM:$30.76
SH00601,2026-09-28,Gateway Electronics,STL,MEM,P,487.7,51.0,STL>MEM,2,150.96,80.0,28.0,16.69,124.69,26.27,17.4,STL>MEM:$16.69
SH00602,2026-09-28,Ozark Furniture,SGF,MKC,P,1140.7,173.7,SGF>MKC,2,268.66,80.0,28.0,29.12,137.12,131.54,49.0,SGF>MKC:$29.12
SH00603,2026-09-28,AutoParts Co,SGF,STL,P,189.2,8.1,SGF>STL,2,45.06,80.0,28.0,2.12,110.12,-65.06,-144.4,SGF>STL:$2.12
SH00604,2026-09-28,KC Food Dist,MKC,STL,E,1378.9,57.4,MKC>STL,2,342.3,80.0,28.0,16.3,124.3,218.0,63.7,MKC>STL:$16.30
SH00605,2026-09-28,KC Food Dist,MKC,SGF,P,1747.8,53.8,MKC>SGF,2,398.78,80.0,28.0,9.02,117.02,281.76,70.7,MKC>SGF:$9.02
SH00606,2026-09-28,Delta Plastics,MEM,SGF,P,986.7,104.3,MEM>SGF,2,279.59,80.0,28.0,30.29,138.29,141.3,50.5,MEM>SGF:$30.29
SH00607,2026-09-28,Midwest Apparel,MKC,TUL,P,676.1,84.5,MKC>TUL,2,192.03,80.0,28.0,36.34,144.34,47.69,24.8,MKC>TUL:$36.34
SH00608,2026-09-28,Gateway Electronics,STL,MKC,E,414.5,40.4,STL>MKC,2,91.57,80.0,28.0,11.47,119.47,-27.9,-30.5,STL>MKC:$11.47
SH00609,2026-09-28,Midwest Apparel,MKC,TUL,P,819.3,114.5,MKC>TUL,2,196.99,80.0,28.0,49.24,157.24,39.75,20.2,MKC>TUL:$49.24
SH00610,2026-09-28,Midwest Apparel,MKC,SGF,P,224.7,25.3,MKC>SGF,2,56.27,80.0,28.0,4.24,112.24,-55.97,-99.5,MKC>SGF:$4.24
SH00611,2026-09-28,Memphis Machinery,MEM,SGF,P,2635.9,111.7,MEM>SGF,2,670.89,80.0,28.0,32.44,140.44,530.45,79.1,MEM>SGF:$32.44
SH00612,2026-09-28,AutoParts Co,SGF,MKC,E,1180.5,51.8,SGF>MKC,2,246.54,80.0,28.0,8.68,116.68,129.86,52.7,SGF>MKC:$8.68
SH00613,2026-09-28,Paper Mill Supply,STL,TUL,E,1442.5,76.6,STL>SGF>TUL,4,299.77,80.0,56.0,36.82,172.82,126.95,42.3,STL>SGF:$20.09;SGF>TUL:$16.74
SH00614,2026-09-28,Gateway Electronics,STL,MKC,P,541.6,50.5,STL>MKC,2,123.0,80.0,28.0,14.34,122.34,0.66,0.5,STL>MKC:$14.34
SH00615,2026-09-28,KC Food Dist,MKC,SGF,P,2294.2,88.6,MKC>SGF,2,671.76,80.0,28.0,14.85,122.85,548.91,81.7,MKC>SGF:$14.85
SH00616,2026-09-28,Ozark Building,SGF,STL,E,1263.9,54.1,SGF>STL,2,274.24,80.0,28.0,14.19,122.19,152.05,55.4,SGF>STL:$14.19
SH00617,2026-09-28,Delta Plastics,MEM,STL,E,968.2,86.1,MEM>STL,2,243.7,80.0,28.0,28.18,136.18,107.52,44.1,MEM>STL:$28.18
SH00618,2026-09-28,Gateway Electronics,STL,MKC,P,394.4,39.4,STL>MKC,2,109.53,80.0,28.0,11.19,119.19,-9.66,-8.8,STL>MKC:$11.19
SH00619,2026-09-28,Memphis Machinery,MEM,STL,P,1482.1,64.7,MEM>STL,2,409.41,80.0,28.0,21.17,129.17,280.24,68.4,MEM>STL:$21.17
SH00620,2026-09-28,Ozark Furniture,SGF,MEM,P,1167.7,165.4,SGF>MEM,2,297.32,80.0,28.0,48.03,156.03,141.29,47.5,SGF>MEM:$48.03
SH00621,2026-09-28,AutoParts Co,SGF,TUL,E,1204.2,56.3,SGF>TUL,2,274.32,80.0,28.0,12.3,120.3,154.02,56.1,SGF>TUL:$12.30
SH00622,2026-09-28,Crossroads Retail,MKC,MEM,P,707.0,70.6,MKC>MEM,2,188.22,80.0,28.0,29.24,137.24,50.98,27.1,MKC>MEM:$29.24
SH00623,2026-09-28,Delta Plastics,MEM,TUL,E,658.1,68.1,MEM>TUL,2,176.69,80.0,28.0,33.98,141.98,34.71,19.6,MEM>TUL:$33.98
SH00624,2026-09-28,Ozark Furniture,SGF,MKC,E,821.3,104.7,SGF>MKC,2,131.6,80.0,28.0,17.55,125.55,6.05,4.6,SGF>MKC:$17.55
SH00625,2026-09-28,Ozark Building,SGF,MKC,P,216.6,12.6,SGF>MKC,2,62.64,80.0,28.0,2.11,110.11,-47.47,-75.8,SGF>MKC:$2.11
SH00626,2026-09-28,Tulsa Beverage,TUL,MKC,P,1186.1,39.4,TUL>MKC,2,332.59,80.0,28.0,16.94,124.94,207.65,62.4,TUL>MKC:$16.94
SH00627,2026-09-28,KC Food Dist,MKC,SGF,P,3036.0,92.5,MKC>SGF,2,790.23,80.0,28.0,15.51,123.51,666.72,84.4,MKC>SGF:$15.51
SH00628,2026-09-28,Ozark Building,SGF,STL,P,875.0,43.2,SGF>STL,2,242.58,80.0,28.0,11.33,119.33,123.25,50.8,SGF>STL:$11.33
SH00629,2026-09-28,AutoParts Co,SGF,STL,E,324.3,15.7,SGF>STL,2,72.08,80.0,28.0,4.12,112.12,-40.04,-55.5,SGF>STL:$4.12
SH00630,2026-09-28,Plains Pharma,TUL,MKC,E,513.7,53.2,TUL>SGF>MKC,4,108.04,80.0,56.0,20.54,156.54,-48.5,-44.9,TUL>SGF:$11.62;SGF>MKC:$8.92
SH00631,2026-09-28,Midwest Apparel,MKC,SGF,P,93.0,10.9,MKC>SGF,2,22.35,80.0,28.0,1.83,109.83,-87.48,-391.4,MKC>SGF:$1.83
SH00632,2026-09-28,AutoParts Co,SGF,STL,P,627.7,29.3,SGF>STL,2,148.82,80.0,28.0,7.68,115.68,33.14,22.3,SGF>STL:$7.68
SH00633,2026-09-28,KC Food Dist,MKC,MEM,P,1164.4,41.7,MKC>MEM,2,349.71,80.0,28.0,17.27,125.27,224.44,64.2,MKC>MEM:$17.27
SH00634,2026-09-28,Ozark Building,SGF,MEM,P,1179.8,67.7,SGF>MEM,2,357.91,80.0,28.0,19.66,127.66,230.25,64.3,SGF>MEM:$19.66
SH00635,2026-09-28,Paper Mill Supply,STL,MEM,E,751.7,41.3,STL>MEM,2,179.73,80.0,28.0,13.52,121.52,58.21,32.4,STL>MEM:$13.52
SH00636,2026-09-28,Crossroads Retail,MKC,STL,E,528.3,43.8,MKC>STL,2,113.43,80.0,28.0,12.44,120.44,-7.01,-6.2,MKC>STL:$12.44
SH00637,2026-09-28,Midwest Apparel,MKC,TUL,E,251.0,33.7,MKC>TUL,2,43.38,80.0,28.0,14.49,122.49,-79.11,-182.4,MKC>TUL:$14.49
SH00638,2026-09-28,Plains Pharma,TUL,MKC,P,80.0,6.6,TUL>MKC,2,21.26,80.0,28.0,2.84,110.84,-89.58,-421.3,TUL>MKC:$2.84
SH00639,2026-09-28,Paper Mill Supply,STL,SGF,P,1088.6,48.7,STL>SGF,2,277.52,80.0,28.0,12.77,120.77,156.75,56.5,STL>SGF:$12.77
SH00640,2026-09-28,AutoParts Co,SGF,MKC,E,358.3,17.4,SGF>MKC,2,73.59,80.0,28.0,2.92,110.92,-37.33,-50.7,SGF>MKC:$2.92
SH00641,2026-09-28,Paper Mill Supply,STL,MEM,P,690.1,38.3,STL>MEM,2,207.35,80.0,28.0,12.53,120.53,86.82,41.9,STL>MEM:$12.53
SH00642,2026-09-28,Tulsa Beverage,TUL,MKC,E,2267.0,73.2,TUL>SGF>MKC,4,517.74,80.0,56.0,28.26,164.26,353.48,68.3,TUL>SGF:$15.99;SGF>MKC:$12.27
SH00643,2026-09-28,Tulsa Beverage,TUL,STL,P,947.6,30.7,TUL>SGF>STL,4,320.58,80.0,56.0,14.76,150.76,169.82,53.0,TUL>SGF:$6.71;SGF>STL:$8.05
SH00644,2026-09-28,Gateway Electronics,STL,MKC,E,135.7,15.9,STL>MKC,2,34.8,80.0,28.0,4.51,112.51,-77.71,-223.3,STL>MKC:$4.51
SH00645,2026-09-28,Tulsa Beverage,TUL,MEM,P,1597.0,54.6,TUL>MEM,2,510.4,80.0,28.0,27.25,135.25,375.15,73.5,TUL>MEM:$27.25
SH00646,2026-09-28,Tulsa Beverage,TUL,MEM,P,599.8,22.1,TUL>MEM,2,175.17,80.0,28.0,11.03,119.03,56.14,32.1,TUL>MEM:$11.03
SH00647,2026-09-28,KC Food Dist,MKC,TUL,P,2150.0,71.3,MKC>TUL,2,568.9,80.0,28.0,30.66,138.66,430.24,75.6,MKC>TUL:$30.66
SH00648,2026-09-28,Paper Mill Supply,STL,SGF,P,826.2,46.4,STL>SGF,2,213.79,80.0,28.0,12.17,120.17,93.62,43.8,STL>SGF:$12.17
SH00649,2026-09-28,AutoParts Co,SGF,MKC,E,110.4,5.0,SGF>MKC,2,18.56,80.0,28.0,0.84,108.84,-90.28,-486.4,SGF>MKC:$0.84
SH00650,2026-09-28,Paper Mill Supply,STL,MKC,P,653.0,40.2,STL>MKC,2,194.67,80.0,28.0,11.41,119.41,75.26,38.7,STL>MKC:$11.41
SH00651,2026-09-28,Tulsa Beverage,TUL,SGF,E,2088.8,67.2,TUL>SGF,2,397.25,80.0,28.0,14.68,122.68,274.57,69.1,TUL>SGF:$14.68
SH00652,2026-09-28,Paper Mill Supply,STL,MKC,P,1813.4,99.2,STL>MKC,2,530.1,80.0,28.0,28.17,136.17,393.93,74.3,STL>MKC:$28.17
SH00653,2026-09-28,Paper Mill Supply,STL,TUL,P,955.5,58.7,STL>TUL,2,274.49,80.0,28.0,71.4,179.4,95.09,34.6,STL>TUL:$71.40
SH00654,2026-09-28,Plains Pharma,TUL,SGF,P,510.4,41.8,TUL>SGF,2,123.71,80.0,28.0,9.13,117.13,6.58,5.3,TUL>SGF:$9.13
SH00655,2026-09-28,KC Food Dist,MKC,STL,E,857.6,26.3,MKC>STL,2,180.32,80.0,28.0,7.47,115.47,64.85,36.0,MKC>STL:$7.47
SH00656,2026-09-28,Tulsa Beverage,TUL,STL,P,1928.0,62.9,TUL>SGF>STL,4,528.44,80.0,56.0,30.24,166.24,362.2,68.5,TUL>SGF:$13.74;SGF>STL:$16.49
SH00657,2026-09-28,Ozark Building,SGF,MKC,P,1266.7,72.3,SGF>MKC,2,346.35,80.0,28.0,12.12,120.12,226.23,65.3,SGF>MKC:$12.12
SH00658,2026-09-28,Gateway Electronics,STL,MEM,P,541.3,56.2,STL>MEM,2,158.79,80.0,28.0,18.39,126.39,32.4,20.4,STL>MEM:$18.39
SH00659,2026-09-28,Tulsa Beverage,TUL,MEM,P,992.6,37.6,TUL>MEM,2,299.59,80.0,28.0,18.76,126.76,172.83,57.7,TUL>MEM:$18.76
SH00660,2026-09-28,Midwest Apparel,MKC,SGF,E,772.9,102.7,MKC>SGF,2,131.47,80.0,28.0,17.21,125.21,6.26,4.8,MKC>SGF:$17.21
SH00661,2026-09-28,Tulsa Beverage,TUL,MEM,P,1680.8,71.7,TUL>MEM,2,589.63,80.0,28.0,35.78,143.78,445.85,75.6,TUL>MEM:$35.78
SH00662,2026-09-28,Ozark Building,SGF,MEM,P,878.8,41.8,SGF>MEM,2,252.39,80.0,28.0,12.14,120.14,132.25,52.4,SGF>MEM:$12.14
SH00663,2026-09-28,Paper Mill Supply,STL,MEM,P,1461.4,75.9,STL>MEM,2,408.45,80.0,28.0,24.84,132.84,275.61,67.5,STL>MEM:$24.84
SH00664,2026-09-28,KC Food Dist,MKC,MEM,E,1385.6,44.2,MKC>MEM,2,352.56,80.0,28.0,18.3,126.3,226.26,64.2,MKC>MEM:$18.30
SH00665,2026-09-28,Crossroads Retail,MKC,STL,P,989.3,89.1,MKC>STL,2,289.93,80.0,28.0,25.3,133.3,156.63,54.0,MKC>STL:$25.30
SH00666,2026-09-28,AutoParts Co,SGF,MKC,P,892.4,41.5,SGF>MKC,2,236.06,80.0,28.0,6.96,114.96,121.1,51.3,SGF>MKC:$6.96
SH00667,2026-09-28,KC Food Dist,MKC,STL,P,2472.2,77.5,MKC>STL,2,663.0,80.0,28.0,22.0,130.0,533.0,80.4,MKC>STL:$22.00
SH00668,2026-09-28,Midwest Apparel,MKC,MEM,E,1079.8,130.4,MKC>MEM,2,261.35,80.0,28.0,54.0,162.0,99.35,38.0,MKC>MEM:$54.00
SH00669,2026-09-28,Paper Mill Supply,STL,MKC,E,744.5,40.2,STL>MKC,2,190.03,80.0,28.0,11.41,119.41,70.62,37.2,STL>MKC:$11.41
SH00670,2026-09-28,Tulsa Beverage,TUL,MEM,P,1846.0,68.8,TUL>MEM,2,549.95,80.0,28.0,34.33,142.33,407.62,74.1,TUL>MEM:$34.33
SH00671,2026-09-28,AutoParts Co,SGF,MEM,P,1042.4,47.2,SGF>MEM,2,331.56,80.0,28.0,13.71,121.71,209.85,63.3,SGF>MEM:$13.71
SH00672,2026-09-28,Paper Mill Supply,STL,SGF,P,889.0,51.0,STL>SGF,2,235.88,80.0,28.0,13.37,121.37,114.51,48.5,STL>SGF:$13.37
SH00673,2026-09-28,Tulsa Beverage,TUL,MEM,E,1414.8,55.8,TUL>SGF>MEM,4,371.53,80.0,56.0,28.4,164.4,207.13,55.8,TUL>SGF:$12.19;SGF>MEM:$16.20
SH00674,2026-09-28,Ozark Furniture,SGF,STL,P,425.5,59.4,SGF>STL,2,113.16,80.0,28.0,15.58,123.58,-10.42,-9.2,SGF>STL:$15.58
SH00675,2026-09-28,AutoParts Co,SGF,MKC,E,819.6,37.9,SGF>MKC,2,172.56,80.0,28.0,6.35,114.35,58.21,33.7,SGF>MKC:$6.35
SH00676,2026-09-28,Tulsa Beverage,TUL,MEM,E,2823.4,101.3,TUL>SGF>MEM,4,677.06,80.0,56.0,51.55,187.55,489.51,72.3,TUL>SGF:$22.13;SGF>MEM:$29.42
SH00677,2026-09-28,Ozark Furniture,SGF,STL,P,786.1,135.2,SGF>STL,2,197.15,80.0,28.0,35.45,143.45,53.7,27.2,SGF>STL:$35.45
SH00678,2026-09-28,Tulsa Beverage,TUL,SGF,E,2436.1,107.7,TUL>SGF,2,547.08,80.0,28.0,23.53,131.53,415.55,76.0,TUL>SGF:$23.53
SH00679,2026-09-28,Crossroads Retail,MKC,MEM,P,659.7,63.8,MKC>MEM,2,203.64,80.0,28.0,26.42,134.42,69.22,34.0,MKC>MEM:$26.42
SH00680,2026-09-28,Tulsa Beverage,TUL,MKC,P,1539.7,52.0,TUL>MKC,2,434.99,80.0,28.0,22.36,130.36,304.63,70.0,TUL>MKC:$22.36
SH00681,2026-09-28,Ozark Building,SGF,STL,E,1436.8,80.2,SGF>STL,2,365.75,80.0,28.0,21.03,129.03,236.72,64.7,SGF>STL:$21.03
SH00682,2026-09-28,KC Food Dist,MKC,SGF,P,1790.5,63.1,MKC>SGF,2,515.7,80.0,28.0,10.58,118.58,397.12,77.0,MKC>SGF:$10.58
SH00683,2026-09-28,Gateway Electronics,STL,TUL,E,735.3,83.5,STL>SGF>TUL,4,166.36,80.0,56.0,40.14,176.14,-9.78,-5.9,STL>SGF:$21.90;SGF>TUL:$18.25
SH00684,2026-09-28,Ozark Building,SGF,STL,E,1225.2,56.4,SGF>STL,2,294.6,80.0,28.0,14.79,122.79,171.81,58.3,SGF>STL:$14.79
SH00685,2026-09-28,Memphis Machinery,MEM,SGF,E,2301.7,71.4,MEM>SGF,2,547.91,80.0,28.0,20.74,128.74,419.17,76.5,MEM>SGF:$20.74
SH00686,2026-09-28,Gateway Electronics,STL,MEM,E,754.7,64.7,STL>MEM,2,160.15,80.0,28.0,21.17,129.17,30.98,19.3,STL>MEM:$21.17
SH00687,2026-09-28,Tulsa Beverage,TUL,MEM,E,1569.1,57.8,TUL>SGF>MEM,4,395.22,80.0,56.0,29.42,165.42,229.8,58.1,TUL>SGF:$12.63;SGF>MEM:$16.79
SH00688,2026-09-28,Ozark Furniture,SGF,TUL,E,1004.4,140.6,SGF>TUL,2,238.25,80.0,28.0,30.72,138.72,99.53,41.8,SGF>TUL:$30.72
SH00689,2026-09-28,Tulsa Beverage,TUL,STL,P,2761.1,94.4,TUL>SGF>STL,4,907.9,80.0,56.0,45.38,181.38,726.52,80.0,TUL>SGF:$20.63;SGF>STL:$24.75
SH00690,2026-09-28,Paper Mill Supply,STL,SGF,P,1399.4,74.1,STL>SGF,2,369.66,80.0,28.0,19.43,127.43,242.23,65.5,STL>SGF:$19.43
SH00691,2026-09-28,Plains Pharma,TUL,STL,E,273.9,21.3,TUL>SGF>STL,4,76.36,80.0,56.0,10.24,146.24,-69.88,-91.5,TUL>SGF:$4.65;SGF>STL:$5.59
SH00692,2026-09-28,Crossroads Retail,MKC,STL,P,666.4,62.1,MKC>STL,2,168.28,80.0,28.0,17.63,125.63,42.65,25.3,MKC>STL:$17.63
SH00693,2026-09-28,Delta Plastics,MEM,TUL,E,683.1,83.5,MEM>TUL,2,159.45,80.0,28.0,41.67,149.67,9.78,6.1,MEM>TUL:$41.67
SH00694,2026-09-28,AutoParts Co,SGF,TUL,P,1094.8,61.6,SGF>TUL,2,284.82,80.0,28.0,13.46,121.46,163.36,57.4,SGF>TUL:$13.46
SH00695,2026-09-28,Plains Pharma,TUL,MKC,P,530.2,44.5,TUL>MKC,2,149.74,80.0,28.0,19.14,127.14,22.6,15.1,TUL>MKC:$19.14
SH00696,2026-09-28,Ozark Building,SGF,TUL,P,1542.2,74.8,SGF>TUL,2,361.14,80.0,28.0,16.34,124.34,236.8,65.6,SGF>TUL:$16.34
SH00697,2026-09-28,Gateway Electronics,STL,MKC,E,778.4,69.8,STL>MKC,2,196.95,80.0,28.0,19.82,127.82,69.13,35.1,STL>MKC:$19.82
SH00698,2026-09-28,Tulsa Beverage,TUL,SGF,P,1526.2,58.1,TUL>SGF,2,385.47,80.0,28.0,12.7,120.7,264.77,68.7,TUL>SGF:$12.70
SH00699,2026-09-28,AutoParts Co,SGF,MEM,P,1129.7,54.8,SGF>MEM,2,309.83,80.0,28.0,15.91,123.91,185.92,60.0,SGF>MEM:$15.91
SH00700,2026-09-28,Memphis Machinery,MEM,MKC,P,1189.8,52.8,MEM>MKC,2,347.81,80.0,28.0,21.87,129.87,217.94,62.7,MEM>MKC:$21.87
SH00701,2026-09-28,Delta Plastics,MEM,STL,P,558.4,53.7,MEM>STL,2,165.05,80.0,28.0,17.57,125.57,39.48,23.9,MEM>STL:$17.57
SH00702,2026-09-28,Tulsa Beverage,TUL,SGF,E,1920.1,64.2,TUL>SGF,2,405.98,80.0,28.0,14.03,122.03,283.95,69.9,TUL>SGF:$14.03
SH00703,2026-09-28,AutoParts Co,SGF,STL,E,552.6,23.8,SGF>STL,2,111.77,80.0,28.0,6.24,114.24,-2.47,-2.2,SGF>STL:$6.24
SH00704,2026-09-28,Ozark Furniture,SGF,MEM,P,655.7,83.8,SGF>MEM,2,165.61,80.0,28.0,24.34,132.34,33.27,20.1,SGF>MEM:$24.34
SH00705,2026-09-28,Paper Mill Supply,STL,MKC,E,1992.6,116.1,STL>MKC,2,424.72,80.0,28.0,32.96,140.96,283.76,66.8,STL>MKC:$32.96
SH00706,2026-09-28,AutoParts Co,SGF,MEM,P,1164.5,56.2,SGF>MEM,2,322.27,80.0,28.0,16.32,124.32,197.95,61.4,SGF>MEM:$16.32
SH00707,2026-09-28,Midwest Apparel,MKC,SGF,P,208.1,25.9,MKC>SGF,2,66.74,80.0,28.0,4.34,112.34,-45.6,-68.3,MKC>SGF:$4.34
SH00708,2026-09-28,Ozark Furniture,SGF,MKC,P,454.7,69.6,SGF>MKC,2,123.54,80.0,28.0,11.67,119.67,3.87,3.1,SGF>MKC:$11.67
SH00709,2026-09-28,Ozark Furniture,SGF,STL,P,641.2,83.5,SGF>STL,2,128.58,80.0,28.0,21.9,129.9,-1.32,-1.0,SGF>STL:$21.90
SH00710,2026-09-28,Gateway Electronics,STL,MEM,E,434.8,44.3,STL>MEM,2,111.44,80.0,28.0,14.5,122.5,-11.06,-9.9,STL>MEM:$14.50
SH00711,2026-09-28,AutoParts Co,SGF,STL,E,773.1,28.4,SGF>STL,2,179.08,80.0,28.0,7.45,115.45,63.63,35.5,SGF>STL:$7.45
SH00712,2026-09-28,KC Food Dist,MKC,MEM,P,426.7,13.0,MKC>MEM,2,125.68,80.0,28.0,5.38,113.38,12.3,9.8,MKC>MEM:$5.38
SH00713,2026-09-28,Plains Pharma,TUL,STL,E,269.1,21.4,TUL>SGF>STL,4,56.23,80.0,56.0,10.29,146.29,-90.06,-160.2,TUL>SGF:$4.68;SGF>STL:$5.61
SH00714,2026-09-28,Gateway Electronics,STL,MKC,P,246.9,26.7,STL>MKC,2,69.09,80.0,28.0,7.58,115.58,-46.49,-67.3,STL>MKC:$7.58
SH00715,2026-09-28,Midwest Apparel,MKC,SGF,P,337.2,42.4,MKC>SGF,2,85.09,80.0,28.0,7.11,115.11,-30.02,-35.3,MKC>SGF:$7.11
SH00716,2026-09-28,Gateway Electronics,STL,TUL,E,473.6,44.0,STL>SGF>TUL,4,112.16,80.0,56.0,21.15,157.15,-44.99,-40.1,STL>SGF:$11.54;SGF>TUL:$9.61
SH00717,2026-09-28,KC Food Dist,MKC,TUL,E,1306.0,44.3,MKC>TUL,2,321.17,80.0,28.0,19.05,127.05,194.12,60.4,MKC>TUL:$19.05
SH00718,2026-09-28,Crossroads Retail,MKC,MEM,E,774.2,59.0,MKC>MEM,2,167.86,80.0,28.0,24.43,132.43,35.43,21.1,MKC>MEM:$24.43
SH00719,2026-09-28,Plains Pharma,TUL,SGF,E,394.8,32.2,TUL>SGF,2,91.53,80.0,28.0,7.04,115.04,-23.51,-25.7,TUL>SGF:$7.04
SH00720,2026-09-28,KC Food Dist,MKC,SGF,E,1821.7,61.5,MKC>SGF,2,370.54,80.0,28.0,10.31,118.31,252.23,68.1,MKC>SGF:$10.31
SH00721,2026-09-28,Midwest Apparel,MKC,TUL,E,870.8,117.4,MKC>TUL,2,203.58,80.0,28.0,50.49,158.49,45.09,22.1,MKC>TUL:$50.49
SH00722,2026-09-28,Tulsa Beverage,TUL,SGF,E,1946.5,76.8,TUL>SGF,2,375.47,80.0,28.0,16.78,124.78,250.69,66.8,TUL>SGF:$16.78
SH00723,2026-09-28,Memphis Machinery,MEM,TUL,P,2082.2,100.4,MEM>TUL,2,613.53,80.0,28.0,50.1,158.1,455.43,74.2,MEM>TUL:$50.10
SH00724,2026-09-28,Tulsa Beverage,TUL,MKC,E,1464.7,40.2,TUL>SGF>MKC,4,304.98,80.0,56.0,15.52,151.52,153.46,50.3,TUL>SGF:$8.78;SGF>MKC:$6.74
SH00725,2026-09-28,Ozark Furniture,SGF,MEM,P,616.9,86.0,SGF>MEM,2,163.93,80.0,28.0,24.98,132.98,30.95,18.9,SGF>MEM:$24.98
SH00726,2026-09-28,Midwest Apparel,MKC,TUL,E,520.9,56.6,MKC>TUL,2,105.33,80.0,28.0,24.34,132.34,-27.01,-25.6,MKC>TUL:$24.34
SH00727,2026-09-28,Memphis Machinery,MEM,SGF,P,1153.2,38.6,MEM>SGF,2,345.58,80.0,28.0,11.21,119.21,226.37,65.5,MEM>SGF:$11.21
SH00728,2026-09-28,Crossroads Retail,MKC,STL,P,891.8,73.0,MKC>STL,2,259.14,80.0,28.0,20.73,128.73,130.41,50.3,MKC>STL:$20.73
SH00729,2026-09-28,Midwest Apparel,MKC,SGF,P,658.7,96.0,MKC>SGF,2,151.42,80.0,28.0,16.09,124.09,27.33,18.0,MKC>SGF:$16.09
SH00730,2026-09-28,KC Food Dist,MKC,SGF,E,1421.7,50.6,MKC>SGF,2,282.97,80.0,28.0,8.48,116.48,166.49,58.8,MKC>SGF:$8.48
SH00731,2026-09-28,KC Food Dist,MKC,STL,P,1736.4,56.5,MKC>STL,2,515.14,80.0,28.0,16.04,124.04,391.1,75.9,MKC>STL:$16.04
SH00732,2026-09-28,Midwest Apparel,MKC,TUL,E,1046.0,133.4,MKC>TUL,2,238.29,80.0,28.0,57.37,165.37,72.92,30.6,MKC>TUL:$57.37
SH00733,2026-09-28,Memphis Machinery,MEM,SGF,P,2740.3,105.1,MEM>SGF,2,720.47,80.0,28.0,30.52,138.52,581.95,80.8,MEM>SGF:$30.52
SH00734,2026-09-28,Ozark Furniture,SGF,MKC,P,564.1,75.6,SGF>MKC,2,137.91,80.0,28.0,12.67,120.67,17.24,12.5,SGF>MKC:$12.67
SH00735,2026-09-28,Memphis Machinery,MEM,SGF,P,1995.1,75.0,MEM>SGF,2,543.46,80.0,28.0,21.78,129.78,413.68,76.1,MEM>SGF:$21.78
SH00736,2026-09-28,Tulsa Beverage,TUL,SGF,P,1265.3,44.5,TUL>SGF,2,350.64,80.0,28.0,9.72,117.72,232.92,66.4,TUL>SGF:$9.72
SH00737,2026-09-28,Memphis Machinery,MEM,STL,P,2047.9,75.7,MEM>STL,2,562.11,80.0,28.0,24.77,132.77,429.34,76.4,MEM>STL:$24.77
SH00738,2026-09-28,AutoParts Co,SGF,MKC,E,147.0,6.4,SGF>MKC,2,36.02,80.0,28.0,1.07,109.07,-73.05,-202.8,SGF>MKC:$1.07
SH00739,2026-09-28,Ozark Building,SGF,STL,P,1671.7,83.8,SGF>STL,2,425.93,80.0,28.0,21.97,129.97,295.96,69.5,SGF>STL:$21.97
SH00740,2026-09-28,KC Food Dist,MKC,SGF,E,1366.1,46.2,MKC>SGF,2,255.65,80.0,28.0,7.74,115.74,139.91,54.7,MKC>SGF:$7.74
SH00741,2026-09-28,AutoParts Co,SGF,MKC,E,1086.9,50.8,SGF>MKC,2,242.78,80.0,28.0,8.52,116.52,126.26,52.0,SGF>MKC:$8.52
SH00742,2026-09-28,Delta Plastics,MEM,STL,E,818.7,103.0,MEM>STL,2,186.77,80.0,28.0,33.71,141.71,45.06,24.1,MEM>STL:$33.71
SH00743,2026-09-28,KC Food Dist,MKC,TUL,E,2029.4,69.0,MKC>TUL,2,443.49,80.0,28.0,29.67,137.67,305.82,69.0,MKC>TUL:$29.67
SH00744,2026-09-28,Gateway Electronics,STL,MEM,P,334.2,34.9,STL>MEM,2,85.15,80.0,28.0,11.42,119.42,-34.27,-40.2,STL>MEM:$11.42
SH00745,2026-09-28,AutoParts Co,SGF,MEM,E,361.6,13.8,SGF>MEM,2,84.51,80.0,28.0,4.01,112.01,-27.5,-32.5,SGF>MEM:$4.01
SH00746,2026-09-28,Memphis Machinery,MEM,SGF,E,858.2,33.9,MEM>SGF,2,208.79,80.0,28.0,9.84,117.84,90.95,43.6,MEM>SGF:$9.84
SH00747,2026-09-28,AutoParts Co,SGF,MEM,P,242.4,12.1,SGF>MEM,2,67.71,80.0,28.0,3.51,111.51,-43.8,-64.7,SGF>MEM:$3.51
SH00748,2026-09-28,Paper Mill Supply,STL,SGF,E,753.3,40.8,STL>SGF,2,139.41,80.0,28.0,10.7,118.7,20.71,14.9,STL>SGF:$10.70
SH00749,2026-09-28,Gateway Electronics,STL,MEM,P,375.2,42.0,STL>MEM,2,109.84,80.0,28.0,13.75,121.75,-11.91,-10.8,STL>MEM:$13.75
SH00750,2026-09-28,Tulsa Beverage,TUL,STL,E,724.0,29.6,TUL>SGF>STL,4,156.45,80.0,56.0,14.23,150.23,6.22,4.0,TUL>SGF:$6.47;SGF>STL:$7.76
SH00751,2026-09-28,Delta Plastics,MEM,STL,P,902.2,100.1,MEM>STL,2,269.58,80.0,28.0,32.76,140.76,128.82,47.8,MEM>STL:$32.76
SH00752,2026-09-28,Tulsa Beverage,TUL,MEM,P,2061.7,78.1,TUL>MEM,2,588.14,80.0,28.0,38.97,146.97,441.17,75.0,TUL>MEM:$38.97
SH00753,2026-09-28,Paper Mill Supply,STL,TUL,P,1443.1,82.2,STL>TUL,2,467.34,80.0,28.0,99.98,207.98,259.36,55.5,STL>TUL:$99.98
SH00754,2026-09-28,Crossroads Retail,MKC,STL,P,1046.2,97.5,MKC>STL,2,267.62,80.0,28.0,27.68,135.68,131.94,49.3,MKC>STL:$27.68
SH00755,2026-09-28,Paper Mill Supply,STL,MEM,P,1064.8,61.4,STL>MEM,2,290.22,80.0,28.0,20.09,128.09,162.13,55.9,STL>MEM:$20.09
SH00756,2026-09-28,Memphis Machinery,MEM,TUL,P,2032.1,82.9,MEM>TUL,2,529.99,80.0,28.0,41.37,149.37,380.62,71.8,MEM>TUL:$41.37
SH00757,2026-09-28,Gateway Electronics,STL,MKC,P,598.3,64.4,STL>MKC,2,191.87,80.0,28.0,18.29,126.29,65.58,34.2,STL>MKC:$18.29
SH00758,2026-09-28,KC Food Dist,MKC,MEM,P,1700.2,60.1,MKC>MEM,2,521.69,80.0,28.0,24.89,132.89,388.8,74.5,MKC>MEM:$24.89
SH00759,2026-09-28,Delta Plastics,MEM,STL,P,930.2,102.9,MEM>STL,2,266.87,80.0,28.0,33.68,141.68,125.19,46.9,MEM>STL:$33.68
SH00760,2026-09-28,AutoParts Co,SGF,STL,E,1003.0,45.1,SGF>STL,2,192.17,80.0,28.0,11.83,119.83,72.34,37.6,SGF>STL:$11.83
SH00761,2026-09-28,AutoParts Co,SGF,MEM,E,527.2,21.2,SGF>MEM,2,127.23,80.0,28.0,6.16,114.16,13.07,10.3,SGF>MEM:$6.16
SH00762,2026-09-28,Ozark Building,SGF,TUL,P,1926.6,97.2,SGF>TUL,2,443.92,80.0,28.0,21.24,129.24,314.68,70.9,SGF>TUL:$21.24
SH00763,2026-09-28,Paper Mill Supply,STL,SGF,P,1380.2,84.5,STL>SGF,2,371.42,80.0,28.0,22.16,130.16,241.26,65.0,STL>SGF:$22.16
SH00764,2026-09-28,Tulsa Beverage,TUL,MEM,E,1552.7,58.1,TUL>SGF>MEM,4,380.69,80.0,56.0,29.57,165.57,215.12,56.5,TUL>SGF:$12.70;SGF>MEM:$16.87
SH00765,2026-09-28,Paper Mill Supply,STL,MEM,P,2208.3,121.6,STL>MEM,2,645.56,80.0,28.0,39.8,147.8,497.76,77.1,STL>MEM:$39.80
SH00766,2026-09-28,Memphis Machinery,MEM,MKC,E,1526.4,54.1,MEM>MKC,2,350.21,80.0,28.0,22.4,130.4,219.81,62.8,MEM>MKC:$22.40
SH00767,2026-09-28,Ozark Furniture,SGF,TUL,P,277.2,44.0,SGF>TUL,2,55.82,80.0,28.0,9.61,117.61,-61.79,-110.7,SGF>TUL:$9.61
SH00768,2026-09-28,KC Food Dist,MKC,MEM,E,1279.6,46.0,MKC>MEM,2,292.69,80.0,28.0,19.05,127.05,165.64,56.6,MKC>MEM:$19.05
SH00769,2026-09-28,AutoParts Co,SGF,MEM,E,419.1,19.2,SGF>MEM,2,89.94,80.0,28.0,5.58,113.58,-23.64,-26.3,SGF>MEM:$5.58
SH00770,2026-09-28,KC Food Dist,MKC,SGF,P,2569.7,93.7,MKC>SGF,2,713.75,80.0,28.0,15.71,123.71,590.04,82.7,MKC>SGF:$15.71
SH00771,2026-09-28,Gateway Electronics,STL,MKC,P,478.5,47.0,STL>MKC,2,127.71,80.0,28.0,13.34,121.34,6.37,5.0,STL>MKC:$13.34
SH00772,2026-09-28,Ozark Furniture,SGF,MEM,P,561.1,81.2,SGF>MEM,2,145.86,80.0,28.0,23.58,131.58,14.28,9.8,SGF>MEM:$23.58
SH00773,2026-09-28,Ozark Furniture,SGF,MEM,P,637.8,99.7,SGF>MEM,2,186.76,80.0,28.0,28.95,136.95,49.81,26.7,SGF>MEM:$28.95
SH00774,2026-09-28,Midwest Apparel,MKC,TUL,E,517.6,69.8,MKC>TUL,2,120.27,80.0,28.0,30.02,138.02,-17.75,-14.8,MKC>TUL:$30.02
SH00775,2026-09-28,Gateway Electronics,STL,MKC,P,876.1,73.5,STL>MKC,2,228.16,80.0,28.0,20.87,128.87,99.29,43.5,STL>MKC:$20.87
SH00776,2026-09-28,Paper Mill Supply,STL,MEM,P,1666.9,92.7,STL>MEM,2,486.48,80.0,28.0,30.34,138.34,348.14,71.6,STL>MEM:$30.34
SH00777,2026-09-28,Gateway Electronics,STL,MEM,E,477.2,50.1,STL>MEM,2,86.41,80.0,28.0,16.4,124.4,-37.99,-44.0,STL>MEM:$16.40
SH00778,2026-09-28,Crossroads Retail,MKC,TUL,E,168.4,16.9,MKC>TUL,2,34.44,80.0,28.0,7.27,115.27,-80.83,-234.7,MKC>TUL:$7.27
SH00779,2026-09-28,Gateway Electronics,STL,MKC,P,80.0,8.0,STL>MKC,2,20.94,80.0,28.0,2.27,110.27,-89.33,-426.6,STL>MKC:$2.27
SH00780,2026-09-28,Paper Mill Supply,STL,SGF,E,819.9,46.7,STL>SGF,2,150.02,80.0,28.0,12.25,120.25,29.77,19.8,STL>SGF:$12.25
SH00781,2026-09-28,Ozark Furniture,SGF,STL,P,782.4,122.1,SGF>STL,2,218.71,80.0,28.0,32.02,140.02,78.69,36.0,SGF>STL:$32.02
SH00782,2026-09-28,Gateway Electronics,STL,MEM,P,400.4,43.0,STL>MEM,2,125.29,80.0,28.0,14.07,122.07,3.22,2.6,STL>MEM:$14.07
SH00783,2026-09-28,Delta Plastics,MEM,SGF,P,565.6,61.5,MEM>SGF,2,156.44,80.0,28.0,17.86,125.86,30.58,19.5,MEM>SGF:$17.86
SH00784,2026-09-28,Crossroads Retail,MKC,STL,E,668.3,62.9,MKC>STL,2,147.8,80.0,28.0,17.86,125.86,21.94,14.8,MKC>STL:$17.86
SH00785,2026-09-28,Midwest Apparel,MKC,MEM,P,661.6,86.6,MKC>MEM,2,174.95,80.0,28.0,35.86,143.86,31.09,17.8,MKC>MEM:$35.86
SH00786,2026-09-28,Delta Plastics,MEM,STL,P,529.3,57.8,MEM>STL,2,155.68,80.0,28.0,18.92,126.92,28.76,18.5,MEM>STL:$18.92
SH00787,2026-09-28,Midwest Apparel,MKC,STL,E,501.8,56.8,MKC>STL,2,107.7,80.0,28.0,16.13,124.13,-16.43,-15.3,MKC>STL:$16.13
SH00788,2026-09-28,Gateway Electronics,STL,SGF,P,583.9,61.2,STL>SGF,2,149.37,80.0,28.0,16.05,124.05,25.32,17.0,STL>SGF:$16.05
SH00789,2026-09-28,Plains Pharma,TUL,SGF,P,555.6,47.5,TUL>SGF,2,157.17,80.0,28.0,10.38,118.38,38.79,24.7,TUL>SGF:$10.38
SH00790,2026-09-28,AutoParts Co,SGF,STL,E,946.7,50.3,SGF>STL,2,222.57,80.0,28.0,13.19,121.19,101.38,45.5,SGF>STL:$13.19
SH00791,2026-09-28,Delta Plastics,MEM,TUL,E,860.0,96.8,MEM>TUL,2,214.73,80.0,28.0,48.3,156.3,58.43,27.2,MEM>TUL:$48.30
SH00792,2026-09-28,Paper Mill Supply,STL,SGF,P,1381.2,86.6,STL>SGF,2,390.97,80.0,28.0,22.71,130.71,260.26,66.6,STL>SGF:$22.71
SH00793,2026-09-28,Gateway Electronics,STL,MKC,E,203.8,20.6,STL>MKC,2,37.6,80.0,28.0,5.85,113.85,-76.25,-202.8,STL>MKC:$5.85
SH00794,2026-09-28,Tulsa Beverage,TUL,MEM,P,1864.2,69.0,TUL>MEM,2,551.65,80.0,28.0,34.43,142.43,409.22,74.2,TUL>MEM:$34.43
SH00795,2026-09-28,Plains Pharma,TUL,MKC,E,394.4,27.2,TUL>SGF>MKC,4,103.77,80.0,56.0,10.5,146.5,-42.73,-41.2,TUL>SGF:$5.94;SGF>MKC:$4.56
SH00796,2026-09-28,Paper Mill Supply,STL,MKC,E,1145.5,56.0,STL>MKC,2,241.31,80.0,28.0,15.9,123.9,117.41,48.7,STL>MKC:$15.90
SH00797,2026-09-28,AutoParts Co,SGF,STL,E,326.5,16.7,SGF>STL,2,64.34,80.0,28.0,4.38,112.38,-48.04,-74.7,SGF>STL:$4.38
SH00798,2026-09-28,Midwest Apparel,MKC,MEM,E,591.2,82.8,MKC>MEM,2,153.09,80.0,28.0,34.29,142.29,10.8,7.1,MKC>MEM:$34.29
SH00799,2026-09-28,Ozark Building,SGF,TUL,E,1576.3,67.5,SGF>TUL,2,252.68,80.0,28.0,14.75,122.75,129.93,51.4,SGF>TUL:$14.75
SH00800,2026-09-28,Gateway Electronics,STL,MKC,P,608.2,77.7,STL>MKC,2,160.88,80.0,28.0,22.06,130.06,30.82,19.2,STL>MKC:$22.06
SH00801,2026-09-28,Midwest Apparel,MKC,TUL,P,892.1,97.9,MKC>TUL,2,259.32,80.0,28.0,42.1,150.1,109.22,42.1,MKC>TUL:$42.10
SH00802,2026-09-28,Gateway Electronics,STL,SGF,E,128.5,14.9,STL>SGF,2,28.03,80.0,28.0,3.91,111.91,-83.88,-299.2,STL>SGF:$3.91
SH00803,2026-09-28,Ozark Furniture,SGF,STL,P,931.3,121.3,SGF>STL,2,272.82,80.0,28.0,31.81,139.81,133.01,48.8,SGF>STL:$31.81
SH00804,2026-09-28,Plains Pharma,TUL,SGF,P,434.8,37.5,TUL>SGF,2,122.61,80.0,28.0,8.19,116.19,6.42,5.2,TUL>SGF:$8.19
SH00805,2026-09-28,Tulsa Beverage,TUL,STL,E,2127.1,68.7,TUL>SGF>STL,4,523.6,80.0,56.0,33.03,169.03,354.57,67.7,TUL>SGF:$15.01;SGF>STL:$18.02
SH00806,2026-09-28,KC Food Dist,MKC,STL,E,1852.2,44.1,MKC>STL,2,402.68,80.0,28.0,12.52,120.52,282.16,70.1,MKC>STL:$12.52
SH00807,2026-09-28,Midwest Apparel,MKC,TUL,E,88.2,11.0,MKC>TUL,2,19.25,80.0,28.0,4.73,112.73,-93.48,-485.6,MKC>TUL:$4.73
SH00808,2026-09-28,Plains Pharma,TUL,MEM,E,143.3,12.1,TUL>SGF>MEM,4,39.23,80.0,56.0,6.16,142.16,-102.93,-262.4,TUL>SGF:$2.64;SGF>MEM:$3.51
SH00809,2026-09-28,Tulsa Beverage,TUL,SGF,P,1488.3,60.2,TUL>SGF,2,388.01,80.0,28.0,13.15,121.15,266.86,68.8,TUL>SGF:$13.15
SH00810,2026-09-28,Midwest Apparel,MKC,TUL,E,580.2,64.3,MKC>TUL,2,136.37,80.0,28.0,27.65,135.65,0.72,0.5,MKC>TUL:$27.65
SH00811,2026-09-28,Plains Pharma,TUL,MEM,P,278.8,23.2,TUL>MEM,2,83.06,80.0,28.0,11.58,119.58,-36.52,-44.0,TUL>MEM:$11.58
SH00812,2026-09-28,Gateway Electronics,STL,MEM,P,525.3,53.4,STL>MEM,2,155.49,80.0,28.0,17.48,125.48,30.01,19.3,STL>MEM:$17.48
SH00813,2026-09-28,Paper Mill Supply,STL,MKC,P,1114.6,60.8,STL>MKC,2,312.03,80.0,28.0,17.26,125.26,186.77,59.9,STL>MKC:$17.26
SH00814,2026-09-28,Gateway Electronics,STL,MKC,E,348.9,39.6,STL>MKC,2,87.76,80.0,28.0,11.24,119.24,-31.48,-35.9,STL>MKC:$11.24
SH00815,2026-09-28,Tulsa Beverage,TUL,MEM,P,741.3,21.5,TUL>MEM,2,229.71,80.0,28.0,10.73,118.73,110.98,48.3,TUL>MEM:$10.73
SH00816,2026-09-28,Crossroads Retail,MKC,TUL,P,919.5,87.3,MKC>TUL,2,268.02,80.0,28.0,37.55,145.55,122.47,45.7,MKC>TUL:$37.55
SH00817,2026-09-28,Memphis Machinery,MEM,MKC,E,2840.0,123.4,MEM>MKC,2,661.47,80.0,28.0,51.1,159.1,502.37,75.9,MEM>MKC:$51.10
SH00818,2026-09-28,Crossroads Retail,MKC,SGF,E,885.8,89.2,MKC>SGF,2,179.6,80.0,28.0,14.95,122.95,56.65,31.5,MKC>SGF:$14.95
SH00819,2026-09-28,Delta Plastics,MEM,STL,P,1585.3,178.7,MEM>STL,2,459.95,80.0,28.0,58.48,166.48,293.47,63.8,MEM>STL:$58.48
SH00820,2026-09-28,Midwest Apparel,MKC,STL,E,454.5,54.2,MKC>STL,2,107.9,80.0,28.0,15.39,123.39,-15.49,-14.4,MKC>STL:$15.39
SH00821,2026-09-28,Gateway Electronics,STL,SGF,E,553.5,51.6,STL>SGF,2,103.0,80.0,28.0,13.53,121.53,-18.53,-18.0,STL>SGF:$13.53
SH00822,2026-09-28,Paper Mill Supply,STL,MKC,E,731.6,36.4,STL>MKC,2,163.1,80.0,28.0,10.34,118.34,44.76,27.4,STL>MKC:$10.34
SH00823,2026-09-28,Paper Mill Supply,STL,MKC,P,1046.1,51.1,STL>MKC,2,283.48,80.0,28.0,14.51,122.51,160.97,56.8,STL>MKC:$14.51
SH00824,2026-09-28,Delta Plastics,MEM,SGF,E,523.3,56.2,MEM>SGF,2,112.76,80.0,28.0,16.32,124.32,-11.56,-10.3,MEM>SGF:$16.32
SH00825,2026-09-28,Plains Pharma,TUL,MEM,E,619.2,54.0,TUL>SGF>MEM,4,141.91,80.0,56.0,27.48,163.48,-21.57,-15.2,TUL>SGF:$11.80;SGF>MEM:$15.68
SH00826,2026-09-28,AutoParts Co,SGF,STL,E,1570.1,61.6,SGF>STL,2,363.05,80.0,28.0,16.15,124.15,238.9,65.8,SGF>STL:$16.15
SH00827,2026-09-28,Tulsa Beverage,TUL,SGF,P,1279.9,52.5,TUL>SGF,2,288.84,80.0,28.0,11.47,119.47,169.37,58.6,TUL>SGF:$11.47
SH00828,2026-09-28,Ozark Furniture,SGF,STL,P,944.4,152.3,SGF>STL,2,248.72,80.0,28.0,39.94,147.94,100.78,40.5,SGF>STL:$39.94
SH00829,2026-09-28,Delta Plastics,MEM,STL,P,602.9,66.0,MEM>STL,2,168.06,80.0,28.0,21.6,129.6,38.46,22.9,MEM>STL:$21.60
SH00830,2026-09-28,Midwest Apparel,MKC,STL,P,705.6,93.1,MKC>STL,2,196.39,80.0,28.0,26.43,134.43,61.96,31.5,MKC>STL:$26.43
SH00831,2026-09-28,Gateway Electronics,STL,TUL,E,530.5,63.8,STL>SGF>TUL,4,137.92,80.0,56.0,30.67,166.67,-28.75,-20.8,STL>SGF:$16.73;SGF>TUL:$13.94
SH00832,2026-09-28,Ozark Furniture,SGF,MKC,E,378.7,39.9,SGF>MKC,2,81.98,80.0,28.0,6.69,114.69,-32.71,-39.9,SGF>MKC:$6.69
SH00833,2026-09-28,KC Food Dist,MKC,STL,P,2477.4,80.3,MKC>STL,2,723.18,80.0,28.0,22.8,130.8,592.38,81.9,MKC>STL:$22.80
SH00834,2026-09-28,Delta Plastics,MEM,STL,E,1065.3,103.6,MEM>STL,2,248.93,80.0,28.0,33.91,141.91,107.02,43.0,MEM>STL:$33.91
SH00835,2026-09-28,AutoParts Co,SGF,STL,E,561.3,26.3,SGF>STL,2,123.9,80.0,28.0,6.9,114.9,9.0,7.3,SGF>STL:$6.90
SH00836,2026-09-28,Paper Mill Supply,STL,SGF,P,1367.8,83.6,STL>SGF,2,384.75,80.0,28.0,21.92,129.92,254.83,66.2,STL>SGF:$21.92
SH00837,2026-09-28,AutoParts Co,SGF,MKC,E,1156.2,56.8,SGF>MKC,2,267.1,80.0,28.0,9.52,117.52,149.58,56.0,SGF>MKC:$9.52
SH00838,2026-09-28,AutoParts Co,SGF,TUL,P,547.1,19.5,SGF>TUL,2,152.32,80.0,28.0,4.26,112.26,40.06,26.3,SGF>TUL:$4.26
SH00839,2026-09-28,AutoParts Co,SGF,MKC,P,774.8,34.6,SGF>MKC,2,196.65,80.0,28.0,5.8,113.8,82.85,42.1,SGF>MKC:$5.80
SH00840,2026-09-28,Ozark Furniture,SGF,TUL,P,597.5,90.6,SGF>TUL,2,154.93,80.0,28.0,19.8,127.8,27.13,17.5,SGF>TUL:$19.80
SH00841,2026-09-28,AutoParts Co,SGF,MKC,P,1043.2,47.5,SGF>MKC,2,290.45,80.0,28.0,7.96,115.96,174.49,60.1,SGF>MKC:$7.96
SH00842,2026-09-28,Memphis Machinery,MEM,STL,P,2860.4,117.4,MEM>STL,2,838.88,80.0,28.0,38.42,146.42,692.46,82.5,MEM>STL:$38.42
SH00843,2026-09-28,Midwest Apparel,MKC,MEM,P,743.3,80.8,MKC>MEM,2,214.55,80.0,28.0,33.46,141.46,73.09,34.1,MKC>MEM:$33.46
SH00844,2026-09-28,Ozark Furniture,SGF,STL,E,598.4,90.5,SGF>STL,2,125.77,80.0,28.0,23.73,131.73,-5.96,-4.7,SGF>STL:$23.73
SH00845,2026-09-28,AutoParts Co,SGF,MKC,P,630.9,29.5,SGF>MKC,2,164.64,80.0,28.0,4.94,112.94,51.7,31.4,SGF>MKC:$4.94
SH00846,2026-09-28,Midwest Apparel,MKC,STL,P,451.6,55.6,MKC>STL,2,128.91,80.0,28.0,15.79,123.79,5.12,4.0,MKC>STL:$15.79
SH00847,2026-09-28,Crossroads Retail,MKC,MEM,E,585.3,43.7,MKC>MEM,2,140.3,80.0,28.0,18.1,126.1,14.2,10.1,MKC>MEM:$18.10
SH00848,2026-09-28,Midwest Apparel,MKC,TUL,E,543.3,61.2,MKC>TUL,2,123.17,80.0,28.0,26.32,134.32,-11.15,-9.1,MKC>TUL:$26.32
SH00849,2026-09-28,AutoParts Co,SGF,TUL,P,1430.4,68.7,SGF>TUL,2,359.87,80.0,28.0,15.01,123.01,236.86,65.8,SGF>TUL:$15.01
SH00850,2026-09-28,Delta Plastics,MEM,TUL,P,603.0,70.1,MEM>TUL,2,202.67,80.0,28.0,34.98,142.98,59.69,29.5,MEM>TUL:$34.98
SH00851,2026-09-28,Midwest Apparel,MKC,SGF,P,338.3,36.1,MKC>SGF,2,86.06,80.0,28.0,6.05,114.05,-27.99,-32.5,MKC>SGF:$6.05
SH00852,2026-09-28,Paper Mill Supply,STL,MKC,P,1744.2,85.1,STL>MKC,2,539.16,80.0,28.0,24.16,132.16,407.0,75.5,STL>MKC:$24.16
SH00853,2026-09-28,Gateway Electronics,STL,MEM,E,794.7,90.5,STL>MEM,2,212.09,80.0,28.0,29.62,137.62,74.47,35.1,STL>MEM:$29.62
SH00854,2026-09-28,Gateway Electronics,STL,TUL,E,643.6,61.6,STL>SGF>TUL,4,169.3,80.0,56.0,29.61,165.61,3.69,2.2,STL>SGF:$16.15;SGF>TUL:$13.46
SH00855,2026-09-28,KC Food Dist,MKC,SGF,E,834.2,31.3,MKC>SGF,2,149.2,80.0,28.0,5.25,113.25,35.95,24.1,MKC>SGF:$5.25
SH00856,2026-09-28,Memphis Machinery,MEM,STL,E,1116.3,40.2,MEM>STL,2,219.08,80.0,28.0,13.16,121.16,97.92,44.7,MEM>STL:$13.16
SH00857,2026-09-28,Ozark Building,SGF,MKC,P,2703.0,141.0,SGF>MKC,2,696.32,80.0,28.0,23.63,131.63,564.69,81.1,SGF>MKC:$23.63
SH00858,2026-09-28,Ozark Building,SGF,MKC,E,780.8,37.9,SGF>MKC,2,144.38,80.0,28.0,6.35,114.35,30.03,20.8,SGF>MKC:$6.35
SH00859,2026-09-28,Tulsa Beverage,TUL,STL,E,1760.1,72.3,TUL>SGF>STL,4,420.33,80.0,56.0,34.76,170.76,249.57,59.4,TUL>SGF:$15.80;SGF>STL:$18.96
SH00860,2026-09-28,Tulsa Beverage,TUL,SGF,P,1414.0,46.0,TUL>SGF,2,426.15,80.0,28.0,10.05,118.05,308.1,72.3,TUL>SGF:$10.05
SH00861,2026-09-28,AutoParts Co,SGF,MKC,P,1250.7,60.5,SGF>MKC,2,261.48,80.0,28.0,10.14,118.14,143.34,54.8,SGF>MKC:$10.14
SH00862,2026-09-28,Tulsa Beverage,TUL,SGF,P,1249.0,50.2,TUL>SGF,2,343.55,80.0,28.0,10.97,118.97,224.58,65.4,TUL>SGF:$10.97
SH00863,2026-09-28,Midwest Apparel,MKC,SGF,P,504.8,62.3,MKC>SGF,2,124.09,80.0,28.0,10.44,118.44,5.65,4.6,MKC>SGF:$10.44
SH00864,2026-09-28,Ozark Building,SGF,STL,P,1166.1,67.5,SGF>STL,2,275.78,80.0,28.0,17.7,125.7,150.08,54.4,SGF>STL:$17.70
SH00865,2026-09-28,Memphis Machinery,MEM,TUL,P,1684.1,75.5,MEM>TUL,2,444.11,80.0,28.0,37.67,145.67,298.44,67.2,MEM>TUL:$37.67
SH00866,2026-09-28,Memphis Machinery,MEM,SGF,E,2211.6,85.7,MEM>SGF,2,532.29,80.0,28.0,24.89,132.89,399.4,75.0,MEM>SGF:$24.89
SH00867,2026-09-28,Plains Pharma,TUL,SGF,E,356.0,29.2,TUL>SGF,2,77.37,80.0,28.0,6.38,114.38,-37.01,-47.8,TUL>SGF:$6.38
SH00868,2026-09-28,Memphis Machinery,MEM,MKC,P,1858.2,63.1,MEM>MKC,2,537.67,80.0,28.0,26.13,134.13,403.54,75.1,MEM>MKC:$26.13
SH00869,2026-09-28,KC Food Dist,MKC,TUL,P,1237.3,40.3,MKC>TUL,2,359.99,80.0,28.0,17.33,125.33,234.66,65.2,MKC>TUL:$17.33
SH00870,2026-09-28,Paper Mill Supply,STL,MKC,P,664.5,32.0,STL>MKC,2,207.89,80.0,28.0,9.09,117.09,90.8,43.7,STL>MKC:$9.09
SH00871,2026-09-28,Delta Plastics,MEM,STL,P,356.4,39.0,MEM>STL,2,112.59,80.0,28.0,12.76,120.76,-8.17,-7.3,MEM>STL:$12.76
SH00872,2026-09-28,Ozark Furniture,SGF,STL,P,1117.3,136.7,SGF>STL,2,324.13,80.0,28.0,35.85,143.85,180.28,55.6,SGF>STL:$35.85
SH00873,2026-09-28,Memphis Machinery,MEM,SGF,P,2897.7,103.8,MEM>SGF,2,856.31,80.0,28.0,30.14,138.14,718.17,83.9,MEM>SGF:$30.14
SH00874,2026-09-28,Ozark Furniture,SGF,MEM,E,333.2,45.3,SGF>MEM,2,85.14,80.0,28.0,13.16,121.16,-36.02,-42.3,SGF>MEM:$13.16
SH00875,2026-09-28,Delta Plastics,MEM,TUL,E,1028.0,109.4,MEM>TUL,2,283.04,80.0,28.0,54.59,162.59,120.45,42.6,MEM>TUL:$54.59
SH00876,2026-09-28,Ozark Building,SGF,MEM,P,1288.8,74.3,SGF>MEM,2,415.83,80.0,28.0,21.58,129.58,286.25,68.8,SGF>MEM:$21.58
SH00877,2026-09-28,Midwest Apparel,MKC,SGF,E,519.7,63.5,MKC>SGF,2,93.92,80.0,28.0,10.64,118.64,-24.72,-26.3,MKC>SGF:$10.64
SH00878,2026-09-28,Plains Pharma,TUL,MEM,P,742.8,63.5,TUL>MEM,2,257.07,80.0,28.0,31.69,139.69,117.38,45.7,TUL>MEM:$31.69
SH00879,2026-09-28,Gateway Electronics,STL,MEM,E,787.7,76.5,STL>MEM,2,165.29,80.0,28.0,25.04,133.04,32.25,19.5,STL>MEM:$25.04
SH00880,2026-09-28,Midwest Apparel,MKC,STL,P,234.1,28.8,MKC>STL,2,66.11,80.0,28.0,8.18,116.18,-50.07,-75.7,MKC>STL:$8.18
SH00881,2026-09-28,Delta Plastics,MEM,STL,P,968.1,102.6,MEM>STL,2,302.46,80.0,28.0,33.58,141.58,160.88,53.2,MEM>STL:$33.58
SH00882,2026-09-28,Ozark Furniture,SGF,TUL,P,760.3,116.8,SGF>TUL,2,236.98,80.0,28.0,25.52,133.52,103.46,43.7,SGF>TUL:$25.52
SH00883,2026-09-28,Paper Mill Supply,STL,MEM,E,2095.7,102.6,STL>MEM,2,505.2,80.0,28.0,33.58,141.58,363.62,72.0,STL>MEM:$33.58
SH00884,2026-09-28,Ozark Building,SGF,STL,E,917.3,41.1,SGF>STL,2,206.27,80.0,28.0,10.78,118.78,87.49,42.4,SGF>STL:$10.78
SH00885,2026-09-28,Delta Plastics,MEM,SGF,P,1456.6,189.3,MEM>SGF,2,452.54,80.0,28.0,54.97,162.97,289.57,64.0,MEM>SGF:$54.97
SH00886,2026-09-28,KC Food Dist,MKC,TUL,P,1514.1,50.3,MKC>TUL,2,429.93,80.0,28.0,21.63,129.63,300.3,69.8,MKC>TUL:$21.63
SH00887,2026-09-28,Midwest Apparel,MKC,SGF,P,626.1,71.2,MKC>SGF,2,185.11,80.0,28.0,11.93,119.93,65.18,35.2,MKC>SGF:$11.93
SH00888,2026-09-28,KC Food Dist,MKC,STL,P,1866.5,59.2,MKC>STL,2,500.18,80.0,28.0,16.81,124.81,375.37,75.0,MKC>STL:$16.81
SH00889,2026-09-28,Tulsa Beverage,TUL,SGF,P,1724.4,63.8,TUL>SGF,2,414.25,80.0,28.0,13.94,121.94,292.31,70.6,TUL>SGF:$13.94
SH00890,2026-09-28,Ozark Building,SGF,TUL,P,1110.2,54.8,SGF>TUL,2,330.04,80.0,28.0,11.97,119.97,210.07,63.6,SGF>TUL:$11.97
SH00891,2026-09-28,Gateway Electronics,STL,MKC,P,405.6,43.4,STL>MKC,2,97.11,80.0,28.0,12.32,120.32,-23.21,-23.9,STL>MKC:$12.32
SH00892,2026-09-28,Ozark Building,SGF,MEM,E,949.1,46.0,SGF>MEM,2,219.54,80.0,28.0,13.36,121.36,98.18,44.7,SGF>MEM:$13.36
SH00893,2026-09-28,Midwest Apparel,MKC,MEM,P,674.1,91.3,MKC>MEM,2,180.67,80.0,28.0,37.81,145.81,34.86,19.3,MKC>MEM:$37.81
SH00894,2026-09-28,Memphis Machinery,MEM,STL,P,1764.5,74.9,MEM>STL,2,528.33,80.0,28.0,24.51,132.51,395.82,74.9,MEM>STL:$24.51
SH00895,2026-09-28,Midwest Apparel,MKC,SGF,P,854.8,99.2,MKC>SGF,2,242.39,80.0,28.0,16.63,124.63,117.76,48.6,MKC>SGF:$16.63
SH00896,2026-09-28,Paper Mill Supply,STL,SGF,P,728.4,47.2,STL>SGF,2,188.82,80.0,28.0,12.38,120.38,68.44,36.2,STL>SGF:$12.38
SH00897,2026-09-28,Ozark Furniture,SGF,MEM,E,1035.2,134.8,SGF>MEM,2,230.34,80.0,28.0,39.15,147.15,83.19,36.1,SGF>MEM:$39.15
SH00898,2026-09-28,Memphis Machinery,MEM,STL,P,1230.2,43.3,MEM>STL,2,351.06,80.0,28.0,14.17,122.17,228.89,65.2,MEM>STL:$14.17
SH00899,2026-09-28,Ozark Furniture,SGF,MKC,P,1290.2,176.8,SGF>MKC,2,335.11,80.0,28.0,29.64,137.64,197.47,58.9,SGF>MKC:$29.64
SH00900,2026-09-28,Tulsa Beverage,TUL,STL,P,1266.3,48.7,TUL>SGF>STL,4,369.63,80.0,56.0,23.41,159.41,210.22,56.9,TUL>SGF:$10.64;SGF>STL:$12.77
SH00901,2026-09-28,Gateway Electronics,STL,MEM,E,360.3,40.6,STL>MEM,2,71.72,80.0,28.0,13.29,121.29,-49.57,-69.1,STL>MEM:$13.29
SH00902,2026-09-28,Gateway Electronics,STL,SGF,E,80.0,8.2,STL>SGF,2,18.05,80.0,28.0,2.15,110.15,-92.1,-510.3,STL>SGF:$2.15
SH00903,2026-09-28,Tulsa Beverage,TUL,STL,P,1841.9,59.1,TUL>SGF>STL,4,560.48,80.0,56.0,28.41,164.41,396.07,70.7,TUL>SGF:$12.91;SGF>STL:$15.50
SH00904,2026-09-28,KC Food Dist,MKC,TUL,E,1969.0,51.4,MKC>TUL,2,421.1,80.0,28.0,22.11,130.11,290.99,69.1,MKC>TUL:$22.11
SH00905,2026-09-28,Crossroads Retail,MKC,SGF,P,544.0,41.7,MKC>SGF,2,140.02,80.0,28.0,6.99,114.99,25.03,17.9,MKC>SGF:$6.99
SH00906,2026-09-28,Paper Mill Supply,STL,MKC,E,882.4,53.1,STL>MKC,2,163.87,80.0,28.0,15.08,123.08,40.79,24.9,STL>MKC:$15.08
SH00907,2026-09-28,Delta Plastics,MEM,STL,P,514.7,58.8,MEM>STL,2,144.51,80.0,28.0,19.24,127.24,17.27,11.9,MEM>STL:$19.24
SH00908,2026-09-28,Ozark Furniture,SGF,TUL,P,990.8,156.1,SGF>TUL,2,251.75,80.0,28.0,34.11,142.11,109.64,43.6,SGF>TUL:$34.11
SH00909,2026-09-28,Memphis Machinery,MEM,TUL,P,1638.4,62.6,MEM>TUL,2,476.14,80.0,28.0,31.24,139.24,336.9,70.8,MEM>TUL:$31.24
SH00910,2026-09-28,KC Food Dist,MKC,STL,P,1304.0,42.7,MKC>STL,2,345.69,80.0,28.0,12.12,120.12,225.57,65.3,MKC>STL:$12.12
SH00911,2026-09-28,Paper Mill Supply,STL,MEM,E,1123.4,70.8,STL>MEM,2,255.8,80.0,28.0,23.17,131.17,124.63,48.7,STL>MEM:$23.17
SH00912,2026-09-28,Gateway Electronics,STL,TUL,E,178.0,17.4,STL>SGF>TUL,4,42.76,80.0,56.0,8.36,144.36,-101.6,-237.6,STL>SGF:$4.56;SGF>TUL:$3.80
SH00913,2026-09-28,Midwest Apparel,MKC,SGF,E,401.9,50.2,MKC>SGF,2,86.69,80.0,28.0,8.41,116.41,-29.72,-34.3,MKC>SGF:$8.41
SH00914,2026-09-28,KC Food Dist,MKC,TUL,P,1578.1,53.8,MKC>TUL,2,465.16,80.0,28.0,23.14,131.14,334.02,71.8,MKC>TUL:$23.14
SH00915,2026-09-28,Memphis Machinery,MEM,SGF,P,2766.6,102.4,MEM>SGF,2,863.79,80.0,28.0,29.74,137.74,726.05,84.1,MEM>SGF:$29.74
SH00916,2026-09-28,Paper Mill Supply,STL,MKC,P,1534.6,95.6,STL>MKC,2,467.33,80.0,28.0,27.14,135.14,332.19,71.1,STL>MKC:$27.14
SH00917,2026-09-28,AutoParts Co,SGF,MEM,E,131.1,5.8,SGF>MEM,2,33.98,80.0,28.0,1.68,109.68,-75.7,-222.8,SGF>MEM:$1.68
SH00918,2026-09-28,Ozark Building,SGF,MEM,P,1746.4,82.5,SGF>MEM,2,492.34,80.0,28.0,23.96,131.96,360.38,73.2,SGF>MEM:$23.96
SH00919,2026-09-28,Plains Pharma,TUL,SGF,E,251.5,20.6,TUL>SGF,2,53.9,80.0,28.0,4.5,112.5,-58.6,-108.7,TUL>SGF:$4.50
SH00920,2026-09-28,Gateway Electronics,STL,SGF,P,880.4,86.9,STL>SGF,2,225.92,80.0,28.0,22.79,130.79,95.13,42.1,STL>SGF:$22.79
SH00921,2026-09-28,Ozark Building,SGF,TUL,E,1566.1,82.1,SGF>TUL,2,304.11,80.0,28.0,17.94,125.94,178.17,58.6,SGF>TUL:$17.94
SH00922,2026-09-28,Plains Pharma,TUL,MEM,P,509.4,36.5,TUL>MEM,2,151.54,80.0,28.0,18.21,126.21,25.33,16.7,TUL>MEM:$18.21
SH00923,2026-09-28,Gateway Electronics,STL,MKC,P,379.5,42.2,STL>MKC,2,100.82,80.0,28.0,11.98,119.98,-19.16,-19.0,STL>MKC:$11.98
SH00924,2026-09-28,Midwest Apparel,MKC,TUL,P,695.2,94.6,MKC>TUL,2,198.62,80.0,28.0,40.68,148.68,49.94,25.1,MKC>TUL:$40.68
SH00925,2026-09-28,Paper Mill Supply,STL,SGF,E,733.9,44.8,STL>SGF,2,132.69,80.0,28.0,11.75,119.75,12.94,9.8,STL>SGF:$11.75
SH00926,2026-09-28,AutoParts Co,SGF,TUL,P,783.2,36.3,SGF>TUL,2,183.05,80.0,28.0,7.93,115.93,67.12,36.7,SGF>TUL:$7.93
SH00927,2026-09-28,Paper Mill Supply,STL,SGF,P,716.6,38.0,STL>SGF,2,199.77,80.0,28.0,9.96,117.96,81.81,40.9,STL>SGF:$9.96
SH00928,2026-09-28,Paper Mill Supply,STL,TUL,P,1191.7,78.4,STL>TUL,2,344.13,80.0,28.0,95.36,203.36,140.77,40.9,STL>TUL:$95.36
SH00929,2026-09-28,Paper Mill Supply,STL,MEM,P,1482.3,81.8,STL>MEM,2,395.61,80.0,28.0,26.77,134.77,260.84,65.9,STL>MEM:$26.77
SH00930,2026-09-28,Paper Mill Supply,STL,TUL,P,833.4,43.7,STL>TUL,2,216.76,80.0,28.0,53.15,161.15,55.61,25.7,STL>TUL:$53.15
SH00931,2026-09-28,Ozark Furniture,SGF,STL,E,478.2,74.4,SGF>STL,2,96.06,80.0,28.0,19.51,127.51,-31.45,-32.7,SGF>STL:$19.51
SH00932,2026-09-28,Paper Mill Supply,STL,SGF,P,600.8,29.5,STL>SGF,2,146.32,80.0,28.0,7.74,115.74,30.58,20.9,STL>SGF:$7.74
SH00933,2026-09-28,Plains Pharma,TUL,STL,E,594.5,48.8,TUL>SGF>STL,4,132.01,80.0,56.0,23.46,159.46,-27.45,-20.8,TUL>SGF:$10.66;SGF>STL:$12.80
SH00934,2026-09-28,Paper Mill Supply,STL,MKC,E,1991.8,118.2,STL>MKC,2,470.56,80.0,28.0,33.56,141.56,329.0,69.9,STL>MKC:$33.56
SH00935,2026-09-28,Gateway Electronics,STL,MKC,P,287.4,35.2,STL>MKC,2,65.65,80.0,28.0,9.99,117.99,-52.34,-79.7,STL>MKC:$9.99
SH00936,2026-09-28,Gateway Electronics,STL,MEM,E,333.4,38.1,STL>MEM,2,76.17,80.0,28.0,12.47,120.47,-44.3,-58.2,STL>MEM:$12.47
SH00937,2026-09-28,Memphis Machinery,MEM,TUL,P,748.7,27.2,MEM>TUL,2,235.35,80.0,28.0,13.57,121.57,113.78,48.3,MEM>TUL:$13.57
SH00938,2026-09-28,Delta Plastics,MEM,SGF,P,620.0,79.8,MEM>SGF,2,168.5,80.0,28.0,23.17,131.17,37.33,22.2,MEM>SGF:$23.17
SH00939,2026-09-28,Gateway Electronics,STL,SGF,P,579.5,55.7,STL>SGF,2,148.3,80.0,28.0,14.61,122.61,25.69,17.3,STL>SGF:$14.61
SH00940,2026-09-28,Ozark Building,SGF,MKC,P,1376.6,69.9,SGF>MKC,2,363.33,80.0,28.0,11.72,119.72,243.61,67.1,SGF>MKC:$11.72
SH00941,2026-09-28,Delta Plastics,MEM,STL,E,559.8,60.0,MEM>STL,2,137.8,80.0,28.0,19.64,127.64,10.16,7.4,MEM>STL:$19.64
SH00942,2026-09-28,Midwest Apparel,MKC,STL,P,567.1,71.4,MKC>STL,2,136.05,80.0,28.0,20.27,128.27,7.78,5.7,MKC>STL:$20.27
SH00943,2026-09-28,Tulsa Beverage,TUL,MKC,P,1421.2,55.3,TUL>MKC,2,369.06,80.0,28.0,23.78,131.78,237.28,64.3,TUL>MKC:$23.78
SH00944,2026-09-28,Ozark Building,SGF,TUL,E,625.3,33.2,SGF>TUL,2,139.1,80.0,28.0,7.25,115.25,23.85,17.1,SGF>TUL:$7.25
SH00945,2026-09-28,Paper Mill Supply,STL,SGF,E,1530.8,93.9,STL>SGF,2,274.67,80.0,28.0,24.62,132.62,142.05,51.7,STL>SGF:$24.62
SH00946,2026-09-28,Ozark Building,SGF,MEM,P,1433.0,55.2,SGF>MEM,2,414.48,80.0,28.0,16.03,124.03,290.45,70.1,SGF>MEM:$16.03
SH00947,2026-09-28,Ozark Furniture,SGF,MEM,E,1039.5,173.7,SGF>MEM,2,236.13,80.0,28.0,50.44,158.44,77.69,32.9,SGF>MEM:$50.44
SH00948,2026-09-28,Plains Pharma,TUL,MKC,P,367.7,34.9,TUL>MKC,2,99.98,80.0,28.0,15.01,123.01,-23.03,-23.0,TUL>MKC:$15.01
SH00949,2026-09-28,Paper Mill Supply,STL,SGF,P,832.1,48.2,STL>SGF,2,212.1,80.0,28.0,12.64,120.64,91.46,43.1,STL>SGF:$12.64
SH00950,2026-09-28,Delta Plastics,MEM,STL,P,1592.7,177.0,MEM>STL,2,404.56,80.0,28.0,57.93,165.93,238.63,59.0,MEM>STL:$57.93
SH00951,2026-09-28,Paper Mill Supply,STL,SGF,E,682.7,33.5,STL>SGF,2,153.22,80.0,28.0,8.78,116.78,36.44,23.8,STL>SGF:$8.78
SH00952,2026-09-28,Midwest Apparel,MKC,STL,P,892.9,118.8,MKC>STL,2,243.5,80.0,28.0,33.73,141.73,101.77,41.8,MKC>STL:$33.73
SH00953,2026-09-28,Plains Pharma,TUL,STL,E,533.0,44.6,TUL>SGF>STL,4,120.88,80.0,56.0,21.44,157.44,-36.56,-30.2,TUL>SGF:$9.75;SGF>STL:$11.70
SH00954,2026-09-28,KC Food Dist,MKC,TUL,P,1990.6,61.5,MKC>TUL,2,506.51,80.0,28.0,26.45,134.45,372.06,73.5,MKC>TUL:$26.45
SH00955,2026-09-28,AutoParts Co,SGF,STL,P,1404.9,72.3,SGF>STL,2,384.74,80.0,28.0,18.96,126.96,257.78,67.0,SGF>STL:$18.96
SH00956,2026-09-28,KC Food Dist,MKC,STL,P,872.8,28.7,MKC>STL,2,252.57,80.0,28.0,8.15,116.15,136.42,54.0,MKC>STL:$8.15
SH00957,2026-09-28,Memphis Machinery,MEM,STL,E,1635.7,75.4,MEM>STL,2,382.39,80.0,28.0,24.68,132.68,249.71,65.3,MEM>STL:$24.68
SH00958,2026-09-28,Crossroads Retail,MKC,STL,P,936.9,95.4,MKC>STL,2,263.77,80.0,28.0,27.09,135.09,128.68,48.8,MKC>STL:$27.09
SH00959,2026-09-28,Plains Pharma,TUL,SGF,P,284.5,27.8,TUL>SGF,2,75.87,80.0,28.0,6.07,114.07,-38.2,-50.4,TUL>SGF:$6.07
SH00960,2026-09-28,Midwest Apparel,MKC,STL,E,539.9,70.2,MKC>STL,2,106.1,80.0,28.0,19.93,127.93,-21.83,-20.6,MKC>STL:$19.93
SH00961,2026-09-28,AutoParts Co,SGF,STL,E,1142.2,46.7,SGF>STL,2,265.29,80.0,28.0,12.25,120.25,145.04,54.7,SGF>STL:$12.25
SH00962,2026-09-28,AutoParts Co,SGF,MEM,P,920.1,31.8,SGF>MEM,2,261.52,80.0,28.0,9.23,117.23,144.29,55.2,SGF>MEM:$9.23
SH00963,2026-09-28,AutoParts Co,SGF,MKC,P,1244.7,55.5,SGF>MKC,2,300.78,80.0,28.0,9.3,117.3,183.48,61.0,SGF>MKC:$9.30
SH00964,2026-09-28,Memphis Machinery,MEM,TUL,P,2029.8,71.4,MEM>TUL,2,607.15,80.0,28.0,35.63,143.63,463.52,76.3,MEM>TUL:$35.63
SH00965,2026-09-28,Ozark Furniture,SGF,MKC,P,80.0,10.6,SGF>MKC,2,20.6,80.0,28.0,1.78,109.78,-89.18,-432.9,SGF>MKC:$1.78
SH00966,2026-09-28,AutoParts Co,SGF,MKC,E,1233.0,61.3,SGF>MKC,2,255.82,80.0,28.0,10.28,118.28,137.54,53.8,SGF>MKC:$10.28
SH00967,2026-09-28,Ozark Building,SGF,TUL,P,1059.3,46.6,SGF>TUL,2,241.28,80.0,28.0,10.18,118.18,123.1,51.0,SGF>TUL:$10.18
SH00968,2026-09-28,Memphis Machinery,MEM,SGF,E,3411.0,155.1,MEM>SGF,2,840.36,80.0,28.0,45.04,153.04,687.32,81.8,MEM>SGF:$45.04
SH00969,2026-09-28,KC Food Dist,MKC,STL,P,1809.9,64.9,MKC>STL,2,505.5,80.0,28.0,18.43,126.43,379.07,75.0,MKC>STL:$18.43
SH00970,2026-09-28,Delta Plastics,MEM,STL,E,936.0,95.1,MEM>STL,2,220.29,80.0,28.0,31.12,139.12,81.17,36.8,MEM>STL:$31.12
SH00971,2026-09-28,Ozark Building,SGF,MKC,P,742.1,35.8,SGF>MKC,2,199.27,80.0,28.0,6.0,114.0,85.27,42.8,SGF>MKC:$6.00
SH00972,2026-09-28,Ozark Furniture,SGF,STL,E,692.6,98.2,SGF>STL,2,156.84,80.0,28.0,25.75,133.75,23.09,14.7,SGF>STL:$25.75
SH00973,2026-09-28,Gateway Electronics,STL,MEM,E,407.6,43.8,STL>MEM,2,86.64,80.0,28.0,14.33,122.33,-35.69,-41.2,STL>MEM:$14.33
SH00974,2026-09-28,Memphis Machinery,MEM,TUL,P,705.4,27.0,MEM>TUL,2,206.34,80.0,28.0,13.47,121.47,84.87,41.1,MEM>TUL:$13.47
SH00975,2026-09-28,Ozark Furniture,SGF,MEM,P,437.9,68.5,SGF>MEM,2,128.02,80.0,28.0,19.89,127.89,0.13,0.1,SGF>MEM:$19.89
SH00976,2026-09-28,Memphis Machinery,MEM,STL,P,2692.5,98.0,MEM>STL,2,817.97,80.0,28.0,32.07,140.07,677.9,82.9,MEM>STL:$32.07
SH00977,2026-09-28,KC Food Dist,MKC,TUL,P,1928.3,63.0,MKC>TUL,2,567.88,80.0,28.0,27.09,135.09,432.79,76.2,MKC>TUL:$27.09
SH00978,2026-09-28,Ozark Furniture,SGF,TUL,P,577.4,78.5,SGF>TUL,2,153.88,80.0,28.0,17.15,125.15,28.73,18.7,SGF>TUL:$17.15
SH00979,2026-09-28,Ozark Building,SGF,STL,E,1371.1,70.6,SGF>STL,2,292.05,80.0,28.0,18.51,126.51,165.54,56.7,SGF>STL:$18.51
SH00980,2026-09-28,Ozark Building,SGF,TUL,P,913.7,37.2,SGF>TUL,2,238.33,80.0,28.0,8.13,116.13,122.2,51.3,SGF>TUL:$8.13
SH00981,2026-09-28,Memphis Machinery,MEM,TUL,P,2855.5,108.8,MEM>TUL,2,853.97,80.0,28.0,54.29,162.29,691.68,81.0,MEM>TUL:$54.29
SH00982,2026-09-28,Tulsa Beverage,TUL,MKC,P,1817.9,61.1,TUL>MKC,2,449.71,80.0,28.0,26.28,134.28,315.43,70.1,TUL>MKC:$26.28
SH00983,2026-09-28,Midwest Apparel,MKC,TUL,E,633.5,86.6,MKC>TUL,2,153.36,80.0,28.0,37.24,145.24,8.12,5.3,MKC>TUL:$37.24
SH00984,2026-09-28,AutoParts Co,SGF,TUL,P,852.7,37.3,SGF>TUL,2,207.39,80.0,28.0,8.15,116.15,91.24,44.0,SGF>TUL:$8.15
SH00985,2026-09-28,Midwest Apparel,MKC,STL,P,682.3,85.2,MKC>STL,2,191.0,80.0,28.0,24.19,132.19,58.81,30.8,MKC>STL:$24.19
SH00986,2026-09-28,Paper Mill Supply,STL,MKC,P,1736.5,98.5,STL>MKC,2,445.36,80.0,28.0,27.97,135.97,309.39,69.5,STL>MKC:$27.97
SH00987,2026-09-28,Paper Mill Supply,STL,SGF,P,506.3,25.5,STL>SGF,2,125.82,80.0,28.0,6.69,114.69,11.13,8.8,STL>SGF:$6.69
SH00988,2026-09-28,AutoParts Co,SGF,MEM,P,445.0,22.1,SGF>MEM,2,120.8,80.0,28.0,6.42,114.42,6.38,5.3,SGF>MEM:$6.42
SH00989,2026-09-28,Delta Plastics,MEM,TUL,P,962.5,104.0,MEM>TUL,2,296.05,80.0,28.0,51.9,159.9,136.15,46.0,MEM>TUL:$51.90
SH00990,2026-09-28,Gateway Electronics,STL,SGF,E,480.3,42.6,STL>SGF,2,104.12,80.0,28.0,11.17,119.17,-15.05,-14.5,STL>SGF:$11.17
SH00991,2026-09-28,Midwest Apparel,MKC,STL,P,537.9,82.8,MKC>STL,2,130.58,80.0,28.0,23.51,131.51,-0.93,-0.7,MKC>STL:$23.51
SH00992,2026-09-28,Gateway Electronics,STL,MKC,P,459.3,45.0,STL>MKC,2,141.65,80.0,28.0,12.78,120.78,20.87,14.7,STL>MKC:$12.78
SH00993,2026-09-28,AutoParts Co,SGF,STL,P,766.5,30.3,SGF>STL,2,207.13,80.0,28.0,7.95,115.95,91.18,44.0,SGF>STL:$7.95
SH00994,2026-09-28,Ozark Furniture,SGF,STL,P,374.9,49.5,SGF>STL,2,95.85,80.0,28.0,12.98,120.98,-25.13,-26.2,SGF>STL:$12.98
SH00995,2026-09-28,Delta Plastics,MEM,STL,P,620.7,71.0,MEM>STL,2,188.95,80.0,28.0,23.24,131.24,57.71,30.5,MEM>STL:$23.24
SH00996,2026-09-28,KC Food Dist,MKC,SGF,P,1377.6,49.1,MKC>SGF,2,355.1,80.0,28.0,8.23,116.23,238.87,67.3,MKC>SGF:$8.23
SH00997,2026-09-28,Midwest Apparel,MKC,STL,E,541.9,72.3,MKC>STL,2,143.19,80.0,28.0,20.53,128.53,14.66,10.2,MKC>STL:$20.53
SH00998,2026-09-28,Paper Mill Supply,STL,MEM,E,1297.5,81.4,STL>MEM,2,323.84,80.0,28.0,26.64,134.64,189.2,58.4,STL>MEM:$26.64
SH00999,2026-09-28,Memphis Machinery,MEM,STL,E,1397.4,56.7,MEM>STL,2,292.71,80.0,28.0,18.56,126.56,166.15,56.8,MEM>STL:$18.56
SH01000,2026-09-28,Plains Pharma,TUL,MEM,E,460.3,41.5,TUL>SGF>MEM,4,137.29,80.0,56.0,21.12,157.12,-19.83,-14.4,TUL>SGF:$9.07;SGF>MEM:$12.05
SH01001,2026-09-28,Tulsa Beverage,TUL,MKC,E,2770.0,84.3,TUL>SGF>MKC,4,561.07,80.0,56.0,32.55,168.55,392.52,70.0,TUL>SGF:$18.42;SGF>MKC:$14.13
SH01002,2026-09-28,AutoParts Co,SGF,TUL,E,755.8,28.5,SGF>TUL,2,122.93,80.0,28.0,6.23,114.23,8.7,7.1,SGF>TUL:$6.23
SH01003,2026-09-28,Tulsa Beverage,TUL,MKC,P,2683.6,102.8,TUL>MKC,2,779.27,80.0,28.0,44.21,152.21,627.06,80.5,TUL>MKC:$44.21
SH01004,2026-09-28,Delta Plastics,MEM,SGF,P,836.2,95.3,MEM>SGF,2,262.72,80.0,28.0,27.68,135.68,127.04,48.4,MEM>SGF:$27.68
SH01005,2026-09-28,Ozark Furniture,SGF,MEM,P,315.9,49.4,SGF>MEM,2,92.79,80.0,28.0,14.35,122.35,-29.56,-31.9,SGF>MEM:$14.35
SH01006,2026-09-28,Ozark Furniture,SGF,STL,E,1301.0,212.7,SGF>STL,2,246.86,80.0,28.0,55.78,163.78,83.08,33.7,SGF>STL:$55.78
SH01007,2026-09-28,AutoParts Co,SGF,MEM,P,609.3,30.7,SGF>MEM,2,177.22,80.0,28.0,8.92,116.92,60.3,34.0,SGF>MEM:$8.92
SH01008,2026-09-28,KC Food Dist,MKC,SGF,E,1771.7,53.2,MKC>SGF,2,396.65,80.0,28.0,8.92,116.92,279.73,70.5,MKC>SGF:$8.92
SH01009,2026-09-28,AutoParts Co,SGF,STL,E,998.7,47.0,SGF>STL,2,232.03,80.0,28.0,12.32,120.32,111.71,48.1,SGF>STL:$12.32
SH01010,2026-09-28,Ozark Building,SGF,MKC,E,1498.7,77.4,SGF>MKC,2,334.74,80.0,28.0,12.97,120.97,213.77,63.9,SGF>MKC:$12.97
SH01011,2026-09-28,AutoParts Co,SGF,STL,P,980.7,44.4,SGF>STL,2,250.95,80.0,28.0,11.64,119.64,131.31,52.3,SGF>STL:$11.64
SH01012,2026-09-28,Delta Plastics,MEM,STL,P,1082.6,124.2,MEM>STL,2,296.03,80.0,28.0,40.65,148.65,147.38,49.8,MEM>STL:$40.65
SH01013,2026-09-28,KC Food Dist,MKC,MEM,E,791.8,22.9,MKC>MEM,2,194.59,80.0,28.0,9.48,117.48,77.11,39.6,MKC>MEM:$9.48
SH01014,2026-09-28,KC Food Dist,MKC,MEM,P,2014.3,70.3,MKC>MEM,2,634.86,80.0,28.0,29.11,137.11,497.75,78.4,MKC>MEM:$29.11
SH01015,2026-09-28,Paper Mill Supply,STL,SGF,P,1269.5,65.2,STL>SGF,2,352.96,80.0,28.0,17.1,125.1,227.86,64.6,STL>SGF:$17.10
SH01016,2026-09-28,AutoParts Co,SGF,MKC,P,904.2,33.8,SGF>MKC,2,248.55,80.0,28.0,5.67,113.67,134.88,54.3,SGF>MKC:$5.67
SH01017,2026-09-28,Delta Plastics,MEM,TUL,P,1004.3,104.6,MEM>TUL,2,294.83,80.0,28.0,52.2,160.2,134.63,45.7,MEM>TUL:$52.20
SH01018,2026-09-28,AutoParts Co,SGF,MKC,P,814.8,38.7,SGF>MKC,2,207.71,80.0,28.0,6.49,114.49,93.22,44.9,SGF>MKC:$6.49
SH01019,2026-09-28,Paper Mill Supply,STL,SGF,E,1384.4,74.3,STL>SGF,2,281.12,80.0,28.0,19.48,127.48,153.64,54.7,STL>SGF:$19.48
SH01020,2026-09-28,Ozark Furniture,SGF,TUL,E,692.3,95.6,SGF>TUL,2,149.29,80.0,28.0,20.89,128.89,20.4,13.7,SGF>TUL:$20.89
SH01021,2026-09-28,KC Food Dist,MKC,STL,P,530.0,16.6,MKC>STL,2,133.72,80.0,28.0,4.71,112.71,21.01,15.7,MKC>STL:$4.71
SH01022,2026-09-28,AutoParts Co,SGF,TUL,P,711.0,33.5,SGF>TUL,2,170.44,80.0,28.0,7.32,115.32,55.12,32.3,SGF>TUL:$7.32
SH01023,2026-09-28,Midwest Apparel,MKC,STL,P,929.7,96.0,MKC>STL,2,276.79,80.0,28.0,27.26,135.26,141.53,51.1,MKC>STL:$27.26
SH01024,2026-09-28,Paper Mill Supply,STL,SGF,P,1016.9,56.9,STL>SGF,2,252.61,80.0,28.0,14.92,122.92,129.69,51.3,STL>SGF:$14.92
SH01025,2026-09-28,Ozark Building,SGF,MKC,E,1849.8,90.0,SGF>MKC,2,409.96,80.0,28.0,15.09,123.09,286.87,70.0,SGF>MKC:$15.09
SH01026,2026-09-28,AutoParts Co,SGF,STL,P,557.8,26.0,SGF>STL,2,139.16,80.0,28.0,6.82,114.82,24.34,17.5,SGF>STL:$6.82
SH01027,2026-09-28,Paper Mill Supply,STL,MEM,P,1026.4,51.5,STL>MEM,2,274.72,80.0,28.0,16.85,124.85,149.87,54.6,STL>MEM:$16.85
SH01028,2026-09-28,Memphis Machinery,MEM,SGF,P,2037.7,79.5,MEM>SGF,2,586.6,80.0,28.0,23.09,131.09,455.51,77.7,MEM>SGF:$23.09
SH01029,2026-09-28,Ozark Furniture,SGF,MKC,P,1043.0,144.1,SGF>MKC,2,262.59,80.0,28.0,24.15,132.15,130.44,49.7,SGF>MKC:$24.15
SH01030,2026-09-28,KC Food Dist,MKC,MEM,P,2007.5,73.4,MKC>MEM,2,559.64,80.0,28.0,30.4,138.4,421.24,75.3,MKC>MEM:$30.40
SH01031,2026-09-28,AutoParts Co,SGF,STL,P,615.4,31.2,SGF>STL,2,156.49,80.0,28.0,8.18,116.18,40.31,25.8,SGF>STL:$8.18
SH01032,2026-09-28,Crossroads Retail,MKC,MEM,P,1307.3,129.9,MKC>MEM,2,357.34,80.0,28.0,53.79,161.79,195.55,54.7,MKC>MEM:$53.79
SH01033,2026-09-28,Tulsa Beverage,TUL,STL,P,1375.3,45.5,TUL>SGF>STL,4,457.84,80.0,56.0,21.87,157.87,299.97,65.5,TUL>SGF:$9.94;SGF>STL:$11.93
SH01034,2026-09-28,AutoParts Co,SGF,MKC,P,1097.7,53.8,SGF>MKC,2,295.71,80.0,28.0,9.02,117.02,178.69,60.4,SGF>MKC:$9.02
SH01035,2026-09-28,Delta Plastics,MEM,TUL,E,1010.7,122.1,MEM>TUL,2,287.91,80.0,28.0,60.93,168.93,118.98,41.3,MEM>TUL:$60.93
SH01036,2026-09-28,Ozark Furniture,SGF,MKC,E,784.8,124.2,SGF>MKC,2,182.69,80.0,28.0,20.82,128.82,53.87,29.5,SGF>MKC:$20.82
SH01037,2026-09-28,Memphis Machinery,MEM,STL,P,1468.7,75.7,MEM>STL,2,471.75,80.0,28.0,24.77,132.77,338.98,71.9,MEM>STL:$24.77
SH01038,2026-09-28,KC Food Dist,MKC,TUL,E,1486.4,52.4,MKC>TUL,2,358.91,80.0,28.0,22.54,130.54,228.37,63.6,MKC>TUL:$22.54
SH01039,2026-09-28,Midwest Apparel,MKC,TUL,P,995.8,130.6,MKC>TUL,2,282.38,80.0,28.0,56.17,164.17,118.21,41.9,MKC>TUL:$56.17
SH01040,2026-09-28,Crossroads Retail,MKC,STL,P,1430.5,126.9,MKC>STL,2,370.25,80.0,28.0,36.03,144.03,226.22,61.1,MKC>STL:$36.03
SH01041,2026-09-28,AutoParts Co,SGF,STL,P,1252.5,51.8,SGF>STL,2,315.09,80.0,28.0,13.58,121.58,193.51,61.4,SGF>STL:$13.58
SH01042,2026-09-28,Crossroads Retail,MKC,SGF,P,1175.3,97.0,MKC>SGF,2,306.24,80.0,28.0,16.26,124.26,181.98,59.4,MKC>SGF:$16.26
SH01043,2026-09-28,Midwest Apparel,MKC,TUL,P,405.6,53.8,MKC>TUL,2,103.01,80.0,28.0,23.14,131.14,-28.13,-27.3,MKC>TUL:$23.14
SH01044,2026-09-28,Crossroads Retail,MKC,SGF,P,968.2,102.7,MKC>SGF,2,240.54,80.0,28.0,17.21,125.21,115.33,47.9,MKC>SGF:$17.21
SH01045,2026-09-28,KC Food Dist,MKC,STL,E,729.2,29.1,MKC>STL,2,162.38,80.0,28.0,8.26,116.26,46.12,28.4,MKC>STL:$8.26
SH01046,2026-09-28,AutoParts Co,SGF,STL,P,1224.9,62.0,SGF>STL,2,299.39,80.0,28.0,16.26,124.26,175.13,58.5,SGF>STL:$16.26
SH01047,2026-09-28,Ozark Furniture,SGF,TUL,P,794.1,121.8,SGF>TUL,2,222.31,80.0,28.0,26.61,134.61,87.7,39.4,SGF>TUL:$26.61
SH01048,2026-09-28,Ozark Furniture,SGF,STL,P,640.4,88.1,SGF>STL,2,179.17,80.0,28.0,23.1,131.1,48.07,26.8,SGF>STL:$23.10
SH01049,2026-09-28,Memphis Machinery,MEM,STL,E,872.6,30.9,MEM>STL,2,192.59,80.0,28.0,10.11,118.11,74.48,38.7,MEM>STL:$10.11
SH01050,2026-09-28,Paper Mill Supply,STL,SGF,P,1363.1,74.3,STL>SGF,2,338.32,80.0,28.0,19.48,127.48,210.84,62.3,STL>SGF:$19.48
SH01051,2026-09-28,Plains Pharma,TUL,SGF,E,500.5,33.1,TUL>SGF,2,89.17,80.0,28.0,7.23,115.23,-26.06,-29.2,TUL>SGF:$7.23
SH01052,2026-09-28,KC Food Dist,MKC,SGF,P,1790.1,61.0,MKC>SGF,2,448.79,80.0,28.0,10.23,118.23,330.56,73.7,MKC>SGF:$10.23
SH01053,2026-09-28,Crossroads Retail,MKC,MEM,P,80.0,6.9,MKC>MEM,2,25.82,80.0,28.0,2.86,110.86,-85.04,-329.3,MKC>MEM:$2.86
SH01054,2026-09-28,AutoParts Co,SGF,TUL,P,907.8,41.9,SGF>TUL,2,228.68,80.0,28.0,9.16,117.16,111.52,48.8,SGF>TUL:$9.16
SH01055,2026-09-28,Memphis Machinery,MEM,STL,P,2083.3,74.3,MEM>STL,2,595.93,80.0,28.0,24.32,132.32,463.61,77.8,MEM>STL:$24.32
SH01056,2026-09-28,KC Food Dist,MKC,MEM,P,1565.9,56.9,MKC>MEM,2,452.17,80.0,28.0,23.56,131.56,320.61,70.9,MKC>MEM:$23.56
SH01057,2026-09-28,AutoParts Co,SGF,MKC,P,1041.2,43.5,SGF>MKC,2,268.21,80.0,28.0,7.29,115.29,152.92,57.0,SGF>MKC:$7.29
SH01058,2026-09-28,AutoParts Co,SGF,MKC,E,1163.8,47.5,SGF>MKC,2,217.93,80.0,28.0,7.96,115.96,101.97,46.8,SGF>MKC:$7.96
SH01059,2026-09-28,AutoParts Co,SGF,MKC,P,1408.0,56.6,SGF>MKC,2,327.86,80.0,28.0,9.49,117.49,210.37,64.2,SGF>MKC:$9.49
SH01060,2026-09-28,AutoParts Co,SGF,MKC,E,1140.5,59.0,SGF>MKC,2,229.69,80.0,28.0,9.89,117.89,111.8,48.7,SGF>MKC:$9.89
SH01061,2026-09-28,Plains Pharma,TUL,STL,P,80.0,6.8,TUL>SGF>STL,4,21.87,80.0,56.0,3.27,139.27,-117.4,-536.8,TUL>SGF:$1.49;SGF>STL:$1.78
SH01062,2026-09-28,Ozark Building,SGF,MEM,E,1357.5,74.9,SGF>MEM,2,365.94,80.0,28.0,21.75,129.75,236.19,64.5,SGF>MEM:$21.75
SH01063,2026-09-28,Paper Mill Supply,STL,MEM,E,1770.0,108.9,STL>MEM,2,369.44,80.0,28.0,35.64,143.64,225.8,61.1,STL>MEM:$35.64
SH01064,2026-09-28,Delta Plastics,MEM,STL,E,918.1,90.0,MEM>STL,2,185.03,80.0,28.0,29.45,137.45,47.58,25.7,MEM>STL:$29.45
SH01065,2026-09-28,Tulsa Beverage,TUL,SGF,P,1437.9,49.6,TUL>SGF,2,377.04,80.0,28.0,10.84,118.84,258.2,68.5,TUL>SGF:$10.84
SH01066,2026-09-28,Plains Pharma,TUL,MEM,P,452.8,40.3,TUL>MEM,2,131.54,80.0,28.0,20.11,128.11,3.43,2.6,TUL>MEM:$20.11
SH01067,2026-09-28,Paper Mill Supply,STL,MEM,E,1358.1,86.5,STL>MEM,2,322.37,80.0,28.0,28.31,136.31,186.06,57.7,STL>MEM:$28.31
SH01068,2026-09-28,AutoParts Co,SGF,MKC,P,718.9,39.1,SGF>MKC,2,163.66,80.0,28.0,6.55,114.55,49.11,30.0,SGF>MKC:$6.55
SH01069,2026-09-28,AutoParts Co,SGF,STL,P,783.2,38.0,SGF>STL,2,207.56,80.0,28.0,9.96,117.96,89.6,43.2,SGF>STL:$9.96
SH01070,2026-09-28,KC Food Dist,MKC,SGF,E,1395.8,35.7,MKC>SGF,2,263.41,80.0,28.0,5.98,113.98,149.43,56.7,MKC>SGF:$5.98
SH01071,2026-09-28,Ozark Building,SGF,TUL,E,1000.9,54.4,SGF>TUL,2,208.98,80.0,28.0,11.89,119.89,89.09,42.6,SGF>TUL:$11.89
SH01072,2026-09-28,Gateway Electronics,STL,SGF,E,467.5,47.2,STL>SGF,2,105.29,80.0,28.0,12.38,120.38,-15.09,-14.3,STL>SGF:$12.38
SH01073,2026-09-28,KC Food Dist,MKC,TUL,E,828.3,33.5,MKC>TUL,2,169.84,80.0,28.0,14.41,122.41,47.43,27.9,MKC>TUL:$14.41
SH01074,2026-09-28,Paper Mill Supply,STL,SGF,P,1094.9,64.1,STL>SGF,2,279.41,80.0,28.0,16.81,124.81,154.6,55.3,STL>SGF:$16.81
SH01075,2026-09-28,Memphis Machinery,MEM,SGF,E,2843.2,112.8,MEM>SGF,2,578.89,80.0,28.0,32.76,140.76,438.13,75.7,MEM>SGF:$32.76
SH01076,2026-09-28,AutoParts Co,SGF,TUL,P,1144.6,46.9,SGF>TUL,2,307.7,80.0,28.0,10.25,118.25,189.45,61.6,SGF>TUL:$10.25
SH01077,2026-09-28,Midwest Apparel,MKC,STL,E,528.0,61.3,MKC>STL,2,118.28,80.0,28.0,17.4,125.4,-7.12,-6.0,MKC>STL:$17.40
SH01078,2026-09-28,KC Food Dist,MKC,MEM,E,1735.4,70.7,MKC>MEM,2,395.41,80.0,28.0,29.28,137.28,258.13,65.3,MKC>MEM:$29.28
SH01079,2026-09-28,Ozark Building,SGF,STL,E,1256.2,66.7,SGF>STL,2,268.49,80.0,28.0,17.49,125.49,143.0,53.3,SGF>STL:$17.49
SH01080,2026-09-28,Ozark Furniture,SGF,TUL,P,1101.7,177.7,SGF>TUL,2,292.89,80.0,28.0,38.83,146.83,146.06,49.9,SGF>TUL:$38.83
SH01081,2026-09-28,Plains Pharma,TUL,MKC,P,134.4,9.1,TUL>MKC,2,36.56,80.0,28.0,3.91,111.91,-75.35,-206.1,TUL>MKC:$3.91
SH01082,2026-09-28,Gateway Electronics,STL,MEM,P,352.9,37.6,STL>MEM,2,99.23,80.0,28.0,12.31,120.31,-21.08,-21.2,STL>MEM:$12.31
SH01083,2026-09-28,Midwest Apparel,MKC,TUL,P,455.9,62.3,MKC>TUL,2,113.79,80.0,28.0,26.79,134.79,-21.0,-18.5,MKC>TUL:$26.79
SH01084,2026-09-28,KC Food Dist,MKC,STL,E,922.0,27.7,MKC>STL,2,215.26,80.0,28.0,7.86,115.86,99.4,46.2,MKC>STL:$7.86
SH01085,2026-09-28,Memphis Machinery,MEM,STL,P,2138.0,81.3,MEM>STL,2,527.66,80.0,28.0,26.61,134.61,393.05,74.5,MEM>STL:$26.61
SH01086,2026-09-28,Delta Plastics,MEM,TUL,P,566.7,64.6,MEM>TUL,2,158.76,80.0,28.0,32.24,140.24,18.52,11.7,MEM>TUL:$32.24
SH01087,2026-09-28,Gateway Electronics,STL,MEM,P,540.0,45.8,STL>MEM,2,163.25,80.0,28.0,14.99,122.99,40.26,24.7,STL>MEM:$14.99
SH01088,2026-09-28,KC Food Dist,MKC,SGF,E,1908.3,55.8,MKC>SGF,2,368.95,80.0,28.0,9.35,117.35,251.6,68.2,MKC>SGF:$9.35
SH01089,2026-09-28,Plains Pharma,TUL,MEM,E,479.8,41.4,TUL>SGF>MEM,4,126.85,80.0,56.0,21.07,157.07,-30.22,-23.8,TUL>SGF:$9.05;SGF>MEM:$12.02
SH01090,2026-09-28,Tulsa Beverage,TUL,MEM,P,2479.5,89.6,TUL>MEM,2,763.41,80.0,28.0,44.71,152.71,610.7,80.0,TUL>MEM:$44.71
SH01091,2026-09-28,Plains Pharma,TUL,SGF,P,233.4,19.9,TUL>SGF,2,55.38,80.0,28.0,4.35,112.35,-56.97,-102.9,TUL>SGF:$4.35
SH01092,2026-09-28,Tulsa Beverage,TUL,MKC,E,1185.3,39.6,TUL>SGF>MKC,4,241.5,80.0,56.0,15.29,151.29,90.21,37.4,TUL>SGF:$8.65;SGF>MKC:$6.64
SH01093,2026-09-28,KC Food Dist,MKC,MEM,E,1082.0,37.7,MKC>MEM,2,260.71,80.0,28.0,15.61,123.61,137.1,52.6,MKC>MEM:$15.61
SH01094,2026-09-28,AutoParts Co,SGF,STL,P,1310.1,54.5,SGF>STL,2,378.91,80.0,28.0,14.29,122.29,256.62,67.7,SGF>STL:$14.29
SH01095,2026-09-28,Paper Mill Supply,STL,MEM,P,1454.7,82.4,STL>MEM,2,393.0,80.0,28.0,26.97,134.97,258.03,65.7,STL>MEM:$26.97
SH01096,2026-09-28,Ozark Furniture,SGF,MEM,E,717.4,98.6,SGF>MEM,2,173.79,80.0,28.0,28.63,136.63,37.16,21.4,SGF>MEM:$28.63
SH01097,2026-09-28,AutoParts Co,SGF,TUL,P,1473.1,62.3,SGF>TUL,2,376.17,80.0,28.0,13.61,121.61,254.56,67.7,SGF>TUL:$13.61
SH01098,2026-09-28,KC Food Dist,MKC,MEM,P,1614.2,60.0,MKC>MEM,2,476.92,80.0,28.0,24.85,132.85,344.07,72.1,MKC>MEM:$24.85
SH01099,2026-09-28,Ozark Building,SGF,MKC,E,1024.0,53.8,SGF>MKC,2,194.28,80.0,28.0,9.02,117.02,77.26,39.8,SGF>MKC:$9.02
SH01100,2026-09-28,Paper Mill Supply,STL,MEM,E,1719.1,109.7,STL>MEM,2,380.8,80.0,28.0,35.9,143.9,236.9,62.2,STL>MEM:$35.90
SH01101,2026-09-28,KC Food Dist,MKC,TUL,E,2299.7,68.4,MKC>TUL,2,460.03,80.0,28.0,29.42,137.42,322.61,70.1,MKC>TUL:$29.42
SH01102,2026-09-28,Delta Plastics,MEM,MKC,E,796.2,86.6,MEM>MKC,2,193.91,80.0,28.0,35.86,143.86,50.05,25.8,MEM>MKC:$35.86
SH01103,2026-09-28,Tulsa Beverage,TUL,MEM,E,1611.2,57.7,TUL>SGF>MEM,4,388.16,80.0,56.0,29.36,165.36,222.8,57.4,TUL>SGF:$12.61;SGF>MEM:$16.76
SH01104,2026-09-28,Midwest Apparel,MKC,TUL,E,615.9,75.0,MKC>TUL,2,125.98,80.0,28.0,32.26,140.26,-14.28,-11.3,MKC>TUL:$32.26
SH01105,2026-09-28,AutoParts Co,SGF,TUL,P,1284.7,57.6,SGF>TUL,2,346.25,80.0,28.0,12.59,120.59,225.66,65.2,SGF>TUL:$12.59
SH01106,2026-09-28,Gateway Electronics,STL,MEM,P,316.0,29.0,STL>MEM,2,75.12,80.0,28.0,9.49,117.49,-42.37,-56.4,STL>MEM:$9.49
SH01107,2026-09-28,Gateway Electronics,STL,SGF,P,807.4,86.2,STL>SGF,2,224.89,80.0,28.0,22.6,130.6,94.29,41.9,STL>SGF:$22.60
SH01108,2026-09-28,Delta Plastics,MEM,SGF,P,1254.5,130.3,MEM>SGF,2,347.6,80.0,28.0,37.84,145.84,201.76,58.0,MEM>SGF:$37.84
SH01109,2026-09-28,Delta Plastics,MEM,STL,P,362.8,39.4,MEM>STL,2,96.28,80.0,28.0,12.89,120.89,-24.61,-25.6,MEM>STL:$12.89
SH01110,2026-09-28,Ozark Building,SGF,TUL,P,1001.2,52.3,SGF>TUL,2,225.47,80.0,28.0,11.43,119.43,106.04,47.0,SGF>TUL:$11.43
SH01111,2026-09-28,Plains Pharma,TUL,MEM,E,421.5,31.8,TUL>SGF>MEM,4,101.19,80.0,56.0,16.18,152.18,-50.99,-50.4,TUL>SGF:$6.95;SGF>MEM:$9.23
SH01112,2026-09-28,Crossroads Retail,MKC,TUL,P,938.1,86.2,MKC>TUL,2,247.58,80.0,28.0,37.07,145.07,102.51,41.4,MKC>TUL:$37.07
SH01113,2026-09-28,Paper Mill Supply,STL,MKC,P,1078.5,55.7,STL>MKC,2,317.83,80.0,28.0,15.81,123.81,194.02,61.0,STL>MKC:$15.81
SH01114,2026-09-28,Paper Mill Supply,STL,MKC,P,1344.8,67.2,STL>MKC,2,350.15,80.0,28.0,19.08,127.08,223.07,63.7,STL>MKC:$19.08
SH01115,2026-09-28,Memphis Machinery,MEM,MKC,P,1533.5,64.0,MEM>MKC,2,457.8,80.0,28.0,26.5,134.5,323.3,70.6,MEM>MKC:$26.50
SH01116,2026-09-28,AutoParts Co,SGF,STL,P,826.2,33.7,SGF>STL,2,221.05,80.0,28.0,8.84,116.84,104.21,47.1,SGF>STL:$8.84
SH01117,2026-09-28,Memphis Machinery,MEM,STL,E,2043.3,84.6,MEM>STL,2,488.47,80.0,28.0,27.69,135.69,352.78,72.2,MEM>STL:$27.69
SH01118,2026-09-28,Tulsa Beverage,TUL,MEM,P,128.9,5.0,TUL>MEM,2,36.36,80.0,28.0,2.49,110.49,-74.13,-203.9,TUL>MEM:$2.49
SH01119,2026-09-28,AutoParts Co,SGF,STL,P,511.5,22.4,SGF>STL,2,151.13,80.0,28.0,5.87,113.87,37.26,24.7,SGF>STL:$5.87
SH01120,2026-09-28,Memphis Machinery,MEM,SGF,P,3399.2,141.9,MEM>SGF,2,992.5,80.0,28.0,41.21,149.21,843.29,85.0,MEM>SGF:$41.21
SH01121,2026-09-28,AutoParts Co,SGF,TUL,E,611.1,27.4,SGF>TUL,2,115.68,80.0,28.0,5.99,113.99,1.69,1.5,SGF>TUL:$5.99
SH01122,2026-09-28,AutoParts Co,SGF,MKC,P,762.3,33.0,SGF>MKC,2,209.96,80.0,28.0,5.53,113.53,96.43,45.9,SGF>MKC:$5.53
SH01123,2026-09-28,Tulsa Beverage,TUL,SGF,P,2341.7,88.2,TUL>SGF,2,620.98,80.0,28.0,19.27,127.27,493.71,79.5,TUL>SGF:$19.27
SH01124,2026-09-28,Tulsa Beverage,TUL,STL,P,1498.7,58.6,TUL>SGF>STL,4,442.0,80.0,56.0,28.17,164.17,277.83,62.9,TUL>SGF:$12.80;SGF>STL:$15.37
SH01125,2026-09-28,AutoParts Co,SGF,MEM,E,927.8,44.1,SGF>MEM,2,188.36,80.0,28.0,12.81,120.81,67.55,35.9,SGF>MEM:$12.81
SH01126,2026-09-28,Paper Mill Supply,STL,MEM,P,842.7,51.6,STL>MEM,2,234.16,80.0,28.0,16.89,124.89,109.27,46.7,STL>MEM:$16.89
SH01127,2026-09-28,Gateway Electronics,STL,MEM,P,149.2,14.1,STL>MEM,2,44.54,80.0,28.0,4.61,112.61,-68.07,-152.8,STL>MEM:$4.61
SH01128,2026-09-28,Memphis Machinery,MEM,TUL,P,1583.0,67.3,MEM>TUL,2,503.57,80.0,28.0,33.58,141.58,361.99,71.9,MEM>TUL:$33.58
SH01129,2026-09-28,KC Food Dist,MKC,TUL,E,1963.7,73.8,MKC>TUL,2,420.97,80.0,28.0,31.74,139.74,281.23,66.8,MKC>TUL:$31.74
SH01130,2026-09-28,Memphis Machinery,MEM,TUL,P,3101.0,144.1,MEM>TUL,2,936.33,80.0,28.0,71.91,179.91,756.42,80.8,MEM>TUL:$71.91
SH01131,2026-09-28,Paper Mill Supply,STL,MEM,P,1535.4,74.7,STL>MEM,2,434.53,80.0,28.0,24.45,132.45,302.08,69.5,STL>MEM:$24.45
SH01132,2026-09-28,Midwest Apparel,MKC,TUL,E,732.4,91.2,MKC>TUL,2,162.17,80.0,28.0,39.22,147.22,14.95,9.2,MKC>TUL:$39.22
SH01133,2026-09-28,KC Food Dist,MKC,SGF,P,1393.4,47.6,MKC>SGF,2,354.88,80.0,28.0,7.98,115.98,238.9,67.3,MKC>SGF:$7.98
SH01134,2026-09-28,Paper Mill Supply,STL,MEM,E,1477.8,75.5,STL>MEM,2,387.77,80.0,28.0,24.71,132.71,255.06,65.8,STL>MEM:$24.71
SH01135,2026-09-28,KC Food Dist,MKC,SGF,P,1276.5,42.2,MKC>SGF,2,359.0,80.0,28.0,7.07,115.07,243.93,67.9,MKC>SGF:$7.07
SH01136,2026-09-28,KC Food Dist,MKC,STL,E,1210.5,39.4,MKC>STL,2,284.34,80.0,28.0,11.19,119.19,165.15,58.1,MKC>STL:$11.19
SH01137,2026-09-28,Tulsa Beverage,TUL,MKC,P,824.7,28.0,TUL>MKC,2,233.83,80.0,28.0,12.04,120.04,113.79,48.7,TUL>MKC:$12.04
SH01138,2026-09-28,Ozark Building,SGF,MEM,P,1530.0,79.8,SGF>MEM,2,405.07,80.0,28.0,23.17,131.17,273.9,67.6,SGF>MEM:$23.17
SH01139,2026-09-28,Delta Plastics,MEM,STL,E,842.8,88.5,MEM>STL,2,168.58,80.0,28.0,28.96,136.96,31.62,18.8,MEM>STL:$28.96
SH01140,2026-09-28,AutoParts Co,SGF,TUL,E,791.0,37.7,SGF>TUL,2,124.9,80.0,28.0,8.24,116.24,8.66,6.9,SGF>TUL:$8.24
SH01141,2026-09-28,Tulsa Beverage,TUL,SGF,P,2014.4,82.7,TUL>SGF,2,547.08,80.0,28.0,18.07,126.07,421.01,77.0,TUL>SGF:$18.07
SH01142,2026-09-28,Paper Mill Supply,STL,MEM,P,727.3,40.1,STL>MEM,2,179.97,80.0,28.0,13.12,121.12,58.85,32.7,STL>MEM:$13.12
SH01143,2026-09-28,KC Food Dist,MKC,MEM,P,1029.7,35.9,MKC>MEM,2,304.18,80.0,28.0,14.87,122.87,181.31,59.6,MKC>MEM:$14.87
SH01144,2026-09-28,Midwest Apparel,MKC,MEM,E,1119.7,114.0,MKC>MEM,2,268.87,80.0,28.0,47.21,155.21,113.66,42.3,MKC>MEM:$47.21
SH01145,2026-09-28,Tulsa Beverage,TUL,SGF,P,1883.6,64.7,TUL>SGF,2,454.99,80.0,28.0,14.14,122.14,332.85,73.2,TUL>SGF:$14.14
SH01146,2026-09-28,AutoParts Co,SGF,MEM,P,948.1,45.3,SGF>MEM,2,285.57,80.0,28.0,13.16,121.16,164.41,57.6,SGF>MEM:$13.16
SH01147,2026-09-28,Memphis Machinery,MEM,SGF,E,1902.1,67.0,MEM>SGF,2,439.63,80.0,28.0,19.46,127.46,312.17,71.0,MEM>SGF:$19.46
SH01148,2026-09-28,AutoParts Co,SGF,TUL,P,712.3,28.8,SGF>TUL,2,188.8,80.0,28.0,6.29,114.29,74.51,39.5,SGF>TUL:$6.29
SH01149,2026-09-28,Memphis Machinery,MEM,STL,P,2021.9,89.4,MEM>STL,2,564.16,80.0,28.0,29.26,137.26,426.9,75.7,MEM>STL:$29.26
SH01150,2026-09-28,AutoParts Co,SGF,MKC,P,1611.0,91.2,SGF>MKC,2,374.55,80.0,28.0,15.29,123.29,251.26,67.1,SGF>MKC:$15.29
SH01151,2026-09-28,AutoParts Co,SGF,MEM,P,738.8,34.1,SGF>MEM,2,204.37,80.0,28.0,9.9,117.9,86.47,42.3,SGF>MEM:$9.90
SH01152,2026-09-28,AutoParts Co,SGF,MEM,P,1244.3,54.2,SGF>MEM,2,323.69,80.0,28.0,15.74,123.74,199.95,61.8,SGF>MEM:$15.74
SH01153,2026-09-28,Ozark Building,SGF,STL,P,1734.0,89.5,SGF>STL,2,488.67,80.0,28.0,23.47,131.47,357.2,73.1,SGF>STL:$23.47
SH01154,2026-09-28,KC Food Dist,MKC,MEM,E,1883.8,55.1,MKC>MEM,2,461.62,80.0,28.0,22.82,130.82,330.8,71.7,MKC>MEM:$22.82
SH01155,2026-09-28,Memphis Machinery,MEM,STL,E,2052.0,78.1,MEM>STL,2,439.68,80.0,28.0,25.56,133.56,306.12,69.6,MEM>STL:$25.56
SH01156,2026-09-28,AutoParts Co,SGF,MKC,E,1337.4,60.8,SGF>MKC,2,315.53,80.0,28.0,10.19,118.19,197.34,62.5,SGF>MKC:$10.19
SH01157,2026-09-28,AutoParts Co,SGF,MEM,P,1066.7,46.0,SGF>MEM,2,319.32,80.0,28.0,13.36,121.36,197.96,62.0,SGF>MEM:$13.36
SH01158,2026-09-28,AutoParts Co,SGF,STL,P,827.8,37.4,SGF>STL,2,215.11,80.0,28.0,9.81,117.81,97.3,45.2,SGF>STL:$9.81
SH01159,2026-09-28,Memphis Machinery,MEM,MKC,P,1523.4,59.3,MEM>MKC,2,432.03,80.0,28.0,24.56,132.56,299.47,69.3,MEM>MKC:$24.56
SH01160,2026-09-28,Memphis Machinery,MEM,SGF,E,2299.8,78.8,MEM>SGF,2,513.5,80.0,28.0,22.88,130.88,382.62,74.5,MEM>SGF:$22.88
SH01161,2026-09-28,Tulsa Beverage,TUL,MKC,P,1106.9,37.3,TUL>MKC,2,326.2,80.0,28.0,16.04,124.04,202.16,62.0,TUL>MKC:$16.04
SH01162,2026-09-28,AutoParts Co,SGF,MEM,P,1060.9,48.9,SGF>MEM,2,293.4,80.0,28.0,14.2,122.2,171.2,58.4,SGF>MEM:$14.20
SH01163,2026-09-28,Delta Plastics,MEM,STL,E,565.8,65.6,MEM>STL,2,138.66,80.0,28.0,21.47,129.47,9.19,6.6,MEM>STL:$21.47
SH01164,2026-09-28,Memphis Machinery,MEM,MKC,P,1507.0,58.2,MEM>MKC,2,444.08,80.0,28.0,24.1,132.1,311.98,70.3,MEM>MKC:$24.10
SH01165,2026-09-28,Delta Plastics,MEM,STL,E,221.9,22.2,MEM>STL,2,57.72,80.0,28.0,7.27,115.27,-57.55,-99.7,MEM>STL:$7.27
SH01166,2026-09-28,Crossroads Retail,MKC,TUL,P,779.4,80.6,MKC>TUL,2,224.7,80.0,28.0,34.66,142.66,82.04,36.5,MKC>TUL:$34.66
SH01167,2026-09-28,Plains Pharma,TUL,SGF,P,500.4,39.6,TUL>SGF,2,117.0,80.0,28.0,8.65,116.65,0.35,0.3,TUL>SGF:$8.65
SH01168,2026-09-28,AutoParts Co,SGF,STL,P,1020.2,51.4,SGF>STL,2,243.75,80.0,28.0,13.48,121.48,122.27,50.2,SGF>STL:$13.48
SH01169,2026-09-28,Delta Plastics,MEM,MKC,P,891.7,88.8,MEM>MKC,2,246.87,80.0,28.0,36.77,144.77,102.1,41.4,MEM>MKC:$36.77
SH01170,2026-09-28,Midwest Apparel,MKC,SGF,E,620.6,76.3,MKC>SGF,2,109.4,80.0,28.0,12.79,120.79,-11.39,-10.4,MKC>SGF:$12.79
SH01171,2026-09-28,Memphis Machinery,MEM,TUL,P,1698.1,71.3,MEM>TUL,2,559.34,80.0,28.0,35.58,143.58,415.76,74.3,MEM>TUL:$35.58
SH01172,2026-09-28,Delta Plastics,MEM,TUL,P,426.0,60.5,MEM>TUL,2,131.83,80.0,28.0,30.19,138.19,-6.36,-4.8,MEM>TUL:$30.19
SH01173,2026-09-28,Delta Plastics,MEM,STL,P,569.5,69.3,MEM>STL,2,149.19,80.0,28.0,22.68,130.68,18.51,12.4,MEM>STL:$22.68
SH01174,2026-09-28,Tulsa Beverage,TUL,SGF,P,155.2,5.8,TUL>SGF,2,41.38,80.0,28.0,1.27,109.27,-67.89,-164.1,TUL>SGF:$1.27
SH01175,2026-09-28,Tulsa Beverage,TUL,MKC,P,1334.3,59.7,TUL>MKC,2,380.96,80.0,28.0,25.68,133.68,247.28,64.9,TUL>MKC:$25.68
SH01176,2026-09-28,KC Food Dist,MKC,STL,E,1813.7,61.7,MKC>STL,2,439.44,80.0,28.0,17.52,125.52,313.92,71.4,MKC>STL:$17.52
SH01177,2026-09-28,Midwest Apparel,MKC,SGF,P,80.0,10.4,MKC>SGF,2,25.73,80.0,28.0,1.74,109.74,-84.01,-326.5,MKC>SGF:$1.74
SH01178,2026-09-28,KC Food Dist,MKC,STL,P,2173.0,74.7,MKC>STL,2,636.45,80.0,28.0,21.21,129.21,507.24,79.7,MKC>STL:$21.21
SH01179,2026-09-28,Delta Plastics,MEM,MKC,P,560.3,59.7,MEM>MKC,2,164.71,80.0,28.0,24.72,132.72,31.99,19.4,MEM>MKC:$24.72
SH01180,2026-09-28,AutoParts Co,SGF,MKC,P,789.5,35.9,SGF>MKC,2,202.54,80.0,28.0,6.02,114.02,88.52,43.7,SGF>MKC:$6.02
SH01181,2026-09-28,Memphis Machinery,MEM,SGF,P,1149.5,46.6,MEM>SGF,2,360.42,80.0,28.0,13.53,121.53,238.89,66.3,MEM>SGF:$13.53
SH01182,2026-09-28,Tulsa Beverage,TUL,SGF,E,1623.2,59.8,TUL>SGF,2,361.47,80.0,28.0,13.07,121.07,240.4,66.5,TUL>SGF:$13.07
SH01183,2026-09-28,AutoParts Co,SGF,MKC,P,862.5,36.7,SGF>MKC,2,251.33,80.0,28.0,6.15,114.15,137.18,54.6,SGF>MKC:$6.15
SH01184,2026-09-28,Paper Mill Supply,STL,SGF,P,557.7,30.7,STL>SGF,2,127.53,80.0,28.0,8.05,116.05,11.48,9.0,STL>SGF:$8.05
SH01185,2026-09-28,Delta Plastics,MEM,MKC,P,940.7,84.5,MEM>MKC,2,280.43,80.0,28.0,34.99,142.99,137.44,49.0,MEM>MKC:$34.99
SH01186,2026-09-28,AutoParts Co,SGF,STL,P,424.9,20.6,SGF>STL,2,104.47,80.0,28.0,5.4,113.4,-8.93,-8.5,SGF>STL:$5.40
SH01187,2026-09-28,AutoParts Co,SGF,MEM,P,542.5,25.0,SGF>MEM,2,150.9,80.0,28.0,7.26,115.26,35.64,23.6,SGF>MEM:$7.26
SH01188,2026-09-28,Delta Plastics,MEM,TUL,E,303.8,32.8,MEM>TUL,2,79.46,80.0,28.0,16.37,124.37,-44.91,-56.5,MEM>TUL:$16.37
SH01189,2026-09-28,Midwest Apparel,MKC,SGF,P,628.4,64.2,MKC>SGF,2,165.22,80.0,28.0,10.76,118.76,46.46,28.1,MKC>SGF:$10.76
SH01190,2026-09-28,Memphis Machinery,MEM,MKC,E,1076.8,45.5,MEM>MKC,2,257.12,80.0,28.0,18.84,126.84,130.28,50.7,MEM>MKC:$18.84
SH01191,2026-09-28,Plains Pharma,TUL,STL,P,359.2,30.1,TUL>SGF>STL,4,105.89,80.0,56.0,14.47,150.47,-44.58,-42.1,TUL>SGF:$6.58;SGF>STL:$7.89
SH01192,2026-09-28,Memphis Machinery,MEM,TUL,E,2376.4,90.3,MEM>TUL,2,608.25,80.0,28.0,45.06,153.06,455.19,74.8,MEM>TUL:$45.06
SH01193,2026-09-28,AutoParts Co,SGF,MEM,P,1382.0,68.8,SGF>MEM,2,393.27,80.0,28.0,19.98,127.98,265.29,67.5,SGF>MEM:$19.98
SH01194,2026-09-28,Midwest Apparel,MKC,MEM,P,577.3,76.1,MKC>MEM,2,182.87,80.0,28.0,31.51,139.51,43.36,23.7,MKC>MEM:$31.51
SH01195,2026-09-28,Paper Mill Supply,STL,SGF,P,1130.7,58.1,STL>SGF,2,322.04,80.0,28.0,15.24,123.24,198.8,61.7,STL>SGF:$15.24
SH01196,2026-09-28,Midwest Apparel,MKC,SGF,E,514.5,69.5,MKC>SGF,2,114.23,80.0,28.0,11.65,119.65,-5.42,-4.7,MKC>SGF:$11.65
SH01197,2026-09-28,Tulsa Beverage,TUL,SGF,E,2348.4,83.2,TUL>SGF,2,458.8,80.0,28.0,18.18,126.18,332.62,72.5,TUL>SGF:$18.18
SH01198,2026-09-28,Paper Mill Supply,STL,MKC,E,673.6,34.9,STL>MKC,2,131.03,80.0,28.0,9.91,117.91,13.12,10.0,STL>MKC:$9.91
SH01199,2026-09-28,AutoParts Co,SGF,STL,P,1410.9,65.4,SGF>STL,2,393.23,80.0,28.0,17.15,125.15,268.08,68.2,SGF>STL:$17.15
SH01200,2026-09-28,Ozark Furniture,SGF,TUL,E,606.2,64.2,SGF>TUL,2,122.92,80.0,28.0,14.03,122.03,0.89,0.7,SGF>TUL:$14.03
SH01201,2026-09-28,Memphis Machinery,MEM,SGF,P,1399.2,62.0,MEM>SGF,2,368.95,80.0,28.0,18.01,126.01,242.94,65.8,MEM>SGF:$18.01
SH01202,2026-09-28,Paper Mill Supply,STL,TUL,E,346.2,18.4,STL>SGF>TUL,4,85.92,80.0,56.0,8.85,144.85,-58.93,-68.6,STL>SGF:$4.83;SGF>TUL:$4.02
SH01203,2026-09-28,Gateway Electronics,STL,SGF,P,710.6,81.0,STL>SGF,2,176.75,80.0,28.0,21.24,129.24,47.51,26.9,STL>SGF:$21.24
SH01204,2026-09-28,Paper Mill Supply,STL,MKC,E,794.2,45.1,STL>MKC,2,188.98,80.0,28.0,12.81,120.81,68.17,36.1,STL>MKC:$12.81
SH01205,2026-09-28,KC Food Dist,MKC,STL,P,1696.9,58.7,MKC>STL,2,502.76,80.0,28.0,16.67,124.67,378.09,75.2,MKC>STL:$16.67
SH01206,2026-09-28,Paper Mill Supply,STL,SGF,P,1224.4,67.8,STL>SGF,2,371.68,80.0,28.0,17.78,125.78,245.9,66.2,STL>SGF:$17.78
SH01207,2026-09-28,AutoParts Co,SGF,MEM,P,80.4,5.0,SGF>MEM,2,20.43,80.0,28.0,1.45,109.45,-89.02,-435.7,SGF>MEM:$1.45
SH01208,2026-09-28,Tulsa Beverage,TUL,STL,P,1791.6,62.0,TUL>SGF>STL,4,553.13,80.0,56.0,29.81,165.81,387.32,70.0,TUL>SGF:$13.55;SGF>STL:$16.26
SH01209,2026-09-28,Crossroads Retail,MKC,STL,E,700.4,66.2,MKC>STL,2,159.23,80.0,28.0,18.8,126.8,32.43,20.4,MKC>STL:$18.80
SH01210,2026-09-28,Midwest Apparel,MKC,STL,P,1134.2,143.0,MKC>STL,2,317.27,80.0,28.0,40.6,148.6,168.67,53.2,MKC>STL:$40.60
SH01211,2026-09-28,Tulsa Beverage,TUL,SGF,E,1090.6,40.0,TUL>SGF,2,254.26,80.0,28.0,8.74,116.74,137.52,54.1,TUL>SGF:$8.74
SH01212,2026-09-28,AutoParts Co,SGF,STL,P,1292.4,46.7,SGF>STL,2,357.14,80.0,28.0,12.25,120.25,236.89,66.3,SGF>STL:$12.25
SH01213,2026-09-28,Midwest Apparel,MKC,SGF,P,476.9,63.5,MKC>SGF,2,116.24,80.0,28.0,10.64,118.64,-2.4,-2.1,MKC>SGF:$10.64
SH01214,2026-09-28,KC Food Dist,MKC,SGF,E,494.8,14.1,MKC>SGF,2,93.29,80.0,28.0,2.36,110.36,-17.07,-18.3,MKC>SGF:$2.36
SH01215,2026-09-28,Crossroads Retail,MKC,SGF,P,365.2,31.6,MKC>SGF,2,94.93,80.0,28.0,5.3,113.3,-18.37,-19.3,MKC>SGF:$5.30
SH01216,2026-09-28,Paper Mill Supply,STL,SGF,P,536.9,37.0,STL>SGF,2,130.05,80.0,28.0,9.7,117.7,12.35,9.5,STL>SGF:$9.70
SH01217,2026-09-28,Gateway Electronics,STL,MKC,P,225.6,23.1,STL>MKC,2,60.56,80.0,28.0,6.56,114.56,-54.0,-89.2,STL>MKC:$6.56
SH01218,2026-09-28,Crossroads Retail,MKC,STL,E,80.0,7.4,MKC>STL,2,19.66,80.0,28.0,2.1,110.1,-90.44,-460.0,MKC>STL:$2.10
SH01219,2026-09-28,Gateway Electronics,STL,MKC,P,736.6,74.0,STL>MKC,2,182.46,80.0,28.0,21.01,129.01,53.45,29.3,STL>MKC:$21.01
SH01220,2026-09-28,KC Food Dist,MKC,TUL,E,1140.5,39.6,MKC>TUL,2,238.9,80.0,28.0,17.03,125.03,113.87,47.7,MKC>TUL:$17.03
SH01221,2026-09-28,AutoParts Co,SGF,TUL,E,740.4,31.3,SGF>TUL,2,159.01,80.0,28.0,6.84,114.84,44.17,27.8,SGF>TUL:$6.84
SH01222,2026-09-28,Delta Plastics,MEM,MKC,E,787.0,88.3,MEM>MKC,2,170.43,80.0,28.0,36.57,144.57,25.86,15.2,MEM>MKC:$36.57
SH01223,2026-09-28,KC Food Dist,MKC,SGF,E,2057.3,65.4,MKC>SGF,2,481.02,80.0,28.0,10.96,118.96,362.06,75.3,MKC>SGF:$10.96
SH01224,2026-09-28,Memphis Machinery,MEM,TUL,P,2159.8,85.1,MEM>TUL,2,610.38,80.0,28.0,42.46,150.46,459.92,75.3,MEM>TUL:$42.46
SH01225,2026-09-28,AutoParts Co,SGF,STL,E,338.3,16.3,SGF>STL,2,72.81,80.0,28.0,4.27,112.27,-39.46,-54.2,SGF>STL:$4.27
SH01226,2026-09-28,Delta Plastics,MEM,STL,P,598.5,65.8,MEM>STL,2,174.94,80.0,28.0,21.53,129.53,45.41,26.0,MEM>STL:$21.53
SH01227,2026-09-28,AutoParts Co,SGF,MEM,E,783.3,40.3,SGF>MEM,2,180.08,80.0,28.0,11.7,119.7,60.38,33.5,SGF>MEM:$11.70
SH01228,2026-09-28,Ozark Furniture,SGF,MEM,E,595.2,79.9,SGF>MEM,2,144.11,80.0,28.0,23.2,131.2,12.91,9.0,SGF>MEM:$23.20
SH01229,2026-09-28,Ozark Furniture,SGF,STL,P,595.1,82.4,SGF>STL,2,148.38,80.0,28.0,21.61,129.61,18.77,12.7,SGF>STL:$21.61
SH01230,2026-09-28,Ozark Building,SGF,MEM,E,1007.0,58.3,SGF>MEM,2,246.91,80.0,28.0,16.93,124.93,121.98,49.4,SGF>MEM:$16.93
SH01231,2026-09-28,Paper Mill Supply,STL,MKC,P,546.7,33.8,STL>MKC,2,143.6,80.0,28.0,9.6,117.6,26.0,18.1,STL>MKC:$9.60
SH01232,2026-09-28,AutoParts Co,SGF,STL,P,817.3,46.1,SGF>STL,2,219.71,80.0,28.0,12.09,120.09,99.62,45.3,SGF>STL:$12.09
SH01233,2026-09-28,Paper Mill Supply,STL,SGF,E,1079.4,67.4,STL>SGF,2,212.75,80.0,28.0,17.67,125.67,87.08,40.9,STL>SGF:$17.67
SH01234,2026-09-28,Plains Pharma,TUL,STL,E,568.8,48.5,TUL>SGF>STL,4,138.75,80.0,56.0,23.32,159.32,-20.57,-14.8,TUL>SGF:$10.60;SGF>STL:$12.72
SH01235,2026-09-28,Ozark Building,SGF,MEM,E,1992.4,97.6,SGF>MEM,2,403.14,80.0,28.0,28.34,136.34,266.8,66.2,SGF>MEM:$28.34
SH01236,2026-09-28,Plains Pharma,TUL,SGF,P,184.1,14.6,TUL>SGF,2,48.19,80.0,28.0,3.19,111.19,-63.0,-130.7,TUL>SGF:$3.19
SH01237,2026-09-28,Gateway Electronics,STL,MEM,P,230.7,20.2,STL>MEM,2,69.04,80.0,28.0,6.61,114.61,-45.57,-66.0,STL>MEM:$6.61
SH01238,2026-09-28,Delta Plastics,MEM,MKC,E,619.8,80.9,MEM>MKC,2,159.7,80.0,28.0,33.5,141.5,18.2,11.4,MEM>MKC:$33.50
SH01239,2026-09-28,AutoParts Co,SGF,MEM,P,908.2,42.0,SGF>MEM,2,280.91,80.0,28.0,12.2,120.2,160.71,57.2,SGF>MEM:$12.20
SH01240,2026-09-28,Tulsa Beverage,TUL,MEM,P,845.5,31.9,TUL>MEM,2,248.86,80.0,28.0,15.92,123.92,124.94,50.2,TUL>MEM:$15.92
SH01241,2026-09-28,AutoParts Co,SGF,STL,P,279.5,11.8,SGF>STL,2,70.11,80.0,28.0,3.09,111.09,-40.98,-58.5,SGF>STL:$3.09
SH01242,2026-09-28,Tulsa Beverage,TUL,SGF,P,1108.4,36.2,TUL>SGF,2,338.64,80.0,28.0,7.91,115.91,222.73,65.8,TUL>SGF:$7.91
SH01243,2026-09-28,Memphis Machinery,MEM,TUL,P,2312.1,100.6,MEM>TUL,2,694.7,80.0,28.0,50.2,158.2,536.5,77.2,MEM>TUL:$50.20
SH01244,2026-09-28,Paper Mill Supply,STL,MKC,P,1181.3,69.7,STL>MKC,2,297.21,80.0,28.0,19.79,127.79,169.42,57.0,STL>MKC:$19.79
SH01245,2026-09-28,Ozark Furniture,SGF,TUL,E,326.4,42.4,SGF>TUL,2,63.41,80.0,28.0,9.26,117.26,-53.85,-84.9,SGF>TUL:$9.26
SH01246,2026-09-28,Delta Plastics,MEM,SGF,E,766.3,84.5,MEM>SGF,2,197.0,80.0,28.0,24.54,132.54,64.46,32.7,MEM>SGF:$24.54
SH01247,2026-09-28,AutoParts Co,SGF,MEM,E,902.5,38.6,SGF>MEM,2,199.92,80.0,28.0,11.21,119.21,80.71,40.4,SGF>MEM:$11.21
SH01248,2026-09-28,Crossroads Retail,MKC,TUL,P,437.0,43.6,MKC>TUL,2,121.87,80.0,28.0,18.75,126.75,-4.88,-4.0,MKC>TUL:$18.75
SH01249,2026-09-28,KC Food Dist,MKC,SGF,P,1398.0,48.7,MKC>SGF,2,389.03,80.0,28.0,8.16,116.16,272.87,70.1,MKC>SGF:$8.16
SH01250,2026-09-28,Crossroads Retail,MKC,TUL,P,80.0,8.2,MKC>TUL,2,24.27,80.0,28.0,3.53,111.53,-87.26,-359.5,MKC>TUL:$3.53
SH01251,2026-09-28,Crossroads Retail,MKC,STL,E,697.6,64.5,MKC>STL,2,165.32,80.0,28.0,18.31,126.31,39.01,23.6,MKC>STL:$18.31
SH01252,2026-09-28,AutoParts Co,SGF,STL,P,664.1,31.8,SGF>STL,2,182.43,80.0,28.0,8.34,116.34,66.09,36.2,SGF>STL:$8.34
SH01253,2026-09-28,Paper Mill Supply,STL,MEM,E,1229.0,63.8,STL>MEM,2,268.95,80.0,28.0,20.88,128.88,140.07,52.1,STL>MEM:$20.88
SH01254,2026-09-28,Plains Pharma,TUL,STL,E,446.4,41.9,TUL>SGF>STL,4,105.54,80.0,56.0,20.14,156.14,-50.6,-47.9,TUL>SGF:$9.16;SGF>STL:$10.99
SH01255,2026-09-28,Tulsa Beverage,TUL,MEM,P,2786.0,94.4,TUL>MEM,2,892.12,80.0,28.0,47.11,155.11,737.01,82.6,TUL>MEM:$47.11
SH01256,2026-09-28,Tulsa Beverage,TUL,STL,E,1498.0,63.3,TUL>SGF>STL,4,358.57,80.0,56.0,30.43,166.43,192.14,53.6,TUL>SGF:$13.83;SGF>STL:$16.60
SH01257,2026-09-28,Ozark Furniture,SGF,MKC,P,764.7,116.6,SGF>MKC,2,174.8,80.0,28.0,19.54,127.54,47.26,27.0,SGF>MKC:$19.54
SH01258,2026-09-28,Midwest Apparel,MKC,TUL,E,688.3,79.7,MKC>TUL,2,142.06,80.0,28.0,34.28,142.28,-0.22,-0.2,MKC>TUL:$34.28
SH01259,2026-09-28,Plains Pharma,TUL,MEM,P,91.1,6.9,TUL>MEM,2,28.79,80.0,28.0,3.44,111.44,-82.65,-287.1,TUL>MEM:$3.44
SH01260,2026-09-28,Paper Mill Supply,STL,MEM,E,1287.0,75.8,STL>MEM,2,325.15,80.0,28.0,24.81,132.81,192.34,59.2,STL>MEM:$24.81
SH01261,2026-09-28,KC Food Dist,MKC,TUL,P,2156.2,41.7,MKC>TUL,2,516.38,80.0,28.0,17.93,125.93,390.45,75.6,MKC>TUL:$17.93
SH01262,2026-09-28,Ozark Furniture,SGF,STL,P,1124.9,157.3,SGF>STL,2,300.55,80.0,28.0,41.25,149.25,151.3,50.3,SGF>STL:$41.25
SH01263,2026-09-28,Ozark Furniture,SGF,MKC,P,585.1,89.7,SGF>MKC,2,154.32,80.0,28.0,15.04,123.04,31.28,20.3,SGF>MKC:$15.04
SH01264,2026-09-28,Plains Pharma,TUL,MKC,P,352.9,26.8,TUL>MKC,2,97.38,80.0,28.0,11.53,119.53,-22.15,-22.7,TUL>MKC:$11.53
SH01265,2026-09-28,AutoParts Co,SGF,MEM,E,771.3,35.9,SGF>MEM,2,167.24,80.0,28.0,10.43,118.43,48.81,29.2,SGF>MEM:$10.43
SH01266,2026-09-28,Ozark Furniture,SGF,MEM,P,846.3,130.4,SGF>MEM,2,257.84,80.0,28.0,37.87,145.87,111.97,43.4,SGF>MEM:$37.87
SH01267,2026-09-28,AutoParts Co,SGF,MKC,P,843.3,34.8,SGF>MKC,2,228.33,80.0,28.0,5.83,113.83,114.5,50.1,SGF>MKC:$5.83
SH01268,2026-09-28,KC Food Dist,MKC,SGF,P,1213.1,39.3,MKC>SGF,2,348.77,80.0,28.0,6.59,114.59,234.18,67.1,MKC>SGF:$6.59
SH01269,2026-09-28,Tulsa Beverage,TUL,SGF,E,2433.5,88.4,TUL>SGF,2,473.64,80.0,28.0,19.32,127.32,346.32,73.1,TUL>SGF:$19.32
SH01270,2026-09-28,Midwest Apparel,MKC,MEM,P,726.8,93.3,MKC>MEM,2,223.03,80.0,28.0,38.64,146.64,76.39,34.3,MKC>MEM:$38.64
SH01271,2026-09-28,AutoParts Co,SGF,TUL,E,801.3,37.8,SGF>TUL,2,172.26,80.0,28.0,8.26,116.26,56.0,32.5,SGF>TUL:$8.26
SH01272,2026-09-28,Crossroads Retail,MKC,SGF,E,962.1,92.7,MKC>SGF,2,207.71,80.0,28.0,15.54,123.54,84.17,40.5,MKC>SGF:$15.54
SH01273,2026-09-28,Delta Plastics,MEM,MKC,P,1257.2,181.4,MEM>MKC,2,321.99,80.0,28.0,75.12,183.12,138.87,43.1,MEM>MKC:$75.12
SH01274,2026-09-28,Midwest Apparel,MKC,TUL,P,727.2,72.3,MKC>TUL,2,201.9,80.0,28.0,31.09,139.09,62.81,31.1,MKC>TUL:$31.09
SH01275,2026-09-28,AutoParts Co,SGF,TUL,E,782.4,31.7,SGF>TUL,2,133.67,80.0,28.0,6.93,114.93,18.74,14.0,SGF>TUL:$6.93
SH01276,2026-09-28,AutoParts Co,SGF,MKC,P,910.4,48.1,SGF>MKC,2,266.83,80.0,28.0,8.06,116.06,150.77,56.5,SGF>MKC:$8.06
SH01277,2026-09-28,AutoParts Co,SGF,TUL,E,1579.4,62.8,SGF>TUL,2,358.17,80.0,28.0,13.72,121.72,236.45,66.0,SGF>TUL:$13.72
SH01278,2026-09-28,Plains Pharma,TUL,MEM,P,459.4,32.9,TUL>MEM,2,156.21,80.0,28.0,16.42,124.42,31.79,20.4,TUL>MEM:$16.42
SH01279,2026-09-28,Memphis Machinery,MEM,SGF,E,1408.5,58.2,MEM>SGF,2,358.66,80.0,28.0,16.9,124.9,233.76,65.2,MEM>SGF:$16.90
SH01280,2026-09-28,Delta Plastics,MEM,SGF,E,680.6,74.5,MEM>SGF,2,151.51,80.0,28.0,21.64,129.64,21.87,14.4,MEM>SGF:$21.64
SH01281,2026-09-28,Delta Plastics,MEM,SGF,E,1064.6,106.9,MEM>SGF,2,249.0,80.0,28.0,31.04,139.04,109.96,44.2,MEM>SGF:$31.04
SH01282,2026-09-28,Delta Plastics,MEM,TUL,P,941.5,109.2,MEM>TUL,2,272.25,80.0,28.0,54.49,162.49,109.76,40.3,MEM>TUL:$54.49
SH01283,2026-09-28,Midwest Apparel,MKC,STL,E,659.0,83.0,MKC>STL,2,141.9,80.0,28.0,23.57,131.57,10.33,7.3,MKC>STL:$23.57
SH01284,2026-09-28,Tulsa Beverage,TUL,MEM,E,1974.6,64.0,TUL>SGF>MEM,4,464.35,80.0,56.0,32.57,168.57,295.78,63.7,TUL>SGF:$13.98;SGF>MEM:$18.59
SH01285,2026-09-28,Tulsa Beverage,TUL,MKC,E,2524.3,85.4,TUL>SGF>MKC,4,625.65,80.0,56.0,32.98,168.98,456.67,73.0,TUL>SGF:$18.66;SGF>MKC:$14.32
SH01286,2026-09-28,Gateway Electronics,STL,MEM,E,523.7,49.7,STL>MEM,2,110.86,80.0,28.0,16.27,124.27,-13.41,-12.1,STL>MEM:$16.27
SH01287,2026-09-28,Delta Plastics,MEM,STL,P,725.9,77.1,MEM>STL,2,167.74,80.0,28.0,25.23,133.23,34.51,20.6,MEM>STL:$25.23
SH01288,2026-09-28,Gateway Electronics,STL,MKC,P,560.6,59.1,STL>MKC,2,138.9,80.0,28.0,16.78,124.78,14.12,10.2,STL>MKC:$16.78
SH01289,2026-09-28,Ozark Building,SGF,STL,E,2032.7,127.7,SGF>STL,2,521.0,80.0,28.0,33.49,141.49,379.51,72.8,SGF>STL:$33.49
SH01290,2026-09-28,Memphis Machinery,MEM,STL,P,2168.7,85.6,MEM>STL,2,692.77,80.0,28.0,28.01,136.01,556.76,80.4,MEM>STL:$28.01
SH01291,2026-09-28,Ozark Furniture,SGF,TUL,P,1147.2,165.1,SGF>TUL,2,314.61,80.0,28.0,36.08,144.08,170.53,54.2,SGF>TUL:$36.08
SH01292,2026-09-28,KC Food Dist,MKC,SGF,E,1227.7,46.9,MKC>SGF,2,255.2,80.0,28.0,7.86,115.86,139.34,54.6,MKC>SGF:$7.86
SH01293,2026-09-28,Tulsa Beverage,TUL,SGF,P,2914.2,104.5,TUL>SGF,2,745.84,80.0,28.0,22.83,130.83,615.01,82.5,TUL>SGF:$22.83
SH01294,2026-09-28,Crossroads Retail,MKC,SGF,P,759.6,62.6,MKC>SGF,2,215.89,80.0,28.0,10.49,118.49,97.4,45.1,MKC>SGF:$10.49
SH01295,2026-09-28,AutoParts Co,SGF,MEM,P,1464.8,72.2,SGF>MEM,2,378.58,80.0,28.0,20.97,128.97,249.61,65.9,SGF>MEM:$20.97
SH01296,2026-09-28,AutoParts Co,SGF,MKC,P,1508.1,73.8,SGF>MKC,2,398.54,80.0,28.0,12.37,120.37,278.17,69.8,SGF>MKC:$12.37
SH01297,2026-09-28,Tulsa Beverage,TUL,MKC,E,1900.3,66.2,TUL>SGF>MKC,4,397.62,80.0,56.0,25.56,161.56,236.06,59.4,TUL>SGF:$14.47;SGF>MKC:$11.10
SH01298,2026-09-28,Crossroads Retail,MKC,SGF,P,728.6,54.6,MKC>SGF,2,169.59,80.0,28.0,9.15,117.15,52.44,30.9,MKC>SGF:$9.15
SH01299,2026-09-28,Plains Pharma,TUL,MEM,P,379.6,29.0,TUL>MEM,2,113.84,80.0,28.0,14.47,122.47,-8.63,-7.6,TUL>MEM:$14.47
SH01300,2026-09-28,KC Food Dist,MKC,SGF,P,1440.4,51.1,MKC>SGF,2,329.78,80.0,28.0,8.57,116.57,213.21,64.7,MKC>SGF:$8.57
SH01301,2026-09-28,Memphis Machinery,MEM,STL,E,1667.2,50.6,MEM>STL,2,344.9,80.0,28.0,16.56,124.56,220.34,63.9,MEM>STL:$16.56
SH01302,2026-09-28,Memphis Machinery,MEM,TUL,E,1672.1,63.3,MEM>TUL,2,376.05,80.0,28.0,31.59,139.59,236.46,62.9,MEM>TUL:$31.59
SH01303,2026-09-28,Gateway Electronics,STL,SGF,E,370.4,36.7,STL>SGF,2,75.7,80.0,28.0,9.62,117.62,-41.92,-55.4,STL>SGF:$9.62
SH01304,2026-09-28,Delta Plastics,MEM,MKC,E,668.4,63.8,MEM>MKC,2,165.05,80.0,28.0,26.42,134.42,30.63,18.6,MEM>MKC:$26.42
SH01305,2026-09-28,KC Food Dist,MKC,MEM,E,1506.8,45.6,MKC>MEM,2,346.15,80.0,28.0,18.88,126.88,219.27,63.3,MKC>MEM:$18.88
SH01306,2026-09-28,Tulsa Beverage,TUL,MEM,E,940.4,34.9,TUL>SGF>MEM,4,240.42,80.0,56.0,17.76,153.76,86.66,36.0,TUL>SGF:$7.63;SGF>MEM:$10.14
SH01307,2026-09-28,Plains Pharma,TUL,SGF,E,621.8,52.3,TUL>SGF,2,125.41,80.0,28.0,11.43,119.43,5.98,4.8,TUL>SGF:$11.43
SH01308,2026-09-28,Tulsa Beverage,TUL,STL,P,2492.6,95.0,TUL>SGF>STL,4,708.83,80.0,56.0,45.67,181.67,527.16,74.4,TUL>SGF:$20.76;SGF>STL:$24.91
SH01309,2026-09-28,KC Food Dist,MKC,TUL,E,1958.5,65.7,MKC>TUL,2,417.32,80.0,28.0,28.26,136.26,281.06,67.3,MKC>TUL:$28.26
SH01310,2026-09-28,KC Food Dist,MKC,STL,E,1507.4,55.8,MKC>STL,2,370.61,80.0,28.0,15.84,123.84,246.77,66.6,MKC>STL:$15.84
SH01311,2026-09-28,AutoParts Co,SGF,MEM,E,1255.5,55.3,SGF>MEM,2,322.65,80.0,28.0,16.06,124.06,198.59,61.5,SGF>MEM:$16.06
SH01312,2026-09-28,AutoParts Co,SGF,MKC,E,579.2,22.2,SGF>MKC,2,130.48,80.0,28.0,3.72,111.72,18.76,14.4,SGF>MKC:$3.72
SH01313,2026-09-28,Midwest Apparel,MKC,STL,E,755.9,101.5,MKC>STL,2,172.49,80.0,28.0,28.82,136.82,35.67,20.7,MKC>STL:$28.82
SH01314,2026-09-28,Midwest Apparel,MKC,SGF,P,194.2,23.1,MKC>SGF,2,49.83,80.0,28.0,3.87,111.87,-62.04,-124.5,MKC>SGF:$3.87
SH01315,2026-09-28,KC Food Dist,MKC,TUL,P,1376.5,55.3,MKC>TUL,2,348.53,80.0,28.0,23.78,131.78,216.75,62.2,MKC>TUL:$23.78
SH01316,2026-09-28,Plains Pharma,TUL,SGF,E,211.4,18.7,TUL>SGF,2,44.2,80.0,28.0,4.09,112.09,-67.89,-153.6,TUL>SGF:$4.09
SH01317,2026-09-28,KC Food Dist,MKC,SGF,P,1624.8,56.2,MKC>SGF,2,432.41,80.0,28.0,9.42,117.42,314.99,72.8,MKC>SGF:$9.42
SH01318,2026-09-28,Ozark Building,SGF,MEM,P,1238.0,65.3,SGF>MEM,2,381.59,80.0,28.0,18.96,126.96,254.63,66.7,SGF>MEM:$18.96
SH01319,2026-09-28,Paper Mill Supply,STL,MKC,P,1817.8,104.7,STL>MKC,2,478.13,80.0,28.0,29.73,137.73,340.4,71.2,STL>MKC:$29.73
SH01320,2026-09-28,Gateway Electronics,STL,MKC,E,118.6,10.5,STL>MKC,2,24.33,80.0,28.0,2.98,110.98,-86.65,-356.1,STL>MKC:$2.98
SH01321,2026-09-28,Gateway Electronics,STL,MKC,P,437.2,41.1,STL>MKC,2,111.32,80.0,28.0,11.67,119.67,-8.35,-7.5,STL>MKC:$11.67
SH01322,2026-09-28,Plains Pharma,TUL,MEM,E,669.2,55.7,TUL>SGF>MEM,4,171.0,80.0,56.0,28.35,164.35,6.65,3.9,TUL>SGF:$12.17;SGF>MEM:$16.18
SH01323,2026-09-28,Ozark Building,SGF,STL,P,2734.2,141.3,SGF>STL,2,792.55,80.0,28.0,37.05,145.05,647.5,81.7,SGF>STL:$37.05
SH01324,2026-09-28,AutoParts Co,SGF,MKC,P,1205.4,57.9,SGF>MKC,2,307.69,80.0,28.0,9.71,117.71,189.98,61.7,SGF>MKC:$9.71
SH01325,2026-09-28,AutoParts Co,SGF,STL,P,1285.9,53.9,SGF>STL,2,360.07,80.0,28.0,14.13,122.13,237.94,66.1,SGF>STL:$14.13
SH01326,2026-09-28,KC Food Dist,MKC,STL,P,945.7,26.5,MKC>STL,2,259.74,80.0,28.0,7.52,115.52,144.22,55.5,MKC>STL:$7.52
SH01327,2026-09-28,AutoParts Co,SGF,STL,E,763.5,36.9,SGF>STL,2,172.01,80.0,28.0,9.68,117.68,54.33,31.6,SGF>STL:$9.68
SH01328,2026-09-28,Gateway Electronics,STL,SGF,E,788.6,75.2,STL>SGF,2,187.92,80.0,28.0,19.72,127.72,60.2,32.0,STL>SGF:$19.72
SH01329,2026-09-28,Gateway Electronics,STL,SGF,P,390.0,35.3,STL>SGF,2,93.72,80.0,28.0,9.26,117.26,-23.54,-25.1,STL>SGF:$9.26
SH01330,2026-09-28,KC Food Dist,MKC,MEM,E,1520.4,43.0,MKC>MEM,2,342.04,80.0,28.0,17.81,125.81,216.23,63.2,MKC>MEM:$17.81
SH01331,2026-09-28,Ozark Furniture,SGF,STL,P,610.1,95.3,SGF>STL,2,150.68,80.0,28.0,24.99,132.99,17.69,11.7,SGF>STL:$24.99
SH01332,2026-09-28,Gateway Electronics,STL,MEM,E,715.1,69.8,STL>MEM,2,156.93,80.0,28.0,22.84,130.84,26.09,16.6,STL>MEM:$22.84
SH01333,2026-09-28,Midwest Apparel,MKC,STL,P,351.6,44.9,MKC>STL,2,92.78,80.0,28.0,12.75,120.75,-27.97,-30.1,MKC>STL:$12.75
SH01334,2026-09-28,AutoParts Co,SGF,STL,P,460.4,18.7,SGF>STL,2,122.53,80.0,28.0,4.9,112.9,9.63,7.9,SGF>STL:$4.90
SH01335,2026-09-28,Tulsa Beverage,TUL,MEM,P,2390.6,96.9,TUL>MEM,2,693.84,80.0,28.0,48.35,156.35,537.49,77.5,TUL>MEM:$48.35
SH01336,2026-09-28,Tulsa Beverage,TUL,STL,P,1816.7,65.8,TUL>SGF>STL,4,542.96,80.0,56.0,31.63,167.63,375.33,69.1,TUL>SGF:$14.38;SGF>STL:$17.25
SH01337,2026-09-28,Crossroads Retail,MKC,MEM,P,846.1,58.4,MKC>MEM,2,247.17,80.0,28.0,24.18,132.18,114.99,46.5,MKC>MEM:$24.18
SH01338,2026-09-28,Midwest Apparel,MKC,TUL,E,400.6,55.7,MKC>TUL,2,100.71,80.0,28.0,23.95,131.95,-31.24,-31.0,MKC>TUL:$23.95
SH01339,2026-09-28,Paper Mill Supply,STL,MKC,P,350.9,18.5,STL>MKC,2,96.63,80.0,28.0,5.25,113.25,-16.62,-17.2,STL>MKC:$5.25
SH01340,2026-09-28,Ozark Building,SGF,MEM,P,235.9,12.7,SGF>MEM,2,62.06,80.0,28.0,3.69,111.69,-49.63,-80.0,SGF>MEM:$3.69
SH01341,2026-09-28,Delta Plastics,MEM,STL,P,372.5,33.7,MEM>STL,2,104.52,80.0,28.0,11.03,119.03,-14.51,-13.9,MEM>STL:$11.03
SH01342,2026-09-28,Ozark Building,SGF,TUL,E,1022.8,44.3,SGF>TUL,2,208.56,80.0,28.0,9.68,117.68,90.88,43.6,SGF>TUL:$9.68
SH01343,2026-09-28,Plains Pharma,TUL,MEM,P,416.4,30.5,TUL>MEM,2,132.99,80.0,28.0,15.22,123.22,9.77,7.3,TUL>MEM:$15.22
SH01344,2026-09-28,Ozark Building,SGF,MEM,P,2070.9,108.4,SGF>MEM,2,526.9,80.0,28.0,31.48,139.48,387.42,73.5,SGF>MEM:$31.48
SH01345,2026-09-28,Delta Plastics,MEM,SGF,P,579.8,61.9,MEM>SGF,2,163.86,80.0,28.0,17.98,125.98,37.88,23.1,MEM>SGF:$17.98
SH01346,2026-09-28,KC Food Dist,MKC,SGF,P,1808.0,53.0,MKC>SGF,2,467.78,80.0,28.0,8.88,116.88,350.9,75.0,MKC>SGF:$8.88
SH01347,2026-09-28,Delta Plastics,MEM,SGF,P,645.3,68.4,MEM>SGF,2,186.21,80.0,28.0,19.86,127.86,58.35,31.3,MEM>SGF:$19.86
SH01348,2026-09-28,AutoParts Co,SGF,STL,P,974.6,37.4,SGF>STL,2,259.17,80.0,28.0,9.81,117.81,141.36,54.5,SGF>STL:$9.81
SH01349,2026-09-28,Plains Pharma,TUL,MKC,P,442.3,37.1,TUL>MKC,2,134.97,80.0,28.0,15.96,123.96,11.01,8.2,TUL>MKC:$15.96
SH01350,2026-09-28,Crossroads Retail,MKC,MEM,P,1197.5,99.6,MKC>MEM,2,403.05,80.0,28.0,41.25,149.25,253.8,63.0,MKC>MEM:$41.25
SH01351,2026-09-28,Gateway Electronics,STL,TUL,P,534.6,60.4,STL>TUL,2,164.53,80.0,28.0,73.47,181.47,-16.94,-10.3,STL>TUL:$73.47
SH01352,2026-09-28,Delta Plastics,MEM,STL,E,544.1,58.4,MEM>STL,2,104.64,80.0,28.0,19.11,127.11,-22.47,-21.5,MEM>STL:$19.11
SH01353,2026-09-28,Ozark Furniture,SGF,STL,E,386.1,53.1,SGF>STL,2,81.08,80.0,28.0,13.92,121.92,-40.84,-50.4,SGF>STL:$13.92
SH01354,2026-09-28,Paper Mill Supply,STL,SGF,P,1184.3,61.8,STL>SGF,2,336.24,80.0,28.0,16.21,124.21,212.03,63.1,STL>SGF:$16.21
SH01355,2026-09-28,Memphis Machinery,MEM,TUL,P,1687.1,64.4,MEM>TUL,2,516.05,80.0,28.0,32.14,140.14,375.91,72.8,MEM>TUL:$32.14
SH01356,2026-09-28,Gateway Electronics,STL,MKC,P,557.1,62.9,STL>MKC,2,126.11,80.0,28.0,17.86,125.86,0.25,0.2,STL>MKC:$17.86
SH01357,2026-09-28,Tulsa Beverage,TUL,MEM,E,589.2,25.0,TUL>SGF>MEM,4,144.32,80.0,56.0,12.72,148.72,-4.4,-3.1,TUL>SGF:$5.46;SGF>MEM:$7.26
SH01358,2026-09-28,KC Food Dist,MKC,STL,P,1508.3,60.5,MKC>STL,2,392.3,80.0,28.0,17.18,125.18,267.12,68.1,MKC>STL:$17.18
SH01359,2026-09-28,Memphis Machinery,MEM,STL,E,648.5,25.2,MEM>STL,2,146.11,80.0,28.0,8.25,116.25,29.86,20.4,MEM>STL:$8.25
SH01360,2026-09-28,KC Food Dist,MKC,MEM,E,1170.3,35.0,MKC>MEM,2,279.46,80.0,28.0,14.49,122.49,156.97,56.2,MKC>MEM:$14.49
SH01361,2026-09-28,Ozark Furniture,SGF,MEM,E,594.9,80.8,SGF>MEM,2,114.22,80.0,28.0,23.47,131.47,-17.25,-15.1,SGF>MEM:$23.47
SH01362,2026-09-28,Ozark Furniture,SGF,MKC,P,495.5,67.9,SGF>MKC,2,122.52,80.0,28.0,11.38,119.38,3.14,2.6,SGF>MKC:$11.38
SH01363,2026-09-28,Tulsa Beverage,TUL,SGF,P,1102.2,34.4,TUL>SGF,2,245.85,80.0,28.0,7.52,115.52,130.33,53.0,TUL>SGF:$7.52
SH01364,2026-09-28,KC Food Dist,MKC,MEM,E,1723.1,50.8,MKC>MEM,2,381.46,80.0,28.0,21.04,129.04,252.42,66.2,MKC>MEM:$21.04
SH01365,2026-09-28,Ozark Furniture,SGF,MEM,P,1141.0,166.1,SGF>MEM,2,308.49,80.0,28.0,48.24,156.24,152.25,49.4,SGF>MEM:$48.24
