shipment_id,date,customer_id,customer,origin,dest,product,weight_lbs,pieces,density_lb_cuft,inferred_cube_cuft,dimmed_cube_cuft,revenue_usd
SH00001,2026-09-28,S08,Delta Plastics,MEM,TUL,E,803.2,3,9,87.0,89.2,214.13
SH00002,2026-09-28,S11,Ozark Building,SGF,STL,E,147.5,1,20,7.5,7.4,31.66
SH00003,2026-09-28,S07,Memphis Machinery,MEM,STL,P,2159.1,8,25,71.1,86.4,633.32
SH00004,2026-09-28,S03,Paper Mill Supply,STL,SGF,P,1303.2,6,18,70.8,72.4,366.59
SH00005,2026-09-28,S07,Memphis Machinery,MEM,TUL,E,2007.0,13,25,94.7,80.3,519.14
SH00006,2026-09-28,S05,KC Food Dist,MKC,TUL,P,1040.2,4,30,37.0,34.7,255.85
SH00007,2026-09-28,S04,Gateway Electronics,STL,MKC,E,530.4,2,10,49.2,53.0,118.03
SH00008,2026-09-28,S05,KC Food Dist,MKC,MEM,E,1517.6,8,30,58.7,50.6,380.6
SH00009,2026-09-28,S01,AutoParts Co,SGF,MKC,E,1488.3,7,22,74.9,67.6,267.13
SH00010,2026-09-28,S04,Gateway Electronics,STL,TUL,P,475.7,3,10,50.4,47.6,138.27
SH00011,2026-09-28,S09,Tulsa Beverage,TUL,MEM,P,1823.9,9,28,56.0,65.1,586.51
SH00012,2026-09-28,S12,Crossroads Retail,MKC,TUL,E,146.4,1,11,15.0,13.3,31.5
SH00013,2026-09-28,S01,AutoParts Co,SGF,MKC,E,1070.5,4,22,52.4,48.7,198.38
SH00014,2026-09-28,S03,Paper Mill Supply,STL,TUL,E,1663.2,10,18,104.2,92.4,412.03
SH00015,2026-09-28,S10,Plains Pharma,TUL,STL,P,513.6,2,12,41.8,42.8,141.88
SH00016,2026-09-28,S09,Tulsa Beverage,TUL,STL,E,1620.0,6,28,61.6,57.9,427.24
SH00017,2026-09-28,S08,Delta Plastics,MEM,MKC,P,539.4,3,9,64.0,59.9,167.22
SH00018,2026-09-28,S03,Paper Mill Supply,STL,SGF,E,1215.1,5,18,66.8,67.5,267.82
SH00019,2026-09-28,S05,KC Food Dist,MKC,TUL,P,1980.1,10,30,62.2,66.0,470.4
SH00020,2026-09-28,S04,Gateway Electronics,STL,SGF,P,968.1,4,10,89.3,96.8,234.03
SH00021,2026-09-28,S06,Midwest Apparel,MKC,STL,E,569.4,3,8,68.4,71.2,126.44
SH00022,2026-09-28,S08,Delta Plastics,MEM,STL,E,228.4,1,9,21.9,25.4,55.34
SH00023,2026-09-28,S09,Tulsa Beverage,TUL,MKC,P,1914.8,7,28,79.4,68.4,493.38
SH00024,2026-09-28,S09,Tulsa Beverage,TUL,MEM,E,1005.2,7,28,32.9,35.9,271.94
SH00025,2026-09-28,S03,Paper Mill Supply,STL,SGF,E,1738.8,9,18,88.3,96.6,378.05
SH00026,2026-09-28,S05,KC Food Dist,MKC,TUL,E,883.2,3,30,25.9,29.4,185.92
SH00027,2026-09-28,S01,AutoParts Co,SGF,MEM,E,777.7,4,22,33.0,35.3,165.54
SH00028,2026-09-28,S09,Tulsa Beverage,TUL,STL,E,392.2,2,28,14.6,14.0,87.98
SH00029,2026-09-28,S03,Paper Mill Supply,STL,SGF,E,1401.6,7,18,65.6,77.9,350.71
SH00030,2026-09-28,S05,KC Food Dist,MKC,STL,E,2080.0,16,30,59.9,69.3,387.02
SH00031,2026-09-28,S06,Midwest Apparel,MKC,SGF,P,830.7,4,8,118.0,103.8,229.19
SH00032,2026-09-28,S10,Plains Pharma,TUL,MEM,P,791.9,4,12,63.1,66.0,245.11
SH00033,2026-09-28,S03,Paper Mill Supply,STL,MEM,E,1313.4,8,18,72.1,73.0,294.96
SH00034,2026-09-28,S07,Memphis Machinery,MEM,STL,E,1600.0,9,25,64.5,64.0,307.61
SH00035,2026-09-28,S01,AutoParts Co,SGF,MEM,P,231.4,1,22,10.4,10.5,66.15
SH00036,2026-09-28,S03,Paper Mill Supply,STL,MEM,P,506.2,2,18,29.9,28.1,142.29
SH00037,2026-09-28,S06,Midwest Apparel,MKC,SGF,E,753.2,3,8,99.0,94.2,152.11
SH00038,2026-09-28,S03,Paper Mill Supply,STL,MKC,P,1960.8,7,18,106.8,108.9,502.29
SH00039,2026-09-28,S11,Ozark Building,SGF,MEM,P,679.3,3,20,35.0,34.0,216.51
SH00040,2026-09-28,S06,Midwest Apparel,MKC,STL,E,521.4,2,8,62.3,65.2,104.52
SH00041,2026-09-28,S05,KC Food Dist,MKC,MEM,E,1281.3,6,30,48.6,42.7,345.52
SH00042,2026-09-28,S06,Midwest Apparel,MKC,STL,P,314.7,1,8,44.1,39.3,78.84
SH00043,2026-09-28,S11,Ozark Building,SGF,STL,E,1910.8,8,20,89.4,95.5,409.62
SH00044,2026-09-28,S07,Memphis Machinery,MEM,STL,E,1555.4,6,25,67.3,62.2,313.67
SH00045,2026-09-28,S03,Paper Mill Supply,STL,MKC,E,953.4,5,18,56.6,53.0,197.38
SH00046,2026-09-28,S08,Delta Plastics,MEM,SGF,P,1476.7,5,9,148.3,164.1,446.57
SH00047,2026-09-28,S07,Memphis Machinery,MEM,STL,E,2157.1,10,25,88.2,86.3,479.1
SH00048,2026-09-28,S06,Midwest Apparel,MKC,MEM,P,510.6,2,8,59.9,63.8,152.09
SH00049,2026-09-28,S06,Midwest Apparel,MKC,STL,E,346.3,2,8,40.6,43.3,84.27
SH00050,2026-09-28,S01,AutoParts Co,SGF,MKC,P,1184.3,8,22,54.1,53.8,319.12
SH00051,2026-09-28,S04,Gateway Electronics,STL,TUL,P,735.3,3,10,66.9,73.5,208.57
SH00052,2026-09-28,S07,Memphis Machinery,MEM,SGF,P,1564.7,8,25,71.7,62.6,430.21
SH00053,2026-09-28,S01,AutoParts Co,SGF,MEM,P,329.9,1,22,15.0,15.0,90.14
SH00054,2026-09-28,S10,Plains Pharma,TUL,SGF,P,325.5,1,12,29.7,27.1,77.96
SH00055,2026-09-28,S01,AutoParts Co,SGF,STL,E,862.5,3,22,38.3,39.2,162.46
SH00056,2026-09-28,S01,AutoParts Co,SGF,TUL,P,1195.4,5,22,55.7,54.3,294.52
SH00057,2026-09-28,S08,Delta Plastics,MEM,STL,P,347.3,1,9,38.9,38.6,110.26
SH00058,2026-09-28,S09,Tulsa Beverage,TUL,MEM,P,925.4,4,28,35.3,33.1,292.55
SH00059,2026-09-28,S02,Ozark Furniture,SGF,STL,E,922.7,6,7,143.9,131.8,219.39
SH00060,2026-09-28,S06,Midwest Apparel,MKC,TUL,P,638.0,3,8,78.8,79.8,164.5
SH00061,2026-09-28,S07,Memphis Machinery,MEM,STL,E,1906.5,15,25,79.9,76.3,439.56
SH00062,2026-09-28,S06,Midwest Apparel,MKC,MEM,P,537.0,3,8,71.1,67.1,176.22
SH00063,2026-09-28,S06,Midwest Apparel,MKC,SGF,E,563.0,2,8,72.2,70.4,111.98
SH00064,2026-09-28,S08,Delta Plastics,MEM,MKC,P,1015.6,5,9,115.8,112.8,291.92
SH00065,2026-09-28,S01,AutoParts Co,SGF,TUL,P,924.5,6,22,38.2,42.0,244.97
SH00066,2026-09-28,S09,Tulsa Beverage,TUL,SGF,E,1651.9,7,28,54.7,59.0,355.85
SH00067,2026-09-28,S12,Crossroads Retail,MKC,STL,P,578.0,2,11,49.1,52.5,163.85
SH00068,2026-09-28,S09,Tulsa Beverage,TUL,SGF,E,2186.4,9,28,81.1,78.1,416.66
SH00069,2026-09-28,S09,Tulsa Beverage,TUL,SGF,P,1365.2,7,28,48.9,48.8,392.03
SH00070,2026-09-28,S06,Midwest Apparel,MKC,STL,P,195.1,1,8,20.8,24.4,55.59
SH00071,2026-09-28,S10,Plains Pharma,TUL,MKC,P,542.7,2,12,46.6,45.2,136.1
SH00072,2026-09-28,S05,KC Food Dist,MKC,MEM,P,1284.3,10,30,42.0,42.8,361.41
SH00073,2026-09-28,S03,Paper Mill Supply,STL,MKC,E,309.7,1,18,18.8,17.2,71.28
SH00074,2026-09-28,S11,Ozark Building,SGF,MEM,P,2236.9,10,20,105.2,111.8,610.6
SH00075,2026-09-28,S02,Ozark Furniture,SGF,MKC,E,1248.3,8,7,197.9,178.3,257.57
SH00076,2026-09-28,S07,Memphis Machinery,MEM,MKC,P,1127.7,5,25,42.8,45.1,341.67
SH00077,2026-09-28,S08,Delta Plastics,MEM,SGF,E,1200.9,5,9,139.2,133.4,287.57
SH00078,2026-09-28,S09,Tulsa Beverage,TUL,STL,P,1501.6,10,28,61.9,53.6,414.56
SH00079,2026-09-28,S07,Memphis Machinery,MEM,TUL,E,1629.3,10,25,52.3,65.2,433.4
SH00080,2026-09-28,S03,Paper Mill Supply,STL,MEM,P,1486.4,8,18,93.5,82.6,319.7
SH00081,2026-09-28,S01,AutoParts Co,SGF,MEM,P,919.8,3,22,36.1,41.8,276.98
SH00082,2026-09-28,S12,Crossroads Retail,MKC,STL,E,1295.3,7,11,141.0,117.8,328.88
SH00083,2026-09-28,S07,Memphis Machinery,MEM,STL,E,2262.9,9,25,85.4,90.5,585.79
SH00084,2026-09-28,S05,KC Food Dist,MKC,SGF,E,1580.5,9,30,56.0,52.7,296.36
SH00085,2026-09-28,S04,Gateway Electronics,STL,TUL,P,80.0,1,10,7.3,8.0,24.75
SH00086,2026-09-28,S12,Crossroads Retail,MKC,SGF,E,370.3,1,11,34.8,33.7,67.52
SH00087,2026-09-28,S05,KC Food Dist,MKC,STL,P,2399.2,10,30,77.3,80.0,634.65
SH00088,2026-09-28,S08,Delta Plastics,MEM,TUL,P,365.9,1,9,37.8,40.7,105.69
SH00089,2026-09-28,S05,KC Food Dist,MKC,TUL,P,1128.4,5,30,33.0,37.6,309.36
SH00090,2026-09-28,S09,Tulsa Beverage,TUL,MEM,P,1796.6,13,28,59.8,64.2,567.52
SH00091,2026-09-28,S08,Delta Plastics,MEM,STL,P,445.1,2,9,44.5,49.5,100.63
SH00092,2026-09-28,S06,Midwest Apparel,MKC,TUL,P,729.8,3,8,96.1,91.2,216.2
SH00093,2026-09-28,S05,KC Food Dist,MKC,STL,P,1525.8,6,30,52.2,50.9,437.83
SH00094,2026-09-28,S07,Memphis Machinery,MEM,STL,E,3098.5,14,25,123.4,123.9,781.13
SH00095,2026-09-28,S11,Ozark Building,SGF,STL,E,1063.1,6,20,53.1,53.2,214.36
SH00096,2026-09-28,S10,Plains Pharma,TUL,MKC,E,469.4,2,12,45.5,39.1,104.32
SH00097,2026-09-28,S04,Gateway Electronics,STL,MEM,E,523.5,2,10,47.5,52.3,127.46
SH00098,2026-09-28,S05,KC Food Dist,MKC,STL,P,1804.8,10,30,63.2,60.2,425.29
SH00099,2026-09-28,S08,Delta Plastics,MEM,STL,P,1003.3,5,9,107.7,111.5,296.35
SH00100,2026-09-28,S04,Gateway Electronics,STL,SGF,P,478.3,1,10,51.1,47.8,134.96
SH00101,2026-09-28,S01,AutoParts Co,SGF,MKC,E,728.5,3,22,37.5,33.1,151.74
SH00102,2026-09-28,S04,Gateway Electronics,STL,TUL,E,542.6,2,10,53.0,54.3,139.28
SH00103,2026-09-28,S12,Crossroads Retail,MKC,MEM,E,761.4,4,11,74.6,69.2,180.75
SH00104,2026-09-28,S06,Midwest Apparel,MKC,TUL,E,602.5,2,8,76.8,75.3,133.43
SH00105,2026-09-28,S07,Memphis Machinery,MEM,SGF,P,1084.5,4,25,41.5,43.4,305.03
SH00106,2026-09-28,S09,Tulsa Beverage,TUL,SGF,E,1790.3,12,28,76.0,63.9,295.76
SH00107,2026-09-28,S11,Ozark Building,SGF,MEM,P,1253.0,7,20,69.9,62.6,355.72
SH00108,2026-09-28,S01,AutoParts Co,SGF,STL,P,1230.1,6,22,52.5,55.9,339.65
SH00109,2026-09-28,S08,Delta Plastics,MEM,STL,P,590.6,2,9,72.2,65.6,171.4
SH00110,2026-09-28,S01,AutoParts Co,SGF,MKC,E,480.7,2,22,25.7,21.9,98.54
SH00111,2026-09-28,S10,Plains Pharma,TUL,SGF,E,678.5,2,12,53.2,56.5,133.24
SH00112,2026-09-28,S09,Tulsa Beverage,TUL,MEM,P,634.5,2,28,19.9,22.7,200.69
SH00113,2026-09-28,S03,Paper Mill Supply,STL,MKC,P,524.7,3,18,29.2,29.2,157.5
SH00114,2026-09-28,S05,KC Food Dist,MKC,TUL,P,2081.3,13,30,63.0,69.4,568.37
SH00115,2026-09-28,S06,Midwest Apparel,MKC,TUL,P,505.8,2,8,69.6,63.2,139.43
SH00116,2026-09-28,S02,Ozark Furniture,SGF,STL,P,1013.6,5,7,116.7,144.8,283.09
SH00117,2026-09-28,S09,Tulsa Beverage,TUL,MKC,P,1355.5,6,28,50.6,48.4,348.27
SH00118,2026-09-28,S07,Memphis Machinery,MEM,STL,E,1830.3,8,25,86.0,73.2,424.65
SH00119,2026-09-28,S11,Ozark Building,SGF,MKC,P,1128.3,5,20,51.0,56.4,261.58
SH00120,2026-09-28,S04,Gateway Electronics,STL,MEM,E,338.9,2,10,34.7,33.9,78.47
SH00121,2026-09-28,S02,Ozark Furniture,SGF,TUL,P,1146.8,4,7,144.2,163.8,305.19
SH00122,2026-09-28,S06,Midwest Apparel,MKC,STL,P,609.7,2,8,78.2,76.2,162.25
SH00123,2026-09-28,S04,Gateway Electronics,STL,MEM,E,533.9,3,10,56.8,53.4,133.88
SH00124,2026-09-28,S09,Tulsa Beverage,TUL,MEM,E,1274.2,6,28,45.9,45.5,313.26
SH00125,2026-09-28,S12,Crossroads Retail,MKC,TUL,E,753.3,4,11,62.5,68.5,159.24
SH00126,2026-09-28,S09,Tulsa Beverage,TUL,SGF,P,1686.0,9,28,62.3,60.2,445.84
SH00127,2026-09-28,S05,KC Food Dist,MKC,MEM,P,1807.9,8,30,60.5,60.3,545.23
SH00128,2026-09-28,S01,AutoParts Co,SGF,MEM,P,870.9,6,22,41.4,39.6,257.57
SH00129,2026-09-28,S09,Tulsa Beverage,TUL,MEM,P,1281.3,9,28,41.0,45.8,403.63
SH00130,2026-09-28,S02,Ozark Furniture,SGF,MKC,E,932.3,6,7,127.9,133.2,226.89
SH00131,2026-09-28,S05,KC Food Dist,MKC,STL,E,1348.9,5,30,44.6,45.0,331.41
SH00132,2026-09-28,S04,Gateway Electronics,STL,SGF,P,237.7,1,10,19.7,23.8,60.03
SH00133,2026-09-28,S04,Gateway Electronics,STL,MEM,P,244.0,1,10,23.6,24.4,57.8
SH00134,2026-09-28,S01,AutoParts Co,SGF,MKC,P,885.9,4,22,36.8,40.3,207.35
SH00135,2026-09-28,S02,Ozark Furniture,SGF,TUL,E,964.6,5,7,134.9,137.8,207.14
SH00136,2026-09-28,S05,KC Food Dist,MKC,MEM,P,1245.2,5,30,42.7,41.5,383.86
SH00137,2026-09-28,S07,Memphis Machinery,MEM,MKC,E,997.2,5,25,36.0,39.9,218.75
SH00138,2026-09-28,S05,KC Food Dist,MKC,SGF,P,1172.4,5,30,46.2,39.1,300.44
SH00139,2026-09-28,S06,Midwest Apparel,MKC,SGF,P,513.0,2,8,73.7,64.1,127.04
SH00140,2026-09-28,S04,Gateway Electronics,STL,MKC,P,178.2,1,10,21.1,17.8,45.95
SH00141,2026-09-28,S08,Delta Plastics,MEM,TUL,P,275.8,1,9,30.9,30.6,84.95
SH00142,2026-09-28,S04,Gateway Electronics,STL,TUL,P,672.2,2,10,63.2,67.2,214.96
SH00143,2026-09-28,S12,Crossroads Retail,MKC,TUL,P,963.8,5,11,90.3,87.6,259.06
SH00144,2026-09-28,S12,Crossroads Retail,MKC,STL,E,790.7,3,11,72.9,71.9,189.81
SH00145,2026-09-28,S04,Gateway Electronics,STL,MEM,E,361.0,2,10,33.9,36.1,96.92
SH00146,2026-09-28,S01,AutoParts Co,SGF,MKC,P,442.7,2,22,19.8,20.1,116.58
SH00147,2026-09-28,S12,Crossroads Retail,MKC,SGF,E,669.6,5,11,63.5,60.9,148.33
SH00148,2026-09-28,S03,Paper Mill Supply,STL,SGF,P,788.8,3,18,45.5,43.8,209.33
SH00149,2026-09-28,S03,Paper Mill Supply,STL,SGF,E,944.7,4,18,53.3,52.5,232.9
SH00150,2026-09-28,S11,Ozark Building,SGF,TUL,E,1991.5,8,20,104.1,99.6,431.56
SH00151,2026-09-28,S03,Paper Mill Supply,STL,MKC,P,1881.8,10,18,113.0,104.5,511.67
SH00152,2026-09-28,S03,Paper Mill Supply,STL,MEM,P,1121.8,6,18,68.1,62.3,338.06
SH00153,2026-09-28,S07,Memphis Machinery,MEM,SGF,P,1100.5,4,25,46.5,44.0,345.55
SH00154,2026-09-28,S03,Paper Mill Supply,STL,SGF,P,780.9,5,18,45.7,43.4,198.86
SH00155,2026-09-28,S09,Tulsa Beverage,TUL,MEM,P,2299.5,18,28,75.7,82.1,636.13
SH00156,2026-09-28,S04,Gateway Electronics,STL,TUL,E,735.4,5,10,59.3,73.5,187.99
SH00157,2026-09-28,S05,KC Food Dist,MKC,STL,P,1281.3,6,30,41.1,42.7,357.7
SH00158,2026-09-28,S08,Delta Plastics,MEM,STL,P,968.5,8,9,120.7,107.6,279.39
SH00159,2026-09-28,S07,Memphis Machinery,MEM,MKC,E,2169.3,9,25,89.2,86.8,449.41
SH00160,2026-09-28,S02,Ozark Furniture,SGF,MEM,P,585.3,2,7,80.8,83.6,170.69
SH00161,2026-09-28,S03,Paper Mill Supply,STL,SGF,P,691.9,3,18,45.0,38.4,177.56
SH00162,2026-09-28,S01,AutoParts Co,SGF,TUL,E,801.4,4,22,39.8,36.4,177.28
SH00163,2026-09-28,S04,Gateway Electronics,STL,MEM,E,571.7,3,10,59.2,57.2,136.01
SH00164,2026-09-28,S03,Paper Mill Supply,STL,MEM,E,882.4,4,18,44.5,49.0,183.07
SH00165,2026-09-28,S02,Ozark Furniture,SGF,STL,E,698.6,2,7,87.9,99.8,154.87
SH00166,2026-09-28,S07,Memphis Machinery,MEM,SGF,P,751.1,4,25,27.3,30.0,222.5
SH00167,2026-09-28,S12,Crossroads Retail,MKC,SGF,P,819.7,3,11,68.6,74.5,224.12
SH00168,2026-09-28,S04,Gateway Electronics,STL,MKC,P,726.2,3,10,86.2,72.6,179.27
SH00169,2026-09-28,S12,Crossroads Retail,MKC,MEM,P,502.7,2,11,41.6,45.7,144.71
SH00170,2026-09-28,S05,KC Food Dist,MKC,STL,P,957.7,5,30,27.2,31.9,264.85
SH00171,2026-09-28,S08,Delta Plastics,MEM,STL,E,947.4,5,9,106.9,105.3,244.98
SH00172,2026-09-28,S08,Delta Plastics,MEM,STL,P,502.7,2,9,49.4,55.9,140.19
SH00173,2026-09-28,S11,Ozark Building,SGF,STL,E,368.1,1,20,18.5,18.4,77.94
SH00174,2026-09-28,S01,AutoParts Co,SGF,MKC,P,1186.1,6,22,60.0,53.9,355.64
SH00175,2026-09-28,S04,Gateway Electronics,STL,MEM,E,927.9,4,10,84.2,92.8,235.85
SH00176,2026-09-28,S02,Ozark Furniture,SGF,STL,P,774.9,6,7,106.3,110.7,190.15
SH00177,2026-09-28,S01,AutoParts Co,SGF,MKC,E,1210.6,9,22,43.2,55.0,262.51
SH00178,2026-09-28,S10,Plains Pharma,TUL,MEM,P,608.9,2,12,45.0,50.7,178.09
SH00179,2026-09-28,S11,Ozark Building,SGF,MKC,E,1137.8,8,20,61.1,56.9,210.03
SH00180,2026-09-28,S08,Delta Plastics,MEM,MKC,E,902.8,5,9,104.5,100.3,204.44
SH00181,2026-09-28,S05,KC Food Dist,MKC,SGF,E,844.2,5,30,29.6,28.1,195.13
SH00182,2026-09-28,S03,Paper Mill Supply,STL,MEM,E,480.0,2,18,25.8,26.7,122.09
SH00183,2026-09-28,S02,Ozark Furniture,SGF,MKC,E,276.3,2,7,39.6,39.5,45.6
SH00184,2026-09-28,S05,KC Food Dist,MKC,STL,P,715.5,3,30,23.7,23.8,204.52
SH00185,2026-09-28,S10,Plains Pharma,TUL,MKC,P,596.6,3,12,51.3,49.7,152.43
SH00186,2026-09-28,S01,AutoParts Co,SGF,MKC,E,461.7,2,22,20.8,21.0,87.03
SH00187,2026-09-28,S02,Ozark Furniture,SGF,MEM,E,1817.2,7,7,272.5,259.6,486.74
SH00188,2026-09-28,S01,AutoParts Co,SGF,STL,P,887.2,4,22,39.0,40.3,232.53
SH00189,2026-09-28,S07,Memphis Machinery,MEM,TUL,E,1435.5,8,25,62.7,57.4,373.51
SH00190,2026-09-28,S07,Memphis Machinery,MEM,SGF,E,1555.9,7,25,64.6,62.2,378.34
SH00191,2026-09-28,S10,Plains Pharma,TUL,MKC,P,493.1,2,12,40.0,41.1,137.2
SH00192,2026-09-28,S06,Midwest Apparel,MKC,MEM,P,260.8,1,8,35.1,32.6,85.85
SH00193,2026-09-28,S06,Midwest Apparel,MKC,STL,P,546.7,2,8,79.4,68.3,140.67
SH00194,2026-09-28,S03,Paper Mill Supply,STL,MEM,E,613.5,3,18,40.0,34.1,136.15
SH00195,2026-09-28,S01,AutoParts Co,SGF,MEM,P,857.8,5,22,46.9,39.0,252.06
SH00196,2026-09-28,S11,Ozark Building,SGF,MKC,P,2104.3,15,20,104.2,105.2,587.26
SH00197,2026-09-28,S10,Plains Pharma,TUL,SGF,E,663.3,4,12,48.7,55.3,136.21
SH00198,2026-09-28,S08,Delta Plastics,MEM,TUL,E,553.1,2,9,66.6,61.5,125.14
SH00199,2026-09-28,S11,Ozark Building,SGF,MEM,E,878.0,3,20,41.4,43.9,222.21
SH00200,2026-09-28,S04,Gateway Electronics,STL,MKC,P,419.8,2,10,43.3,42.0,117.28
SH00201,2026-09-28,S12,Crossroads Retail,MKC,TUL,E,879.1,6,11,76.6,79.9,201.39
SH00202,2026-09-28,S02,Ozark Furniture,SGF,TUL,E,913.1,4,7,114.5,130.4,191.38
SH00203,2026-09-28,S10,Plains Pharma,TUL,MEM,P,212.6,1,12,16.9,17.7,70.3
SH00204,2026-09-28,S09,Tulsa Beverage,TUL,SGF,E,1238.7,5,28,45.8,44.2,251.31
SH00205,2026-09-28,S11,Ozark Building,SGF,MEM,E,2528.2,15,20,129.4,126.4,581.93
SH00206,2026-09-28,S03,Paper Mill Supply,STL,SGF,P,1143.7,7,18,64.8,63.5,272.89
SH00207,2026-09-28,S07,Memphis Machinery,MEM,SGF,E,1684.0,7,25,60.8,67.4,309.46
SH00208,2026-09-28,S11,Ozark Building,SGF,MEM,P,2041.5,8,20,109.6,102.1,556.23
SH00209,2026-09-28,S04,Gateway Electronics,STL,SGF,P,539.4,2,10,51.3,53.9,140.31
SH00210,2026-09-28,S03,Paper Mill Supply,STL,MEM,E,530.6,2,18,24.0,29.5,127.84
SH00211,2026-09-28,S04,Gateway Electronics,STL,MKC,P,664.0,3,10,57.9,66.4,186.23
SH00212,2026-09-28,S07,Memphis Machinery,MEM,MKC,P,1642.3,7,25,67.4,65.7,452.18
SH00213,2026-09-28,S04,Gateway Electronics,STL,MEM,P,299.4,1,10,31.7,29.9,96.39
SH00214,2026-09-28,S02,Ozark Furniture,SGF,MEM,E,1144.1,6,7,172.5,163.4,264.79
SH00215,2026-09-28,S05,KC Food Dist,MKC,SGF,E,2063.1,15,30,57.4,68.8,473.71
SH00216,2026-09-28,S09,Tulsa Beverage,TUL,STL,E,1937.8,9,28,60.5,69.2,441.13
SH00217,2026-09-28,S10,Plains Pharma,TUL,MKC,P,571.5,2,12,34.7,47.6,181.79
SH00218,2026-09-28,S06,Midwest Apparel,MKC,SGF,P,485.5,2,8,52.8,60.7,107.81
SH00219,2026-09-28,S02,Ozark Furniture,SGF,STL,P,378.0,2,7,52.3,54.0,103.33
SH00220,2026-09-28,S12,Crossroads Retail,MKC,SGF,P,385.3,1,11,35.9,35.0,102.9
SH00221,2026-09-28,S02,Ozark Furniture,SGF,STL,E,238.1,1,7,35.0,34.0,56.18
SH00222,2026-09-28,S03,Paper Mill Supply,STL,MEM,E,1082.5,7,18,58.2,60.1,241.64
SH00223,2026-09-28,S08,Delta Plastics,MEM,TUL,P,1047.6,6,9,118.2,116.4,262.18
SH00224,2026-09-28,S08,Delta Plastics,MEM,SGF,E,727.2,3,9,75.1,80.8,175.74
SH00225,2026-09-28,S06,Midwest Apparel,MKC,MEM,P,823.5,3,8,107.3,102.9,224.96
SH00226,2026-09-28,S08,Delta Plastics,MEM,TUL,E,954.2,4,9,107.2,106.0,257.04
SH00227,2026-09-28,S08,Delta Plastics,MEM,TUL,P,925.4,4,9,109.3,102.8,270.34
SH00228,2026-09-28,S05,KC Food Dist,MKC,SGF,E,2367.8,11,30,72.1,78.9,478.48
SH00229,2026-09-28,S05,KC Food Dist,MKC,TUL,P,1365.2,5,30,52.5,45.5,433.3
SH00230,2026-09-28,S10,Plains Pharma,TUL,SGF,P,336.9,1,12,29.7,28.1,93.82
SH00231,2026-09-28,S01,AutoParts Co,SGF,STL,E,749.1,3,22,41.0,34.1,156.58
SH00232,2026-09-28,S04,Gateway Electronics,STL,MEM,E,430.9,3,10,45.0,43.1,87.72
SH00233,2026-09-28,S01,AutoParts Co,SGF,MEM,E,952.1,5,22,47.8,43.3,216.76
SH00234,2026-09-28,S08,Delta Plastics,MEM,STL,E,1270.1,8,9,140.0,141.1,312.81
SH00235,2026-09-28,S07,Memphis Machinery,MEM,TUL,E,1866.2,8,25,90.0,74.6,497.75
SH00236,2026-09-28,S11,Ozark Building,SGF,MKC,P,773.0,3,20,38.3,38.6,193.69
SH00237,2026-09-28,S12,Crossroads Retail,MKC,STL,P,827.3,6,11,73.4,75.2,221.32
SH00238,2026-09-28,S03,Paper Mill Supply,STL,MKC,P,1323.8,7,18,69.1,73.5,398.31
SH00239,2026-09-28,S11,Ozark Building,SGF,MKC,E,516.9,3,20,27.0,25.8,92.93
SH00240,2026-09-28,S01,AutoParts Co,SGF,MEM,P,1557.9,12,22,82.4,70.8,423.93
SH00241,2026-09-28,S01,AutoParts Co,SGF,TUL,P,80.0,1,22,5.0,3.6,20.98
SH00242,2026-09-28,S05,KC Food Dist,MKC,MEM,P,999.9,6,30,35.7,33.3,306.63
SH00243,2026-09-28,S08,Delta Plastics,MEM,STL,P,743.5,3,9,85.3,82.6,189.39
SH00244,2026-09-28,S05,KC Food Dist,MKC,TUL,P,1492.8,6,30,56.0,49.8,383.14
SH00245,2026-09-28,S04,Gateway Electronics,STL,SGF,P,472.0,3,10,40.0,47.2,125.37
SH00246,2026-09-28,S06,Midwest Apparel,MKC,STL,P,534.3,2,8,57.8,66.8,139.16
SH00247,2026-09-28,S02,Ozark Furniture,SGF,STL,P,108.3,1,7,14.4,15.5,30.5
SH00248,2026-09-28,S09,Tulsa Beverage,TUL,MEM,E,2856.5,11,28,80.4,102.0,767.69
SH00249,2026-09-28,S11,Ozark Building,SGF,STL,P,1804.4,7,20,78.4,90.2,510.88
SH00250,2026-09-28,S02,Ozark Furniture,SGF,MEM,P,978.5,3,7,144.6,139.8,255.22
SH00251,2026-09-28,S07,Memphis Machinery,MEM,STL,P,3115.7,12,25,125.1,124.6,786.54
SH00252,2026-09-28,S09,Tulsa Beverage,TUL,MKC,P,1592.7,12,28,52.0,56.9,476.72
SH00253,2026-09-28,S03,Paper Mill Supply,STL,TUL,P,744.1,3,18,40.6,41.3,200.25
SH00254,2026-09-28,S03,Paper Mill Supply,STL,SGF,E,834.6,6,18,46.6,46.4,171.04
SH00255,2026-09-28,S09,Tulsa Beverage,TUL,MKC,E,1116.5,6,28,36.9,39.9,221.91
SH00256,2026-09-28,S07,Memphis Machinery,MEM,TUL,P,1561.3,7,25,60.8,62.5,451.62
SH00257,2026-09-28,S04,Gateway Electronics,STL,MEM,E,275.9,1,10,26.8,27.6,56.07
SH00258,2026-09-28,S09,Tulsa Beverage,TUL,SGF,E,1158.7,6,28,40.1,41.4,261.75
SH00259,2026-09-28,S04,Gateway Electronics,STL,TUL,E,464.6,2,10,42.2,46.5,133.9
SH00260,2026-09-28,S10,Plains Pharma,TUL,STL,E,553.9,4,12,40.6,46.2,137.41
SH00261,2026-09-28,S01,AutoParts Co,SGF,MKC,P,1311.7,5,22,64.5,59.6,338.07
SH00262,2026-09-28,S06,Midwest Apparel,MKC,STL,P,409.4,3,8,52.5,51.2,105.07
SH00263,2026-09-28,S01,AutoParts Co,SGF,STL,P,814.6,4,22,44.2,37.0,212.13
SH00264,2026-09-28,S08,Delta Plastics,MEM,MKC,P,542.3,2,9,55.3,60.3,166.58
SH00265,2026-09-28,S11,Ozark Building,SGF,MKC,P,1734.0,10,20,90.7,86.7,471.37
SH00266,2026-09-28,S11,Ozark Building,SGF,MKC,P,934.1,5,20,46.4,46.7,225.16
SH00267,2026-09-28,S02,Ozark Furniture,SGF,MEM,E,434.1,1,7,43.5,62.0,99.8
SH00268,2026-09-28,S11,Ozark Building,SGF,MKC,E,1431.7,7,20,75.0,71.6,285.75
SH00269,2026-09-28,S11,Ozark Building,SGF,MEM,E,1907.4,9,20,95.1,95.4,427.24
SH00270,2026-09-28,S11,Ozark Building,SGF,MKC,E,1556.2,11,20,78.6,77.8,342.85
SH00271,2026-09-28,S01,AutoParts Co,SGF,STL,P,489.4,3,22,20.5,22.2,129.16
SH00272,2026-09-28,S10,Plains Pharma,TUL,MEM,P,401.1,1,12,30.8,33.4,106.55
SH00273,2026-09-28,S03,Paper Mill Supply,STL,SGF,P,1314.4,9,18,86.9,73.0,307.89
SH00274,2026-09-28,S01,AutoParts Co,SGF,STL,P,1420.2,6,22,63.0,64.6,339.46
SH00275,2026-09-28,S07,Memphis Machinery,MEM,TUL,P,2075.5,11,25,95.2,83.0,621.14
SH00276,2026-09-28,S03,Paper Mill Supply,STL,SGF,P,1431.5,9,18,80.6,79.5,391.6
SH00277,2026-09-28,S09,Tulsa Beverage,TUL,MEM,E,1582.2,8,28,60.4,56.5,460.65
SH00278,2026-09-28,S03,Paper Mill Supply,STL,SGF,P,427.0,1,18,23.0,23.7,98.76
SH00279,2026-09-28,S03,Paper Mill Supply,STL,MKC,E,412.1,1,18,21.5,22.9,88.52
SH00280,2026-09-28,S11,Ozark Building,SGF,MKC,P,1151.9,6,20,61.3,57.6,310.65
SH00281,2026-09-28,S06,Midwest Apparel,MKC,SGF,E,379.1,2,8,45.6,47.4,75.72
SH00282,2026-09-28,S03,Paper Mill Supply,STL,MKC,E,1870.3,7,18,108.6,103.9,403.11
SH00283,2026-09-28,S05,KC Food Dist,MKC,STL,E,1593.1,8,30,52.6,53.1,335.85
SH00284,2026-09-28,S05,KC Food Dist,MKC,STL,P,1672.7,6,30,62.2,55.8,442.33
SH00285,2026-09-28,S10,Plains Pharma,TUL,SGF,E,505.5,3,12,41.4,42.1,120.55
SH00286,2026-09-28,S03,Paper Mill Supply,STL,SGF,P,630.9,4,18,35.7,35.0,163.92
SH00287,2026-09-28,S02,Ozark Furniture,SGF,MEM,E,1001.9,5,7,150.8,143.1,215.86
SH00288,2026-09-28,S02,Ozark Furniture,SGF,MEM,E,636.2,3,7,83.3,90.9,155.3
SH00289,2026-09-28,S07,Memphis Machinery,MEM,MKC,E,1673.5,7,25,74.5,66.9,346.96
SH00290,2026-09-28,S05,KC Food Dist,MKC,STL,P,998.7,4,30,28.5,33.3,268.95
SH00291,2026-09-28,S02,Ozark Furniture,SGF,TUL,E,1187.3,9,7,193.8,169.6,238.51
SH00292,2026-09-28,S10,Plains Pharma,TUL,SGF,P,684.6,4,12,51.6,57.0,166.28
SH00293,2026-09-28,S08,Delta Plastics,MEM,MKC,E,585.6,2,9,67.2,65.1,147.49
SH00294,2026-09-28,S01,AutoParts Co,SGF,MEM,E,913.5,5,22,40.1,41.5,213.56
SH00295,2026-09-28,S01,AutoParts Co,SGF,MKC,P,343.3,2,22,13.9,15.6,80.65
SH00296,2026-09-28,S12,Crossroads Retail,MKC,MEM,P,1067.4,8,11,72.3,97.0,325.57
SH00297,2026-09-28,S08,Delta Plastics,MEM,SGF,E,823.4,4,9,105.9,91.5,204.49
SH00298,2026-09-28,S05,KC Food Dist,MKC,STL,E,1478.2,6,30,47.9,49.3,309.73
SH00299,2026-09-28,S09,Tulsa Beverage,TUL,MEM,P,2354.8,10,28,85.9,84.1,672.72
SH00300,2026-09-28,S01,AutoParts Co,SGF,MEM,P,956.0,4,22,39.7,43.5,276.89
SH00301,2026-09-28,S01,AutoParts Co,SGF,STL,P,1323.2,5,22,53.2,60.1,361.68
SH00302,2026-09-28,S06,Midwest Apparel,MKC,MEM,P,1047.6,4,8,140.9,130.9,330.92
SH00303,2026-09-28,S02,Ozark Furniture,SGF,TUL,P,924.6,3,7,149.1,132.1,225.09
SH00304,2026-09-28,S12,Crossroads Retail,MKC,SGF,P,768.1,2,11,70.1,69.8,218.42
SH00305,2026-09-28,S10,Plains Pharma,TUL,MEM,P,452.4,2,12,38.3,37.7,140.17
SH00306,2026-09-28,S09,Tulsa Beverage,TUL,STL,E,1049.1,4,28,33.6,37.5,205.2
SH00307,2026-09-28,S09,Tulsa Beverage,TUL,MEM,E,1533.8,11,28,56.1,54.8,415.72
SH00308,2026-09-28,S03,Paper Mill Supply,STL,SGF,P,1844.1,11,18,107.3,102.5,487.6
SH00309,2026-09-28,S04,Gateway Electronics,STL,MKC,P,458.8,2,10,47.0,45.9,132.9
SH00310,2026-09-28,S05,KC Food Dist,MKC,SGF,P,2005.2,7,30,69.9,66.8,531.24
SH00311,2026-09-28,S01,AutoParts Co,SGF,STL,E,660.8,3,22,32.5,30.0,159.49
SH00312,2026-09-28,S01,AutoParts Co,SGF,MKC,P,276.5,1,22,11.5,12.6,72.85
SH00313,2026-09-28,S03,Paper Mill Supply,STL,MEM,P,1209.2,5,18,72.1,67.2,368.68
SH00314,2026-09-28,S11,Ozark Building,SGF,TUL,P,1942.2,9,20,78.6,97.1,521.28
SH00315,2026-09-28,S07,Memphis Machinery,MEM,STL,P,1153.9,6,25,40.3,46.2,319.54
SH00316,2026-09-28,S05,KC Food Dist,MKC,TUL,P,1942.6,15,30,61.9,64.8,423.45
SH00317,2026-09-28,S04,Gateway Electronics,STL,MEM,E,627.8,2,10,52.0,62.8,163.28
SH00318,2026-09-28,S05,KC Food Dist,MKC,TUL,P,683.4,3,30,23.8,22.8,190.39
SH00319,2026-09-28,S04,Gateway Electronics,STL,MKC,P,635.8,3,10,66.5,63.6,182.48
SH00320,2026-09-28,S08,Delta Plastics,MEM,MKC,P,447.9,2,9,48.5,49.8,139.46
SH00321,2026-09-28,S09,Tulsa Beverage,TUL,MKC,P,2141.4,9,28,78.7,76.5,623.47
SH00322,2026-09-28,S07,Memphis Machinery,MEM,MKC,E,2148.7,11,25,82.6,85.9,484.07
SH00323,2026-09-28,S04,Gateway Electronics,STL,MEM,P,773.9,4,10,74.1,77.4,230.75
SH00324,2026-09-28,S05,KC Food Dist,MKC,MEM,P,1831.9,7,30,51.5,61.1,503.05
SH00325,2026-09-28,S04,Gateway Electronics,STL,MKC,P,677.0,3,10,64.4,67.7,162.14
SH00326,2026-09-28,S08,Delta Plastics,MEM,MKC,P,999.2,5,9,129.2,111.0,288.03
SH00327,2026-09-28,S04,Gateway Electronics,STL,SGF,P,810.0,3,10,83.7,81.0,219.32
SH00328,2026-09-28,S11,Ozark Building,SGF,TUL,E,1998.2,12,20,101.8,99.9,290.03
SH00329,2026-09-28,S06,Midwest Apparel,MKC,SGF,P,589.3,2,8,61.2,73.7,134.86
SH00330,2026-09-28,S07,Memphis Machinery,MEM,TUL,P,1565.3,11,25,50.3,62.6,468.1
SH00331,2026-09-28,S08,Delta Plastics,MEM,SGF,P,152.7,1,9,16.7,17.0,48.43
SH00332,2026-09-28,S07,Memphis Machinery,MEM,SGF,P,1947.2,9,25,69.1,77.9,519.21
SH00333,2026-09-28,S04,Gateway Electronics,STL,TUL,P,566.5,2,10,60.6,56.6,159.69
SH00334,2026-09-28,S01,AutoParts Co,SGF,MEM,P,852.8,5,22,41.1,38.8,247.0
SH00335,2026-09-28,S01,AutoParts Co,SGF,MEM,E,408.4,2,22,18.8,18.6,90.07
SH00336,2026-09-28,S07,Memphis Machinery,MEM,MKC,P,1323.9,10,25,52.2,53.0,406.76
SH00337,2026-09-28,S07,Memphis Machinery,MEM,STL,E,1634.8,7,25,68.9,65.4,404.85
SH00338,2026-09-28,S07,Memphis Machinery,MEM,STL,E,1535.6,8,25,64.4,61.4,373.74
SH00339,2026-09-28,S06,Midwest Apparel,MKC,STL,P,663.9,2,8,85.3,83.0,195.55
SH00340,2026-09-28,S01,AutoParts Co,SGF,MEM,E,664.4,3,22,31.1,30.2,156.13
SH00341,2026-09-28,S05,KC Food Dist,MKC,STL,P,1056.8,4,30,28.2,35.2,251.06
SH00342,2026-09-28,S12,Crossroads Retail,MKC,STL,P,864.0,5,11,80.9,78.5,225.63
SH00343,2026-09-28,S10,Plains Pharma,TUL,SGF,P,733.7,5,12,63.6,61.1,161.62
SH00344,2026-09-28,S01,AutoParts Co,SGF,MEM,P,424.2,2,22,22.7,19.3,111.07
SH00345,2026-09-28,S02,Ozark Furniture,SGF,MEM,E,773.6,3,7,119.9,110.5,199.36
SH00346,2026-09-28,S01,AutoParts Co,SGF,STL,P,1175.9,5,22,46.5,53.4,301.16
SH00347,2026-09-28,S01,AutoParts Co,SGF,STL,P,672.8,3,22,31.8,30.6,152.39
SH00348,2026-09-28,S06,Midwest Apparel,MKC,TUL,P,804.5,5,8,112.7,100.6,226.6
SH00349,2026-09-28,S11,Ozark Building,SGF,MKC,P,668.9,4,20,33.6,33.4,170.97
SH00350,2026-09-28,S02,Ozark Furniture,SGF,MEM,P,986.2,7,7,146.4,140.9,295.12
SH00351,2026-09-28,S04,Gateway Electronics,STL,MEM,E,391.5,2,10,38.3,39.2,92.06
SH00352,2026-09-28,S03,Paper Mill Supply,STL,MEM,P,508.3,1,18,25.9,28.2,149.08
SH00353,2026-09-28,S12,Crossroads Retail,MKC,MEM,E,80.0,1,11,6.3,7.3,17.01
SH00354,2026-09-28,S10,Plains Pharma,TUL,SGF,E,526.7,2,12,38.5,43.9,108.03
SH00355,2026-09-28,S12,Crossroads Retail,MKC,STL,P,561.4,3,11,53.7,51.0,152.36
SH00356,2026-09-28,S01,AutoParts Co,SGF,MEM,P,1481.2,7,22,58.1,67.3,405.14
SH00357,2026-09-28,S07,Memphis Machinery,MEM,STL,P,658.7,4,25,22.2,26.3,197.11
SH00358,2026-09-28,S03,Paper Mill Supply,STL,MEM,P,1463.7,6,18,90.3,81.3,449.05
SH00359,2026-09-28,S05,KC Food Dist,MKC,STL,E,1884.3,7,30,67.6,62.8,412.15
SH00360,2026-09-28,S03,Paper Mill Supply,STL,MEM,E,1442.6,5,18,68.6,80.1,367.65
SH00361,2026-09-28,S11,Ozark Building,SGF,MKC,E,1429.5,8,20,69.8,71.5,245.92
SH00362,2026-09-28,S01,AutoParts Co,SGF,TUL,P,849.5,3,22,40.6,38.6,219.19
SH00363,2026-09-28,S04,Gateway Electronics,STL,MEM,E,643.5,5,10,69.7,64.3,141.74
SH00364,2026-09-28,S04,Gateway Electronics,STL,MKC,E,403.1,1,10,40.1,40.3,104.93
SH00365,2026-09-28,S06,Midwest Apparel,MKC,TUL,P,540.2,4,8,62.4,67.5,152.78
SH00366,2026-09-28,S07,Memphis Machinery,MEM,MKC,E,1881.9,9,25,61.1,75.3,510.83
SH00367,2026-09-28,S02,Ozark Furniture,SGF,MEM,E,692.1,3,7,104.4,98.9,183.59
SH00368,2026-09-28,S08,Delta Plastics,MEM,TUL,P,425.2,1,9,46.3,47.2,119.14
SH00369,2026-09-28,S07,Memphis Machinery,MEM,SGF,P,2168.6,14,25,75.4,86.7,622.73
SH00370,2026-09-28,S12,Crossroads Retail,MKC,SGF,E,565.6,2,11,49.5,51.4,102.64
SH00371,2026-09-28,S03,Paper Mill Supply,STL,MEM,E,1669.2,9,18,92.0,92.7,342.43
SH00372,2026-09-28,S05,KC Food Dist,MKC,MEM,P,1250.2,7,30,43.0,41.7,366.63
SH00373,2026-09-28,S04,Gateway Electronics,STL,TUL,E,511.7,2,10,49.8,51.2,149.3
SH00374,2026-09-28,S12,Crossroads Retail,MKC,TUL,P,901.4,6,11,92.1,81.9,232.56
SH00375,2026-09-28,S04,Gateway Electronics,STL,SGF,P,399.5,1,10,43.8,39.9,112.56
SH00376,2026-09-28,S03,Paper Mill Supply,STL,MKC,P,1444.7,7,18,80.2,80.3,382.21
SH00377,2026-09-28,S04,Gateway Electronics,STL,MKC,E,535.3,3,10,58.0,53.5,128.81
SH00378,2026-09-28,S07,Memphis Machinery,MEM,STL,E,1284.3,7,25,50.4,51.4,310.05
SH00379,2026-09-28,S07,Memphis Machinery,MEM,TUL,E,3219.6,13,25,121.3,128.8,899.82
SH00380,2026-09-28,S03,Paper Mill Supply,STL,MKC,E,1250.0,5,18,71.4,69.4,315.16
SH00381,2026-09-28,S11,Ozark Building,SGF,MKC,E,2298.4,10,20,116.4,114.9,492.55
SH00382,2026-09-28,S04,Gateway Electronics,STL,TUL,P,692.2,2,10,59.0,69.2,213.87
SH00383,2026-09-28,S04,Gateway Electronics,STL,SGF,E,219.1,1,10,24.6,21.9,46.4
SH00384,2026-09-28,S05,KC Food Dist,MKC,TUL,P,1776.8,6,30,60.2,59.2,498.1
SH00385,2026-09-28,S04,Gateway Electronics,STL,TUL,P,538.7,2,10,55.3,53.9,156.08
SH00386,2026-09-28,S01,AutoParts Co,SGF,STL,P,562.9,4,22,25.7,25.6,128.5
SH00387,2026-09-28,S06,Midwest Apparel,MKC,TUL,E,763.9,3,8,90.4,95.5,175.8
SH00388,2026-09-28,S07,Memphis Machinery,MEM,STL,E,2201.2,11,25,91.9,88.0,547.87
SH00389,2026-09-28,S02,Ozark Furniture,SGF,MKC,E,531.9,3,7,84.7,76.0,100.09
SH00390,2026-09-28,S04,Gateway Electronics,STL,TUL,P,121.2,1,10,9.2,12.1,37.82
SH00391,2026-09-28,S03,Paper Mill Supply,STL,MEM,E,1201.1,6,18,67.9,66.7,288.76
SH00392,2026-09-28,S07,Memphis Machinery,MEM,TUL,E,2301.5,16,25,97.3,92.1,561.63
SH00393,2026-09-28,S08,Delta Plastics,MEM,MKC,P,1101.2,5,9,110.3,122.4,318.96
SH00394,2026-09-28,S02,Ozark Furniture,SGF,MEM,E,474.8,2,7,63.6,67.8,112.84
SH00395,2026-09-28,S08,Delta Plastics,MEM,TUL,E,1376.8,6,9,137.3,153.0,363.14
SH00396,2026-09-28,S07,Memphis Machinery,MEM,STL,P,1494.6,12,25,63.0,59.8,407.12
SH00397,2026-09-28,S06,Midwest Apparel,MKC,TUL,E,652.5,4,8,78.5,81.6,139.11
SH00398,2026-09-28,S03,Paper Mill Supply,STL,TUL,P,1094.6,7,18,55.1,60.8,318.57
SH00399,2026-09-28,S12,Crossroads Retail,MKC,STL,P,947.8,4,11,84.6,86.2,297.94
SH00400,2026-09-28,S10,Plains Pharma,TUL,MKC,P,555.0,2,12,51.9,46.2,158.83
SH00401,2026-09-28,S03,Paper Mill Supply,STL,SGF,E,1027.7,5,18,59.1,57.1,254.13
SH00402,2026-09-28,S11,Ozark Building,SGF,MKC,P,2218.1,10,20,110.0,110.9,531.37
SH00403,2026-09-28,S03,Paper Mill Supply,STL,MEM,P,858.8,3,18,45.8,47.7,279.55
SH00404,2026-09-28,S12,Crossroads Retail,MKC,SGF,P,865.4,5,11,81.8,78.7,220.07
SH00405,2026-09-28,S09,Tulsa Beverage,TUL,STL,E,637.2,3,28,21.2,22.8,179.23
SH00406,2026-09-28,S01,AutoParts Co,SGF,MKC,E,401.4,2,22,20.3,18.2,78.74
SH00407,2026-09-28,S01,AutoParts Co,SGF,MKC,P,1165.0,7,22,60.2,53.0,283.21
SH00408,2026-09-28,S02,Ozark Furniture,SGF,STL,P,895.5,6,7,158.6,127.9,238.91
SH00409,2026-09-28,S05,KC Food Dist,MKC,STL,P,1456.8,10,30,41.2,48.6,395.04
SH00410,2026-09-28,S01,AutoParts Co,SGF,TUL,P,1103.2,8,22,47.1,50.1,304.92
SH00411,2026-09-28,S05,KC Food Dist,MKC,MEM,E,1944.3,8,30,63.4,64.8,459.57
SH00412,2026-09-28,S07,Memphis Machinery,MEM,SGF,P,1149.5,6,25,47.3,46.0,320.91
SH00413,2026-09-28,S07,Memphis Machinery,MEM,SGF,P,2344.7,10,25,95.3,93.8,630.68
SH00414,2026-09-28,S05,KC Food Dist,MKC,TUL,P,1588.2,6,30,52.5,52.9,470.94
SH00415,2026-09-28,S12,Crossroads Retail,MKC,STL,E,945.0,4,11,94.2,85.9,203.1
SH00416,2026-09-28,S06,Midwest Apparel,MKC,STL,P,213.3,1,8,25.2,26.7,57.99
SH00417,2026-09-28,S01,AutoParts Co,SGF,MKC,E,809.1,4,22,33.6,36.8,135.3
SH00418,2026-09-28,S08,Delta Plastics,MEM,TUL,E,488.5,3,9,61.0,54.3,120.45
SH00419,2026-09-28,S06,Midwest Apparel,MKC,TUL,P,80.0,1,8,9.5,10.0,22.38
SH00420,2026-09-28,S01,AutoParts Co,SGF,STL,P,1191.4,8,22,51.2,54.2,300.84
SH00421,2026-09-28,S07,Memphis Machinery,MEM,STL,E,350.5,1,25,13.8,14.0,82.98
SH00422,2026-09-28,S01,AutoParts Co,SGF,MEM,E,883.8,5,22,38.8,40.2,171.11
SH00423,2026-09-28,S05,KC Food Dist,MKC,SGF,P,1899.4,11,30,55.7,63.3,470.13
SH00424,2026-09-28,S12,Crossroads Retail,MKC,SGF,P,1121.1,6,11,120.1,101.9,281.7
SH00425,2026-09-28,S12,Crossroads Retail,MKC,TUL,E,1105.5,4,11,92.0,100.5,252.01
SH00426,2026-09-28,S03,Paper Mill Supply,STL,SGF,E,1326.4,10,18,72.3,73.7,311.48
SH00427,2026-09-28,S11,Ozark Building,SGF,MKC,P,1553.3,8,20,71.9,77.7,359.98
SH00428,2026-09-28,S09,Tulsa Beverage,TUL,MKC,E,1565.3,12,28,48.7,55.9,304.63
SH00429,2026-09-28,S10,Plains Pharma,TUL,MKC,P,297.7,2,12,27.5,24.8,80.99
SH00430,2026-09-28,S07,Memphis Machinery,MEM,MKC,P,1527.3,6,25,53.9,61.1,442.61
SH00431,2026-09-28,S04,Gateway Electronics,STL,MEM,E,133.1,1,10,12.1,13.3,31.65
SH00432,2026-09-28,S02,Ozark Furniture,SGF,STL,P,682.7,2,7,95.5,97.5,182.16
SH00433,2026-09-28,S07,Memphis Machinery,MEM,TUL,P,1043.9,6,25,41.7,41.8,325.2
SH00434,2026-09-28,S07,Memphis Machinery,MEM,STL,P,1380.7,8,25,54.6,55.2,406.09
SH00435,2026-09-28,S04,Gateway Electronics,STL,MKC,E,682.2,3,10,60.0,68.2,191.17
SH00436,2026-09-28,S01,AutoParts Co,SGF,MEM,E,714.0,3,22,30.3,32.5,155.08
SH00437,2026-09-28,S11,Ozark Building,SGF,STL,P,1244.8,8,20,63.1,62.2,362.37
SH00438,2026-09-28,S07,Memphis Machinery,MEM,STL,E,2369.6,16,25,82.9,94.8,452.75
SH00439,2026-09-28,S02,Ozark Furniture,SGF,MKC,P,774.1,3,7,104.4,110.6,195.5
SH00440,2026-09-28,S12,Crossroads Retail,MKC,STL,P,1254.8,8,11,117.8,114.1,367.24
SH00441,2026-09-28,S04,Gateway Electronics,STL,TUL,P,188.0,1,10,20.3,18.8,60.67
SH00442,2026-09-28,S01,AutoParts Co,SGF,MKC,P,1208.6,7,22,52.7,54.9,325.88
SH00443,2026-09-28,S02,Ozark Furniture,SGF,STL,E,771.7,6,7,120.5,110.2,181.42
SH00444,2026-09-28,S09,Tulsa Beverage,TUL,SGF,E,1327.8,7,28,40.9,47.4,287.4
SH00445,2026-09-28,S05,KC Food Dist,MKC,STL,P,1227.2,5,30,39.9,40.9,355.76
SH00446,2026-09-28,S11,Ozark Building,SGF,TUL,E,1756.9,11,20,108.1,87.8,309.11
SH00447,2026-09-28,S11,Ozark Building,SGF,MKC,E,2431.0,14,20,126.5,121.6,490.6
SH00448,2026-09-28,S06,Midwest Apparel,MKC,MEM,P,1190.2,5,8,140.3,148.8,392.76
SH00449,2026-09-28,S01,AutoParts Co,SGF,STL,P,1320.3,5,22,62.9,60.0,338.12
SH00450,2026-09-28,S01,AutoParts Co,SGF,MKC,P,722.9,5,22,27.6,32.9,154.02
SH00451,2026-09-28,S01,AutoParts Co,SGF,TUL,P,506.3,3,22,22.2,23.0,146.22
SH00452,2026-09-28,S10,Plains Pharma,TUL,MEM,P,473.6,1,12,39.3,39.5,151.26
SH00453,2026-09-28,S03,Paper Mill Supply,STL,TUL,P,243.7,1,18,11.8,13.5,65.04
SH00454,2026-09-28,S10,Plains Pharma,TUL,MEM,E,201.2,1,12,14.3,16.8,50.74
SH00455,2026-09-28,S09,Tulsa Beverage,TUL,STL,P,1530.1,6,28,53.9,54.6,447.43
SH00456,2026-09-28,S04,Gateway Electronics,STL,TUL,P,512.4,2,10,46.6,51.2,149.27
SH00457,2026-09-28,S09,Tulsa Beverage,TUL,MEM,P,1853.5,11,28,62.0,66.2,557.6
SH00458,2026-09-28,S12,Crossroads Retail,MKC,SGF,E,429.1,1,11,33.9,39.0,87.23
SH00459,2026-09-28,S05,KC Food Dist,MKC,MEM,E,874.0,6,30,28.4,29.1,242.69
SH00460,2026-09-28,S06,Midwest Apparel,MKC,TUL,P,1143.2,5,8,139.9,142.9,295.53
SH00461,2026-09-28,S05,KC Food Dist,MKC,STL,P,1018.0,4,30,28.3,33.9,256.14
SH00462,2026-09-28,S06,Midwest Apparel,MKC,STL,P,362.1,2,8,48.6,45.3,92.56
SH00463,2026-09-28,S01,AutoParts Co,SGF,MEM,P,1050.7,6,22,39.0,47.8,321.08
SH00464,2026-09-28,S05,KC Food Dist,MKC,STL,E,1744.1,12,30,52.4,58.1,438.64
SH00465,2026-09-28,S05,KC Food Dist,MKC,SGF,P,2027.0,10,30,60.5,67.6,573.8
SH00466,2026-09-28,S04,Gateway Electronics,STL,SGF,P,135.8,1,10,12.2,13.6,35.5
SH00467,2026-09-28,S12,Crossroads Retail,MKC,TUL,P,1656.1,10,11,159.9,150.6,469.52
SH00468,2026-09-28,S01,AutoParts Co,SGF,TUL,E,896.8,4,22,40.9,40.8,200.18
SH00469,2026-09-28,S11,Ozark Building,SGF,MEM,E,1187.8,6,20,52.3,59.4,238.55
SH00470,2026-09-28,S09,Tulsa Beverage,TUL,MEM,E,1699.8,12,28,60.1,60.7,443.79
SH00471,2026-09-28,S10,Plains Pharma,TUL,SGF,P,466.9,3,12,36.4,38.9,125.17
SH00472,2026-09-28,S04,Gateway Electronics,STL,MKC,P,479.1,3,10,39.6,47.9,107.07
SH00473,2026-09-28,S03,Paper Mill Supply,STL,MKC,E,1522.5,6,18,88.5,84.6,406.29
SH00474,2026-09-28,S03,Paper Mill Supply,STL,MEM,E,1850.5,11,18,101.2,102.8,465.53
SH00475,2026-09-28,S04,Gateway Electronics,STL,MEM,P,1042.0,4,10,100.1,104.2,314.56
SH00476,2026-09-28,S04,Gateway Electronics,STL,MKC,P,456.0,2,10,55.1,45.6,112.78
SH00477,2026-09-28,S01,AutoParts Co,SGF,MEM,P,780.2,3,22,35.4,35.5,203.02
SH00478,2026-09-28,S12,Crossroads Retail,MKC,SGF,P,498.9,2,11,50.9,45.4,134.63
SH00479,2026-09-28,S10,Plains Pharma,TUL,SGF,P,98.7,1,12,8.5,8.2,26.79
SH00480,2026-09-28,S01,AutoParts Co,SGF,MEM,E,329.3,1,22,14.0,15.0,77.76
SH00481,2026-09-28,S03,Paper Mill Supply,STL,MEM,P,1827.9,8,18,91.1,101.5,510.34
SH00482,2026-09-28,S06,Midwest Apparel,MKC,SGF,P,808.4,3,8,86.8,101.1,169.36
SH00483,2026-09-28,S01,AutoParts Co,SGF,MEM,P,845.6,6,22,44.1,38.4,242.66
SH00484,2026-09-28,S03,Paper Mill Supply,STL,MEM,P,1386.6,6,18,81.5,77.0,379.76
SH00485,2026-09-28,S01,AutoParts Co,SGF,MKC,P,848.3,4,22,38.5,38.6,198.96
SH00486,2026-09-28,S07,Memphis Machinery,MEM,TUL,P,1454.0,8,25,56.0,58.2,465.53
SH00487,2026-09-28,S01,AutoParts Co,SGF,TUL,P,973.8,4,22,42.1,44.3,253.42
SH00488,2026-09-28,S04,Gateway Electronics,STL,MKC,P,546.2,2,10,41.8,54.6,134.7
SH00489,2026-09-28,S04,Gateway Electronics,STL,MEM,P,421.0,2,10,43.7,42.1,134.11
SH00490,2026-09-28,S07,Memphis Machinery,MEM,TUL,P,2186.6,13,25,90.5,87.5,689.29
SH00491,2026-09-28,S06,Midwest Apparel,MKC,MEM,E,297.9,1,8,45.4,37.2,68.06
SH00492,2026-09-28,S09,Tulsa Beverage,TUL,STL,P,1641.9,7,28,72.3,58.6,536.3
SH00493,2026-09-28,S05,KC Food Dist,MKC,SGF,E,1016.8,6,30,37.0,33.9,221.62
SH00494,2026-09-28,S08,Delta Plastics,MEM,SGF,P,1222.3,7,9,120.0,135.8,339.8
SH00495,2026-09-28,S07,Memphis Machinery,MEM,TUL,E,2015.2,12,25,71.0,80.6,564.13
SH00496,2026-09-28,S12,Crossroads Retail,MKC,STL,P,543.7,3,11,50.7,49.4,131.61
SH00497,2026-09-28,S02,Ozark Furniture,SGF,MEM,P,515.2,1,7,77.3,73.6,140.74
SH00498,2026-09-28,S11,Ozark Building,SGF,MKC,E,80.0,1,20,5.0,4.0,16.11
SH00499,2026-09-28,S11,Ozark Building,SGF,MKC,P,2393.1,13,20,135.0,119.7,588.07
SH00500,2026-09-28,S03,Paper Mill Supply,STL,TUL,P,1709.7,12,18,94.5,95.0,527.71
SH00501,2026-09-28,S01,AutoParts Co,SGF,TUL,P,974.5,8,22,43.0,44.3,246.36
SH00502,2026-09-28,S04,Gateway Electronics,STL,MKC,E,202.2,1,10,21.9,20.2,47.23
SH00503,2026-09-28,S01,AutoParts Co,SGF,MEM,P,677.1,2,22,27.5,30.8,198.17
SH00504,2026-09-28,S07,Memphis Machinery,MEM,MKC,P,1887.2,8,25,89.5,75.5,500.67
SH00505,2026-09-28,S08,Delta Plastics,MEM,STL,P,798.3,3,9,88.8,88.7,222.26
SH00506,2026-09-28,S07,Memphis Machinery,MEM,STL,E,1980.6,7,25,63.6,79.2,415.76
SH00507,2026-09-28,S04,Gateway Electronics,STL,TUL,P,80.0,1,10,8.2,8.0,22.64
SH00508,2026-09-28,S01,AutoParts Co,SGF,MKC,E,558.5,2,22,25.6,25.4,114.54
SH00509,2026-09-28,S05,KC Food Dist,MKC,SGF,E,1713.6,8,30,58.2,57.1,332.83
SH00510,2026-09-28,S05,KC Food Dist,MKC,STL,P,1731.9,7,30,52.9,57.7,436.91
SH00511,2026-09-28,S04,Gateway Electronics,STL,MKC,P,133.1,1,10,14.3,13.3,34.49
SH00512,2026-09-28,S06,Midwest Apparel,MKC,TUL,P,1034.5,4,8,146.1,129.3,285.6
SH00513,2026-09-28,S09,Tulsa Beverage,TUL,MKC,P,2964.0,16,28,108.8,105.9,808.99
SH00514,2026-09-28,S12,Crossroads Retail,MKC,MEM,E,671.5,4,11,62.5,61.0,162.81
SH00515,2026-09-28,S01,AutoParts Co,SGF,STL,E,1413.6,11,22,62.4,64.3,317.32
SH00516,2026-09-28,S12,Crossroads Retail,MKC,MEM,E,657.0,4,11,53.7,59.7,165.32
SH00517,2026-09-28,S08,Delta Plastics,MEM,MKC,E,1353.0,11,9,148.8,150.3,363.31
SH00518,2026-09-28,S09,Tulsa Beverage,TUL,MKC,P,1252.4,7,28,42.6,44.7,311.6
SH00519,2026-09-28,S05,KC Food Dist,MKC,SGF,P,1405.2,6,30,50.7,46.8,354.06
SH00520,2026-09-28,S11,Ozark Building,SGF,MKC,E,1526.4,10,20,77.8,76.3,360.78
SH00521,2026-09-28,S07,Memphis Machinery,MEM,STL,P,1732.6,8,25,69.2,69.3,486.03
SH00522,2026-09-28,S04,Gateway Electronics,STL,TUL,P,761.7,4,10,80.5,76.2,223.29
SH00523,2026-09-28,S03,Paper Mill Supply,STL,MKC,P,1446.1,10,18,77.3,80.3,407.36
SH00524,2026-09-28,S09,Tulsa Beverage,TUL,MKC,P,1326.5,5,28,47.0,47.4,383.03
SH00525,2026-09-28,S05,KC Food Dist,MKC,STL,E,1573.0,7,30,62.2,52.4,388.2
SH00526,2026-09-28,S05,KC Food Dist,MKC,STL,P,1766.7,10,30,62.6,58.9,421.1
SH00527,2026-09-28,S05,KC Food Dist,MKC,MEM,P,1590.8,9,30,43.1,53.0,431.05
SH00528,2026-09-28,S03,Paper Mill Supply,STL,SGF,P,1382.7,7,18,83.3,76.8,297.44
SH00529,2026-09-28,S05,KC Food Dist,MKC,SGF,P,460.0,2,30,17.1,15.3,132.99
SH00530,2026-09-28,S07,Memphis Machinery,MEM,SGF,E,1451.1,6,25,48.8,58.0,291.39
SH00531,2026-09-28,S12,Crossroads Retail,MKC,STL,P,499.7,2,11,49.6,45.4,136.4
SH00532,2026-09-28,S05,KC Food Dist,MKC,TUL,E,1671.2,7,30,48.0,55.7,370.72
SH00533,2026-09-28,S12,Crossroads Retail,MKC,STL,P,768.9,5,11,65.2,69.9,195.49
SH00534,2026-09-28,S07,Memphis Machinery,MEM,STL,P,1852.3,9,25,74.8,74.1,577.48
SH00535,2026-09-28,S04,Gateway Electronics,STL,MKC,P,580.7,3,10,65.6,58.1,154.83
SH00536,2026-09-28,S06,Midwest Apparel,MKC,TUL,E,970.9,4,8,138.0,121.4,231.39
SH00537,2026-09-28,S08,Delta Plastics,MEM,SGF,E,535.7,2,9,59.9,59.5,137.88
SH00538,2026-09-28,S09,Tulsa Beverage,TUL,SGF,P,1604.6,12,28,56.7,57.3,414.47
SH00539,2026-09-28,S04,Gateway Electronics,STL,MKC,P,783.0,3,10,78.8,78.3,222.14
SH00540,2026-09-28,S12,Crossroads Retail,MKC,STL,P,975.8,4,11,80.8,88.7,297.32
SH00541,2026-09-28,S02,Ozark Furniture,SGF,TUL,E,1052.5,8,7,133.2,150.4,272.26
SH00542,2026-09-28,S08,Delta Plastics,MEM,STL,P,876.7,4,9,108.5,97.4,266.15
SH00543,2026-09-28,S11,Ozark Building,SGF,STL,E,1903.9,14,20,95.0,95.2,456.4
SH00544,2026-09-28,S09,Tulsa Beverage,TUL,STL,E,1673.0,13,28,61.4,59.7,410.16
SH00545,2026-09-28,S11,Ozark Building,SGF,TUL,P,1853.1,9,20,97.4,92.7,396.2
SH00546,2026-09-28,S05,KC Food Dist,MKC,SGF,P,1985.6,11,30,72.0,66.2,502.69
SH00547,2026-09-28,S04,Gateway Electronics,STL,MKC,P,743.7,3,10,69.0,74.4,162.52
SH00548,2026-09-28,S05,KC Food Dist,MKC,TUL,P,963.4,6,30,27.9,32.1,301.61
SH00549,2026-09-28,S08,Delta Plastics,MEM,TUL,P,1222.8,6,9,156.4,135.9,401.64
SH00550,2026-09-28,S02,Ozark Furniture,SGF,STL,E,777.8,3,7,117.4,111.1,174.16
SH00551,2026-09-28,S08,Delta Plastics,MEM,STL,P,529.8,3,9,55.3,58.9,157.52
SH00552,2026-09-28,S03,Paper Mill Supply,STL,MKC,P,1619.5,10,18,79.8,90.0,436.16
SH00553,2026-09-28,S06,Midwest Apparel,MKC,SGF,P,775.2,3,8,93.6,96.9,201.1
SH00554,2026-09-28,S05,KC Food Dist,MKC,STL,P,1253.1,8,30,41.0,41.8,324.71
SH00555,2026-09-28,S09,Tulsa Beverage,TUL,SGF,P,957.5,4,28,38.1,34.2,241.02
SH00556,2026-09-28,S04,Gateway Electronics,STL,SGF,P,480.6,1,10,41.1,48.1,128.6
SH00557,2026-09-28,S02,Ozark Furniture,SGF,TUL,E,322.2,1,7,46.5,46.0,80.64
SH00558,2026-09-28,S06,Midwest Apparel,MKC,SGF,P,473.0,3,8,57.7,59.1,114.79
SH00559,2026-09-28,S05,KC Food Dist,MKC,MEM,E,2237.5,14,30,72.5,74.6,528.04
SH00560,2026-09-28,S06,Midwest Apparel,MKC,STL,P,700.6,3,8,87.8,87.6,179.33
SH00561,2026-09-28,S09,Tulsa Beverage,TUL,MEM,P,1021.7,4,28,35.7,36.5,318.58
SH00562,2026-09-28,S04,Gateway Electronics,STL,TUL,P,367.7,2,10,35.2,36.8,100.39
SH00563,2026-09-28,S09,Tulsa Beverage,TUL,MKC,P,1016.5,4,28,40.8,36.3,264.2
SH00564,2026-09-28,S01,AutoParts Co,SGF,MKC,P,527.8,3,22,27.4,24.0,145.04
SH00565,2026-09-28,S01,AutoParts Co,SGF,TUL,E,1132.9,5,22,55.0,51.5,230.33
SH00566,2026-09-28,S04,Gateway Electronics,STL,TUL,P,333.0,2,10,34.1,33.3,93.72
SH00567,2026-09-28,S09,Tulsa Beverage,TUL,SGF,P,1850.1,10,28,66.4,66.1,438.98
SH00568,2026-09-28,S03,Paper Mill Supply,STL,MEM,E,809.3,6,18,38.5,45.0,190.42
SH00569,2026-09-28,S12,Crossroads Retail,MKC,STL,E,893.0,3,11,91.0,81.2,193.46
SH00570,2026-09-28,S02,Ozark Furniture,SGF,MEM,E,795.1,4,7,119.3,113.6,188.65
SH00571,2026-09-28,S09,Tulsa Beverage,TUL,MKC,E,1636.9,9,28,55.6,58.5,382.03
SH00572,2026-09-28,S09,Tulsa Beverage,TUL,MKC,E,2357.0,11,28,68.8,84.2,544.83
SH00573,2026-09-28,S11,Ozark Building,SGF,TUL,E,1595.3,12,20,73.1,79.8,316.78
SH00574,2026-09-28,S07,Memphis Machinery,MEM,STL,E,1285.4,4,25,58.6,51.4,274.84
SH00575,2026-09-28,S05,KC Food Dist,MKC,STL,E,1517.0,8,30,50.6,50.6,284.95
SH00576,2026-09-28,S05,KC Food Dist,MKC,STL,P,2029.1,12,30,60.1,67.6,550.33
SH00577,2026-09-28,S06,Midwest Apparel,MKC,TUL,E,811.7,5,8,90.7,101.5,204.48
SH00578,2026-09-28,S12,Crossroads Retail,MKC,SGF,P,1041.1,4,11,86.5,94.6,249.27
SH00579,2026-09-28,S05,KC Food Dist,MKC,STL,E,2271.1,10,30,79.3,75.7,496.64
SH00580,2026-09-28,S02,Ozark Furniture,SGF,TUL,E,461.0,2,7,58.6,65.9,92.75
SH00581,2026-09-28,S09,Tulsa Beverage,TUL,SGF,E,2162.6,8,28,85.5,77.2,467.35
SH00582,2026-09-28,S06,Midwest Apparel,MKC,MEM,P,854.3,3,8,90.6,106.8,256.19
SH00583,2026-09-28,S06,Midwest Apparel,MKC,TUL,P,152.8,1,8,22.4,19.1,42.69
SH00584,2026-09-28,S02,Ozark Furniture,SGF,MEM,E,633.6,3,7,95.9,90.5,148.62
SH00585,2026-09-28,S05,KC Food Dist,MKC,SGF,E,2565.4,10,30,84.2,85.5,553.36
SH00586,2026-09-28,S01,AutoParts Co,SGF,STL,E,1519.0,9,22,71.2,69.0,304.89
SH00587,2026-09-28,S10,Plains Pharma,TUL,MEM,P,269.4,1,12,21.5,22.5,79.1
SH00588,2026-09-28,S10,Plains Pharma,TUL,SGF,P,818.4,3,12,66.1,68.2,228.06
SH00589,2026-09-28,S05,KC Food Dist,MKC,SGF,E,590.5,2,30,19.3,19.7,141.27
SH00590,2026-09-28,S02,Ozark Furniture,SGF,MKC,P,693.6,4,7,87.1,99.1,173.04
SH00591,2026-09-28,S04,Gateway Electronics,STL,MEM,P,692.7,2,10,69.3,69.3,199.14
SH00592,2026-09-28,S11,Ozark Building,SGF,STL,P,394.2,2,20,21.0,19.7,84.08
SH00593,2026-09-28,S05,KC Food Dist,MKC,SGF,P,1767.0,6,30,58.1,58.9,522.78
SH00594,2026-09-28,S10,Plains Pharma,TUL,MKC,P,866.9,3,12,63.3,72.2,240.17
SH00595,2026-09-28,S12,Crossroads Retail,MKC,STL,E,451.7,2,11,44.7,41.1,112.42
SH00596,2026-09-28,S01,AutoParts Co,SGF,TUL,P,1145.2,6,22,58.6,52.1,312.05
SH00597,2026-09-28,S07,Memphis Machinery,MEM,MKC,E,1764.3,14,25,75.6,70.6,488.37
SH00598,2026-09-28,S12,Crossroads Retail,MKC,TUL,E,773.8,5,11,83.0,70.3,153.11
SH00599,2026-09-28,S07,Memphis Machinery,MEM,MKC,E,812.9,5,25,28.2,32.5,203.49
SH00600,2026-09-28,S03,Paper Mill Supply,STL,MEM,E,2054.6,9,18,94.0,114.1,488.15
SH00601,2026-09-28,S04,Gateway Electronics,STL,MEM,P,487.7,2,10,51.0,48.8,150.96
SH00602,2026-09-28,S02,Ozark Furniture,SGF,MKC,P,1140.7,6,7,173.7,163.0,268.66
SH00603,2026-09-28,S01,AutoParts Co,SGF,STL,P,189.2,1,22,8.1,8.6,45.06
SH00604,2026-09-28,S05,KC Food Dist,MKC,STL,E,1378.9,6,30,57.4,46.0,342.3
SH00605,2026-09-28,S05,KC Food Dist,MKC,SGF,P,1747.8,13,30,53.8,58.3,398.78
SH00606,2026-09-28,S08,Delta Plastics,MEM,SGF,P,986.7,4,9,104.3,109.6,279.59
SH00607,2026-09-28,S06,Midwest Apparel,MKC,TUL,P,676.1,2,8,84.5,84.5,192.03
SH00608,2026-09-28,S04,Gateway Electronics,STL,MKC,E,414.5,3,10,40.4,41.5,91.57
SH00609,2026-09-28,S06,Midwest Apparel,MKC,TUL,P,819.3,4,8,114.5,102.4,196.99
SH00610,2026-09-28,S06,Midwest Apparel,MKC,SGF,P,224.7,1,8,25.3,28.1,56.27
SH00611,2026-09-28,S07,Memphis Machinery,MEM,SGF,P,2635.9,11,25,111.7,105.4,670.89
SH00612,2026-09-28,S01,AutoParts Co,SGF,MKC,E,1180.5,7,22,51.8,53.7,246.54
SH00613,2026-09-28,S03,Paper Mill Supply,STL,TUL,E,1442.5,5,18,76.6,80.1,299.77
SH00614,2026-09-28,S04,Gateway Electronics,STL,MKC,P,541.6,2,10,50.5,54.2,123.0
SH00615,2026-09-28,S05,KC Food Dist,MKC,SGF,P,2294.2,15,30,88.6,76.5,671.76
SH00616,2026-09-28,S11,Ozark Building,SGF,STL,E,1263.9,4,20,54.1,63.2,274.24
SH00617,2026-09-28,S08,Delta Plastics,MEM,STL,E,968.2,7,9,86.1,107.6,243.7
SH00618,2026-09-28,S04,Gateway Electronics,STL,MKC,P,394.4,1,10,39.4,39.4,109.53
SH00619,2026-09-28,S07,Memphis Machinery,MEM,STL,P,1482.1,6,25,64.7,59.3,409.41
SH00620,2026-09-28,S02,Ozark Furniture,SGF,MEM,P,1167.7,8,7,165.4,166.8,297.32
SH00621,2026-09-28,S01,AutoParts Co,SGF,TUL,E,1204.2,6,22,56.3,54.7,274.32
SH00622,2026-09-28,S12,Crossroads Retail,MKC,MEM,P,707.0,4,11,70.6,64.3,188.22
SH00623,2026-09-28,S08,Delta Plastics,MEM,TUL,E,658.1,3,9,68.1,73.1,176.69
SH00624,2026-09-28,S02,Ozark Furniture,SGF,MKC,E,821.3,6,7,104.7,117.3,131.6
SH00625,2026-09-28,S11,Ozark Building,SGF,MKC,P,216.6,1,20,12.6,10.8,62.64
SH00626,2026-09-28,S09,Tulsa Beverage,TUL,MKC,P,1186.1,9,28,39.4,42.4,332.59
SH00627,2026-09-28,S05,KC Food Dist,MKC,SGF,P,3036.0,19,30,92.5,101.2,790.23
SH00628,2026-09-28,S11,Ozark Building,SGF,STL,P,875.0,4,20,43.2,43.8,242.58
SH00629,2026-09-28,S01,AutoParts Co,SGF,STL,E,324.3,1,22,15.7,14.7,72.08
SH00630,2026-09-28,S10,Plains Pharma,TUL,MKC,E,513.7,3,12,53.2,42.8,108.04
SH00631,2026-09-28,S06,Midwest Apparel,MKC,SGF,P,93.0,1,8,10.9,11.6,22.35
SH00632,2026-09-28,S01,AutoParts Co,SGF,STL,P,627.7,4,22,29.3,28.5,148.82
SH00633,2026-09-28,S05,KC Food Dist,MKC,MEM,P,1164.4,4,30,41.7,38.8,349.71
SH00634,2026-09-28,S11,Ozark Building,SGF,MEM,P,1179.8,8,20,67.7,59.0,357.91
SH00635,2026-09-28,S03,Paper Mill Supply,STL,MEM,E,751.7,3,18,41.3,41.8,179.73
SH00636,2026-09-28,S12,Crossroads Retail,MKC,STL,E,528.3,3,11,43.8,48.0,113.43
SH00637,2026-09-28,S06,Midwest Apparel,MKC,TUL,E,251.0,1,8,33.7,31.4,43.38
SH00638,2026-09-28,S10,Plains Pharma,TUL,MKC,P,80.0,1,12,6.6,6.7,21.26
SH00639,2026-09-28,S03,Paper Mill Supply,STL,SGF,P,1088.6,5,18,48.7,60.5,277.52
SH00640,2026-09-28,S01,AutoParts Co,SGF,MKC,E,358.3,1,22,17.4,16.3,73.59
SH00641,2026-09-28,S03,Paper Mill Supply,STL,MEM,P,690.1,3,18,38.3,38.3,207.35
SH00642,2026-09-28,S09,Tulsa Beverage,TUL,MKC,E,2267.0,16,28,73.2,81.0,517.74
SH00643,2026-09-28,S09,Tulsa Beverage,TUL,STL,P,947.6,4,28,30.7,33.8,320.58
SH00644,2026-09-28,S04,Gateway Electronics,STL,MKC,E,135.7,1,10,15.9,13.6,34.8
SH00645,2026-09-28,S09,Tulsa Beverage,TUL,MEM,P,1597.0,6,28,54.6,57.0,510.4
SH00646,2026-09-28,S09,Tulsa Beverage,TUL,MEM,P,599.8,3,28,22.1,21.4,175.17
SH00647,2026-09-28,S05,KC Food Dist,MKC,TUL,P,2150.0,17,30,71.3,71.7,568.9
SH00648,2026-09-28,S03,Paper Mill Supply,STL,SGF,P,826.2,4,18,46.4,45.9,213.79
SH00649,2026-09-28,S01,AutoParts Co,SGF,MKC,E,110.4,1,22,5.0,5.0,18.56
SH00650,2026-09-28,S03,Paper Mill Supply,STL,MKC,P,653.0,2,18,40.2,36.3,194.67
SH00651,2026-09-28,S09,Tulsa Beverage,TUL,SGF,E,2088.8,9,28,67.2,74.6,397.25
SH00652,2026-09-28,S03,Paper Mill Supply,STL,MKC,P,1813.4,7,18,99.2,100.7,530.1
SH00653,2026-09-28,S03,Paper Mill Supply,STL,TUL,P,955.5,4,18,58.7,53.1,274.49
SH00654,2026-09-28,S10,Plains Pharma,TUL,SGF,P,510.4,2,12,41.8,42.5,123.71
SH00655,2026-09-28,S05,KC Food Dist,MKC,STL,E,857.6,4,30,26.3,28.6,180.32
SH00656,2026-09-28,S09,Tulsa Beverage,TUL,STL,P,1928.0,9,28,62.9,68.9,528.44
SH00657,2026-09-28,S11,Ozark Building,SGF,MKC,P,1266.7,5,20,72.3,63.3,346.35
SH00658,2026-09-28,S04,Gateway Electronics,STL,MEM,P,541.3,2,10,56.2,54.1,158.79
SH00659,2026-09-28,S09,Tulsa Beverage,TUL,MEM,P,992.6,4,28,37.6,35.4,299.59
SH00660,2026-09-28,S06,Midwest Apparel,MKC,SGF,E,772.9,5,8,102.7,96.6,131.47
SH00661,2026-09-28,S09,Tulsa Beverage,TUL,MEM,P,1680.8,9,28,71.7,60.0,589.63
SH00662,2026-09-28,S11,Ozark Building,SGF,MEM,P,878.8,4,20,41.8,43.9,252.39
SH00663,2026-09-28,S03,Paper Mill Supply,STL,MEM,P,1461.4,10,18,75.9,81.2,408.45
SH00664,2026-09-28,S05,KC Food Dist,MKC,MEM,E,1385.6,6,30,44.2,46.2,352.56
SH00665,2026-09-28,S12,Crossroads Retail,MKC,STL,P,989.3,3,11,89.1,89.9,289.93
SH00666,2026-09-28,S01,AutoParts Co,SGF,MKC,P,892.4,4,22,41.5,40.6,236.06
SH00667,2026-09-28,S05,KC Food Dist,MKC,STL,P,2472.2,10,30,77.5,82.4,663.0
SH00668,2026-09-28,S06,Midwest Apparel,MKC,MEM,E,1079.8,5,8,130.4,135.0,261.35
SH00669,2026-09-28,S03,Paper Mill Supply,STL,MKC,E,744.5,3,18,40.2,41.4,190.03
SH00670,2026-09-28,S09,Tulsa Beverage,TUL,MEM,P,1846.0,8,28,68.8,65.9,549.95
SH00671,2026-09-28,S01,AutoParts Co,SGF,MEM,P,1042.4,4,22,47.2,47.4,331.56
SH00672,2026-09-28,S03,Paper Mill Supply,STL,SGF,P,889.0,3,18,51.0,49.4,235.88
SH00673,2026-09-28,S09,Tulsa Beverage,TUL,MEM,E,1414.8,5,28,55.8,50.5,371.53
SH00674,2026-09-28,S02,Ozark Furniture,SGF,STL,P,425.5,1,7,59.4,60.8,113.16
SH00675,2026-09-28,S01,AutoParts Co,SGF,MKC,E,819.6,3,22,37.9,37.3,172.56
SH00676,2026-09-28,S09,Tulsa Beverage,TUL,MEM,E,2823.4,16,28,101.3,100.8,677.06
SH00677,2026-09-28,S02,Ozark Furniture,SGF,STL,P,786.1,3,7,135.2,112.3,197.15
SH00678,2026-09-28,S09,Tulsa Beverage,TUL,SGF,E,2436.1,17,28,107.7,87.0,547.08
SH00679,2026-09-28,S12,Crossroads Retail,MKC,MEM,P,659.7,3,11,63.8,60.0,203.64
SH00680,2026-09-28,S09,Tulsa Beverage,TUL,MKC,P,1539.7,10,28,52.0,55.0,434.99
SH00681,2026-09-28,S11,Ozark Building,SGF,STL,E,1436.8,9,20,80.2,71.8,365.75
SH00682,2026-09-28,S05,KC Food Dist,MKC,SGF,P,1790.5,13,30,63.1,59.7,515.7
SH00683,2026-09-28,S04,Gateway Electronics,STL,TUL,E,735.3,3,10,83.5,73.5,166.36
SH00684,2026-09-28,S11,Ozark Building,SGF,STL,E,1225.2,9,20,56.4,61.3,294.6
SH00685,2026-09-28,S07,Memphis Machinery,MEM,SGF,E,2301.7,11,25,71.4,92.1,547.91
SH00686,2026-09-28,S04,Gateway Electronics,STL,MEM,E,754.7,4,10,64.7,75.5,160.15
SH00687,2026-09-28,S09,Tulsa Beverage,TUL,MEM,E,1569.1,6,28,57.8,56.0,395.22
SH00688,2026-09-28,S02,Ozark Furniture,SGF,TUL,E,1004.4,3,7,140.6,143.5,238.25
SH00689,2026-09-28,S09,Tulsa Beverage,TUL,STL,P,2761.1,13,28,94.4,98.6,907.9
SH00690,2026-09-28,S03,Paper Mill Supply,STL,SGF,P,1399.4,7,18,74.1,77.7,369.66
SH00691,2026-09-28,S10,Plains Pharma,TUL,STL,E,273.9,1,12,21.3,22.8,76.36
SH00692,2026-09-28,S12,Crossroads Retail,MKC,STL,P,666.4,3,11,62.1,60.6,168.28
SH00693,2026-09-28,S08,Delta Plastics,MEM,TUL,E,683.1,2,9,83.5,75.9,159.45
SH00694,2026-09-28,S01,AutoParts Co,SGF,TUL,P,1094.8,4,22,61.6,49.8,284.82
SH00695,2026-09-28,S10,Plains Pharma,TUL,MKC,P,530.2,3,12,44.5,44.2,149.74
SH00696,2026-09-28,S11,Ozark Building,SGF,TUL,P,1542.2,11,20,74.8,77.1,361.14
SH00697,2026-09-28,S04,Gateway Electronics,STL,MKC,E,778.4,3,10,69.8,77.8,196.95
SH00698,2026-09-28,S09,Tulsa Beverage,TUL,SGF,P,1526.2,7,28,58.1,54.5,385.47
SH00699,2026-09-28,S01,AutoParts Co,SGF,MEM,P,1129.7,6,22,54.8,51.3,309.83
SH00700,2026-09-28,S07,Memphis Machinery,MEM,MKC,P,1189.8,6,25,52.8,47.6,347.81
SH00701,2026-09-28,S08,Delta Plastics,MEM,STL,P,558.4,2,9,53.7,62.0,165.05
SH00702,2026-09-28,S09,Tulsa Beverage,TUL,SGF,E,1920.1,7,28,64.2,68.6,405.98
SH00703,2026-09-28,S01,AutoParts Co,SGF,STL,E,552.6,3,22,23.8,25.1,111.77
SH00704,2026-09-28,S02,Ozark Furniture,SGF,MEM,P,655.7,4,7,83.8,93.7,165.61
SH00705,2026-09-28,S03,Paper Mill Supply,STL,MKC,E,1992.6,8,18,116.1,110.7,424.72
SH00706,2026-09-28,S01,AutoParts Co,SGF,MEM,P,1164.5,5,22,56.2,52.9,322.27
SH00707,2026-09-28,S06,Midwest Apparel,MKC,SGF,P,208.1,1,8,25.9,26.0,66.74
SH00708,2026-09-28,S02,Ozark Furniture,SGF,MKC,P,454.7,2,7,69.6,65.0,123.54
SH00709,2026-09-28,S02,Ozark Furniture,SGF,STL,P,641.2,2,7,83.5,91.6,128.58
SH00710,2026-09-28,S04,Gateway Electronics,STL,MEM,E,434.8,2,10,44.3,43.5,111.44
SH00711,2026-09-28,S01,AutoParts Co,SGF,STL,E,773.1,3,22,28.4,35.1,179.08
SH00712,2026-09-28,S05,KC Food Dist,MKC,MEM,P,426.7,3,30,13.0,14.2,125.68
SH00713,2026-09-28,S10,Plains Pharma,TUL,STL,E,269.1,1,12,21.4,22.4,56.23
SH00714,2026-09-28,S04,Gateway Electronics,STL,MKC,P,246.9,1,10,26.7,24.7,69.09
SH00715,2026-09-28,S06,Midwest Apparel,MKC,SGF,P,337.2,1,8,42.4,42.1,85.09
SH00716,2026-09-28,S04,Gateway Electronics,STL,TUL,E,473.6,3,10,44.0,47.4,112.16
SH00717,2026-09-28,S05,KC Food Dist,MKC,TUL,E,1306.0,6,30,44.3,43.5,321.17
SH00718,2026-09-28,S12,Crossroads Retail,MKC,MEM,E,774.2,6,11,59.0,70.4,167.86
SH00719,2026-09-28,S10,Plains Pharma,TUL,SGF,E,394.8,3,12,32.2,32.9,91.53
SH00720,2026-09-28,S05,KC Food Dist,MKC,SGF,E,1821.7,8,30,61.5,60.7,370.54
SH00721,2026-09-28,S06,Midwest Apparel,MKC,TUL,E,870.8,6,8,117.4,108.8,203.58
SH00722,2026-09-28,S09,Tulsa Beverage,TUL,SGF,E,1946.5,9,28,76.8,69.5,375.47
SH00723,2026-09-28,S07,Memphis Machinery,MEM,TUL,P,2082.2,10,25,100.4,83.3,613.53
SH00724,2026-09-28,S09,Tulsa Beverage,TUL,MKC,E,1464.7,7,28,40.2,52.3,304.98
SH00725,2026-09-28,S02,Ozark Furniture,SGF,MEM,P,616.9,3,7,86.0,88.1,163.93
SH00726,2026-09-28,S06,Midwest Apparel,MKC,TUL,E,520.9,2,8,56.6,65.1,105.33
SH00727,2026-09-28,S07,Memphis Machinery,MEM,SGF,P,1153.2,6,25,38.6,46.1,345.58
SH00728,2026-09-28,S12,Crossroads Retail,MKC,STL,P,891.8,4,11,73.0,81.1,259.14
SH00729,2026-09-28,S06,Midwest Apparel,MKC,SGF,P,658.7,4,8,96.0,82.3,151.42
SH00730,2026-09-28,S05,KC Food Dist,MKC,SGF,E,1421.7,10,30,50.6,47.4,282.97
SH00731,2026-09-28,S05,KC Food Dist,MKC,STL,P,1736.4,8,30,56.5,57.9,515.14
SH00732,2026-09-28,S06,Midwest Apparel,MKC,TUL,E,1046.0,5,8,133.4,130.8,238.29
SH00733,2026-09-28,S07,Memphis Machinery,MEM,SGF,P,2740.3,13,25,105.1,109.6,720.47
SH00734,2026-09-28,S02,Ozark Furniture,SGF,MKC,P,564.1,2,7,75.6,80.6,137.91
SH00735,2026-09-28,S07,Memphis Machinery,MEM,SGF,P,1995.1,8,25,75.0,79.8,543.46
SH00736,2026-09-28,S09,Tulsa Beverage,TUL,SGF,P,1265.3,10,28,44.5,45.2,350.64
SH00737,2026-09-28,S07,Memphis Machinery,MEM,STL,P,2047.9,8,25,75.7,81.9,562.11
SH00738,2026-09-28,S01,AutoParts Co,SGF,MKC,E,147.0,1,22,6.4,6.7,36.02
SH00739,2026-09-28,S11,Ozark Building,SGF,STL,P,1671.7,9,20,83.8,83.6,425.93
SH00740,2026-09-28,S05,KC Food Dist,MKC,SGF,E,1366.1,6,30,46.2,45.5,255.65
SH00741,2026-09-28,S01,AutoParts Co,SGF,MKC,E,1086.9,7,22,50.8,49.4,242.78
SH00742,2026-09-28,S08,Delta Plastics,MEM,STL,E,818.7,5,9,103.0,91.0,186.77
SH00743,2026-09-28,S05,KC Food Dist,MKC,TUL,E,2029.4,13,30,69.0,67.6,443.49
SH00744,2026-09-28,S04,Gateway Electronics,STL,MEM,P,334.2,1,10,34.9,33.4,85.15
SH00745,2026-09-28,S01,AutoParts Co,SGF,MEM,E,361.6,1,22,13.8,16.4,84.51
SH00746,2026-09-28,S07,Memphis Machinery,MEM,SGF,E,858.2,4,25,33.9,34.3,208.79
SH00747,2026-09-28,S01,AutoParts Co,SGF,MEM,P,242.4,1,22,12.1,11.0,67.71
SH00748,2026-09-28,S03,Paper Mill Supply,STL,SGF,E,753.3,3,18,40.8,41.9,139.41
SH00749,2026-09-28,S04,Gateway Electronics,STL,MEM,P,375.2,2,10,42.0,37.5,109.84
SH00750,2026-09-28,S09,Tulsa Beverage,TUL,STL,E,724.0,3,28,29.6,25.9,156.45
SH00751,2026-09-28,S08,Delta Plastics,MEM,STL,P,902.2,6,9,100.1,100.2,269.58
SH00752,2026-09-28,S09,Tulsa Beverage,TUL,MEM,P,2061.7,8,28,78.1,73.6,588.14
SH00753,2026-09-28,S03,Paper Mill Supply,STL,TUL,P,1443.1,10,18,82.2,80.2,467.34
SH00754,2026-09-28,S12,Crossroads Retail,MKC,STL,P,1046.2,6,11,97.5,95.1,267.62
SH00755,2026-09-28,S03,Paper Mill Supply,STL,MEM,P,1064.8,5,18,61.4,59.2,290.22
SH00756,2026-09-28,S07,Memphis Machinery,MEM,TUL,P,2032.1,9,25,82.9,81.3,529.99
SH00757,2026-09-28,S04,Gateway Electronics,STL,MKC,P,598.3,4,10,64.4,59.8,191.87
SH00758,2026-09-28,S05,KC Food Dist,MKC,MEM,P,1700.2,12,30,60.1,56.7,521.69
SH00759,2026-09-28,S08,Delta Plastics,MEM,STL,P,930.2,7,9,102.9,103.4,266.87
SH00760,2026-09-28,S01,AutoParts Co,SGF,STL,E,1003.0,4,22,45.1,45.6,192.17
SH00761,2026-09-28,S01,AutoParts Co,SGF,MEM,E,527.2,2,22,21.2,24.0,127.23
SH00762,2026-09-28,S11,Ozark Building,SGF,TUL,P,1926.6,11,20,97.2,96.3,443.92
SH00763,2026-09-28,S03,Paper Mill Supply,STL,SGF,P,1380.2,6,18,84.5,76.7,371.42
SH00764,2026-09-28,S09,Tulsa Beverage,TUL,MEM,E,1552.7,9,28,58.1,55.5,380.69
SH00765,2026-09-28,S03,Paper Mill Supply,STL,MEM,P,2208.3,9,18,121.6,122.7,645.56
SH00766,2026-09-28,S07,Memphis Machinery,MEM,MKC,E,1526.4,6,25,54.1,61.1,350.21
SH00767,2026-09-28,S02,Ozark Furniture,SGF,TUL,P,277.2,1,7,44.0,39.6,55.82
SH00768,2026-09-28,S05,KC Food Dist,MKC,MEM,E,1279.6,6,30,46.0,42.7,292.69
SH00769,2026-09-28,S01,AutoParts Co,SGF,MEM,E,419.1,2,22,19.2,19.1,89.94
SH00770,2026-09-28,S05,KC Food Dist,MKC,SGF,P,2569.7,10,30,93.7,85.7,713.75
SH00771,2026-09-28,S04,Gateway Electronics,STL,MKC,P,478.5,2,10,47.0,47.8,127.71
SH00772,2026-09-28,S02,Ozark Furniture,SGF,MEM,P,561.1,3,7,81.2,80.2,145.86
SH00773,2026-09-28,S02,Ozark Furniture,SGF,MEM,P,637.8,2,7,99.7,91.1,186.76
SH00774,2026-09-28,S06,Midwest Apparel,MKC,TUL,E,517.6,2,8,69.8,64.7,120.27
SH00775,2026-09-28,S04,Gateway Electronics,STL,MKC,P,876.1,5,10,73.5,87.6,228.16
SH00776,2026-09-28,S03,Paper Mill Supply,STL,MEM,P,1666.9,6,18,92.7,92.6,486.48
SH00777,2026-09-28,S04,Gateway Electronics,STL,MEM,E,477.2,2,10,50.1,47.7,86.41
SH00778,2026-09-28,S12,Crossroads Retail,MKC,TUL,E,168.4,1,11,16.9,15.3,34.44
SH00779,2026-09-28,S04,Gateway Electronics,STL,MKC,P,80.0,1,10,8.0,8.0,20.94
SH00780,2026-09-28,S03,Paper Mill Supply,STL,SGF,E,819.9,3,18,46.7,45.5,150.02
SH00781,2026-09-28,S02,Ozark Furniture,SGF,STL,P,782.4,3,7,122.1,111.8,218.71
SH00782,2026-09-28,S04,Gateway Electronics,STL,MEM,P,400.4,2,10,43.0,40.0,125.29
SH00783,2026-09-28,S08,Delta Plastics,MEM,SGF,P,565.6,2,9,61.5,62.8,156.44
SH00784,2026-09-28,S12,Crossroads Retail,MKC,STL,E,668.3,2,11,62.9,60.8,147.8
SH00785,2026-09-28,S06,Midwest Apparel,MKC,MEM,P,661.6,4,8,86.6,82.7,174.95
SH00786,2026-09-28,S08,Delta Plastics,MEM,STL,P,529.3,3,9,57.8,58.8,155.68
SH00787,2026-09-28,S06,Midwest Apparel,MKC,STL,E,501.8,2,8,56.8,62.7,107.7
SH00788,2026-09-28,S04,Gateway Electronics,STL,SGF,P,583.9,2,10,61.2,58.4,149.37
SH00789,2026-09-28,S10,Plains Pharma,TUL,SGF,P,555.6,2,12,47.5,46.3,157.17
SH00790,2026-09-28,S01,AutoParts Co,SGF,STL,E,946.7,5,22,50.3,43.0,222.57
SH00791,2026-09-28,S08,Delta Plastics,MEM,TUL,E,860.0,3,9,96.8,95.6,214.73
SH00792,2026-09-28,S03,Paper Mill Supply,STL,SGF,P,1381.2,6,18,86.6,76.7,390.97
SH00793,2026-09-28,S04,Gateway Electronics,STL,MKC,E,203.8,1,10,20.6,20.4,37.6
SH00794,2026-09-28,S09,Tulsa Beverage,TUL,MEM,P,1864.2,14,28,69.0,66.6,551.65
SH00795,2026-09-28,S10,Plains Pharma,TUL,MKC,E,394.4,2,12,27.2,32.9,103.77
SH00796,2026-09-28,S03,Paper Mill Supply,STL,MKC,E,1145.5,5,18,56.0,63.6,241.31
SH00797,2026-09-28,S01,AutoParts Co,SGF,STL,E,326.5,2,22,16.7,14.8,64.34
SH00798,2026-09-28,S06,Midwest Apparel,MKC,MEM,E,591.2,2,8,82.8,73.9,153.09
SH00799,2026-09-28,S11,Ozark Building,SGF,TUL,E,1576.3,12,20,67.5,78.8,252.68
SH00800,2026-09-28,S04,Gateway Electronics,STL,MKC,P,608.2,2,10,77.7,60.8,160.88
SH00801,2026-09-28,S06,Midwest Apparel,MKC,TUL,P,892.1,3,8,97.9,111.5,259.32
SH00802,2026-09-28,S04,Gateway Electronics,STL,SGF,E,128.5,1,10,14.9,12.9,28.03
SH00803,2026-09-28,S02,Ozark Furniture,SGF,STL,P,931.3,5,7,121.3,133.0,272.82
SH00804,2026-09-28,S10,Plains Pharma,TUL,SGF,P,434.8,1,12,37.5,36.2,122.61
SH00805,2026-09-28,S09,Tulsa Beverage,TUL,STL,E,2127.1,16,28,68.7,76.0,523.6
SH00806,2026-09-28,S05,KC Food Dist,MKC,STL,E,1852.2,12,30,44.1,61.7,402.68
SH00807,2026-09-28,S06,Midwest Apparel,MKC,TUL,E,88.2,1,8,11.0,11.0,19.25
SH00808,2026-09-28,S10,Plains Pharma,TUL,MEM,E,143.3,1,12,12.1,11.9,39.23
SH00809,2026-09-28,S09,Tulsa Beverage,TUL,SGF,P,1488.3,8,28,60.2,53.2,388.01
SH00810,2026-09-28,S06,Midwest Apparel,MKC,TUL,E,580.2,2,8,64.3,72.5,136.37
SH00811,2026-09-28,S10,Plains Pharma,TUL,MEM,P,278.8,1,12,23.2,23.2,83.06
SH00812,2026-09-28,S04,Gateway Electronics,STL,MEM,P,525.3,4,10,53.4,52.5,155.49
SH00813,2026-09-28,S03,Paper Mill Supply,STL,MKC,P,1114.6,4,18,60.8,61.9,312.03
SH00814,2026-09-28,S04,Gateway Electronics,STL,MKC,E,348.9,1,10,39.6,34.9,87.76
SH00815,2026-09-28,S09,Tulsa Beverage,TUL,MEM,P,741.3,5,28,21.5,26.5,229.71
SH00816,2026-09-28,S12,Crossroads Retail,MKC,TUL,P,919.5,4,11,87.3,83.6,268.02
SH00817,2026-09-28,S07,Memphis Machinery,MEM,MKC,E,2840.0,16,25,123.4,113.6,661.47
SH00818,2026-09-28,S12,Crossroads Retail,MKC,SGF,E,885.8,6,11,89.2,80.5,179.6
SH00819,2026-09-28,S08,Delta Plastics,MEM,STL,P,1585.3,8,9,178.7,176.1,459.95
SH00820,2026-09-28,S06,Midwest Apparel,MKC,STL,E,454.5,1,8,54.2,56.8,107.9
SH00821,2026-09-28,S04,Gateway Electronics,STL,SGF,E,553.5,2,10,51.6,55.3,103.0
SH00822,2026-09-28,S03,Paper Mill Supply,STL,MKC,E,731.6,4,18,36.4,40.6,163.1
SH00823,2026-09-28,S03,Paper Mill Supply,STL,MKC,P,1046.1,8,18,51.1,58.1,283.48
SH00824,2026-09-28,S08,Delta Plastics,MEM,SGF,E,523.3,2,9,56.2,58.1,112.76
SH00825,2026-09-28,S10,Plains Pharma,TUL,MEM,E,619.2,2,12,54.0,51.6,141.91
SH00826,2026-09-28,S01,AutoParts Co,SGF,STL,E,1570.1,10,22,61.6,71.4,363.05
SH00827,2026-09-28,S09,Tulsa Beverage,TUL,SGF,P,1279.9,6,28,52.5,45.7,288.84
SH00828,2026-09-28,S02,Ozark Furniture,SGF,STL,P,944.4,5,7,152.3,134.9,248.72
SH00829,2026-09-28,S08,Delta Plastics,MEM,STL,P,602.9,2,9,66.0,67.0,168.06
SH00830,2026-09-28,S06,Midwest Apparel,MKC,STL,P,705.6,4,8,93.1,88.2,196.39
SH00831,2026-09-28,S04,Gateway Electronics,STL,TUL,E,530.5,2,10,63.8,53.0,137.92
SH00832,2026-09-28,S02,Ozark Furniture,SGF,MKC,E,378.7,1,7,39.9,54.1,81.98
SH00833,2026-09-28,S05,KC Food Dist,MKC,STL,P,2477.4,9,30,80.3,82.6,723.18
SH00834,2026-09-28,S08,Delta Plastics,MEM,STL,E,1065.3,4,9,103.6,118.4,248.93
SH00835,2026-09-28,S01,AutoParts Co,SGF,STL,E,561.3,2,22,26.3,25.5,123.9
SH00836,2026-09-28,S03,Paper Mill Supply,STL,SGF,P,1367.8,5,18,83.6,76.0,384.75
SH00837,2026-09-28,S01,AutoParts Co,SGF,MKC,E,1156.2,4,22,56.8,52.6,267.1
SH00838,2026-09-28,S01,AutoParts Co,SGF,TUL,P,547.1,2,22,19.5,24.9,152.32
SH00839,2026-09-28,S01,AutoParts Co,SGF,MKC,P,774.8,4,22,34.6,35.2,196.65
SH00840,2026-09-28,S02,Ozark Furniture,SGF,TUL,P,597.5,2,7,90.6,85.4,154.93
SH00841,2026-09-28,S01,AutoParts Co,SGF,MKC,P,1043.2,7,22,47.5,47.4,290.45
SH00842,2026-09-28,S07,Memphis Machinery,MEM,STL,P,2860.4,22,25,117.4,114.4,838.88
SH00843,2026-09-28,S06,Midwest Apparel,MKC,MEM,P,743.3,3,8,80.8,92.9,214.55
SH00844,2026-09-28,S02,Ozark Furniture,SGF,STL,E,598.4,4,7,90.5,85.5,125.77
SH00845,2026-09-28,S01,AutoParts Co,SGF,MKC,P,630.9,2,22,29.5,28.7,164.64
SH00846,2026-09-28,S06,Midwest Apparel,MKC,STL,P,451.6,2,8,55.6,56.5,128.91
SH00847,2026-09-28,S12,Crossroads Retail,MKC,MEM,E,585.3,2,11,43.7,53.2,140.3
SH00848,2026-09-28,S06,Midwest Apparel,MKC,TUL,E,543.3,2,8,61.2,67.9,123.17
SH00849,2026-09-28,S01,AutoParts Co,SGF,TUL,P,1430.4,11,22,68.7,65.0,359.87
SH00850,2026-09-28,S08,Delta Plastics,MEM,TUL,P,603.0,4,9,70.1,67.0,202.67
SH00851,2026-09-28,S06,Midwest Apparel,MKC,SGF,P,338.3,1,8,36.1,42.3,86.06
SH00852,2026-09-28,S03,Paper Mill Supply,STL,MKC,P,1744.2,10,18,85.1,96.9,539.16
SH00853,2026-09-28,S04,Gateway Electronics,STL,MEM,E,794.7,4,10,90.5,79.5,212.09
SH00854,2026-09-28,S04,Gateway Electronics,STL,TUL,E,643.6,2,10,61.6,64.4,169.3
SH00855,2026-09-28,S05,KC Food Dist,MKC,SGF,E,834.2,3,30,31.3,27.8,149.2
SH00856,2026-09-28,S07,Memphis Machinery,MEM,STL,E,1116.3,8,25,40.2,44.7,219.08
SH00857,2026-09-28,S11,Ozark Building,SGF,MKC,P,2703.0,21,20,141.0,135.2,696.32
SH00858,2026-09-28,S11,Ozark Building,SGF,MKC,E,780.8,3,20,37.9,39.0,144.38
SH00859,2026-09-28,S09,Tulsa Beverage,TUL,STL,E,1760.1,7,28,72.3,62.9,420.33
SH00860,2026-09-28,S09,Tulsa Beverage,TUL,SGF,P,1414.0,6,28,46.0,50.5,426.15
SH00861,2026-09-28,S01,AutoParts Co,SGF,MKC,P,1250.7,8,22,60.5,56.9,261.48
SH00862,2026-09-28,S09,Tulsa Beverage,TUL,SGF,P,1249.0,4,28,50.2,44.6,343.55
SH00863,2026-09-28,S06,Midwest Apparel,MKC,SGF,P,504.8,3,8,62.3,63.1,124.09
SH00864,2026-09-28,S11,Ozark Building,SGF,STL,P,1166.1,7,20,67.5,58.3,275.78
SH00865,2026-09-28,S07,Memphis Machinery,MEM,TUL,P,1684.1,9,25,75.5,67.4,444.11
SH00866,2026-09-28,S07,Memphis Machinery,MEM,SGF,E,2211.6,11,25,85.7,88.5,532.29
SH00867,2026-09-28,S10,Plains Pharma,TUL,SGF,E,356.0,2,12,29.2,29.7,77.37
SH00868,2026-09-28,S07,Memphis Machinery,MEM,MKC,P,1858.2,10,25,63.1,74.3,537.67
SH00869,2026-09-28,S05,KC Food Dist,MKC,TUL,P,1237.3,8,30,40.3,41.2,359.99
SH00870,2026-09-28,S03,Paper Mill Supply,STL,MKC,P,664.5,4,18,32.0,36.9,207.89
SH00871,2026-09-28,S08,Delta Plastics,MEM,STL,P,356.4,1,9,39.0,39.6,112.59
SH00872,2026-09-28,S02,Ozark Furniture,SGF,STL,P,1117.3,7,7,136.7,159.6,324.13
SH00873,2026-09-28,S07,Memphis Machinery,MEM,SGF,P,2897.7,13,25,103.8,115.9,856.31
SH00874,2026-09-28,S02,Ozark Furniture,SGF,MEM,E,333.2,2,7,45.3,47.6,85.14
SH00875,2026-09-28,S08,Delta Plastics,MEM,TUL,E,1028.0,7,9,109.4,114.2,283.04
SH00876,2026-09-28,S11,Ozark Building,SGF,MEM,P,1288.8,6,20,74.3,64.4,415.83
SH00877,2026-09-28,S06,Midwest Apparel,MKC,SGF,E,519.7,3,8,63.5,65.0,93.92
SH00878,2026-09-28,S10,Plains Pharma,TUL,MEM,P,742.8,3,12,63.5,61.9,257.07
SH00879,2026-09-28,S04,Gateway Electronics,STL,MEM,E,787.7,3,10,76.5,78.8,165.29
SH00880,2026-09-28,S06,Midwest Apparel,MKC,STL,P,234.1,1,8,28.8,29.3,66.11
SH00881,2026-09-28,S08,Delta Plastics,MEM,STL,P,968.1,4,9,102.6,107.6,302.46
SH00882,2026-09-28,S02,Ozark Furniture,SGF,TUL,P,760.3,3,7,116.8,108.6,236.98
SH00883,2026-09-28,S03,Paper Mill Supply,STL,MEM,E,2095.7,8,18,102.6,116.4,505.2
SH00884,2026-09-28,S11,Ozark Building,SGF,STL,E,917.3,6,20,41.1,45.9,206.27
SH00885,2026-09-28,S08,Delta Plastics,MEM,SGF,P,1456.6,8,9,189.3,161.8,452.54
SH00886,2026-09-28,S05,KC Food Dist,MKC,TUL,P,1514.1,8,30,50.3,50.5,429.93
SH00887,2026-09-28,S06,Midwest Apparel,MKC,SGF,P,626.1,2,8,71.2,78.3,185.11
SH00888,2026-09-28,S05,KC Food Dist,MKC,STL,P,1866.5,12,30,59.2,62.2,500.18
SH00889,2026-09-28,S09,Tulsa Beverage,TUL,SGF,P,1724.4,9,28,63.8,61.6,414.25
SH00890,2026-09-28,S11,Ozark Building,SGF,TUL,P,1110.2,5,20,54.8,55.5,330.04
SH00891,2026-09-28,S04,Gateway Electronics,STL,MKC,P,405.6,2,10,43.4,40.6,97.11
SH00892,2026-09-28,S11,Ozark Building,SGF,MEM,E,949.1,6,20,46.0,47.5,219.54
SH00893,2026-09-28,S06,Midwest Apparel,MKC,MEM,P,674.1,3,8,91.3,84.3,180.67
SH00894,2026-09-28,S07,Memphis Machinery,MEM,STL,P,1764.5,10,25,74.9,70.6,528.33
SH00895,2026-09-28,S06,Midwest Apparel,MKC,SGF,P,854.8,3,8,99.2,106.8,242.39
SH00896,2026-09-28,S03,Paper Mill Supply,STL,SGF,P,728.4,4,18,47.2,40.5,188.82
SH00897,2026-09-28,S02,Ozark Furniture,SGF,MEM,E,1035.2,4,7,134.8,147.9,230.34
SH00898,2026-09-28,S07,Memphis Machinery,MEM,STL,P,1230.2,9,25,43.3,49.2,351.06
SH00899,2026-09-28,S02,Ozark Furniture,SGF,MKC,P,1290.2,8,7,176.8,184.3,335.11
SH00900,2026-09-28,S09,Tulsa Beverage,TUL,STL,P,1266.3,5,28,48.7,45.2,369.63
SH00901,2026-09-28,S04,Gateway Electronics,STL,MEM,E,360.3,1,10,40.6,36.0,71.72
SH00902,2026-09-28,S04,Gateway Electronics,STL,SGF,E,80.0,1,10,8.2,8.0,18.05
SH00903,2026-09-28,S09,Tulsa Beverage,TUL,STL,P,1841.9,12,28,59.1,65.8,560.48
SH00904,2026-09-28,S05,KC Food Dist,MKC,TUL,E,1969.0,13,30,51.4,65.6,421.1
SH00905,2026-09-28,S12,Crossroads Retail,MKC,SGF,P,544.0,2,11,41.7,49.5,140.02
SH00906,2026-09-28,S03,Paper Mill Supply,STL,MKC,E,882.4,3,18,53.1,49.0,163.87
SH00907,2026-09-28,S08,Delta Plastics,MEM,STL,P,514.7,1,9,58.8,57.2,144.51
SH00908,2026-09-28,S02,Ozark Furniture,SGF,TUL,P,990.8,6,7,156.1,141.5,251.75
SH00909,2026-09-28,S07,Memphis Machinery,MEM,TUL,P,1638.4,8,25,62.6,65.5,476.14
SH00910,2026-09-28,S05,KC Food Dist,MKC,STL,P,1304.0,5,30,42.7,43.5,345.69
SH00911,2026-09-28,S03,Paper Mill Supply,STL,MEM,E,1123.4,7,18,70.8,62.4,255.8
SH00912,2026-09-28,S04,Gateway Electronics,STL,TUL,E,178.0,1,10,17.4,17.8,42.76
SH00913,2026-09-28,S06,Midwest Apparel,MKC,SGF,E,401.9,1,8,50.2,50.2,86.69
SH00914,2026-09-28,S05,KC Food Dist,MKC,TUL,P,1578.1,8,30,53.8,52.6,465.16
SH00915,2026-09-28,S07,Memphis Machinery,MEM,SGF,P,2766.6,12,25,102.4,110.7,863.79
SH00916,2026-09-28,S03,Paper Mill Supply,STL,MKC,P,1534.6,8,18,95.6,85.3,467.33
SH00917,2026-09-28,S01,AutoParts Co,SGF,MEM,E,131.1,1,22,5.8,6.0,33.98
SH00918,2026-09-28,S11,Ozark Building,SGF,MEM,P,1746.4,7,20,82.5,87.3,492.34
SH00919,2026-09-28,S10,Plains Pharma,TUL,SGF,E,251.5,1,12,20.6,21.0,53.9
SH00920,2026-09-28,S04,Gateway Electronics,STL,SGF,P,880.4,4,10,86.9,88.0,225.92
SH00921,2026-09-28,S11,Ozark Building,SGF,TUL,E,1566.1,6,20,82.1,78.3,304.11
SH00922,2026-09-28,S10,Plains Pharma,TUL,MEM,P,509.4,3,12,36.5,42.4,151.54
SH00923,2026-09-28,S04,Gateway Electronics,STL,MKC,P,379.5,2,10,42.2,38.0,100.82
SH00924,2026-09-28,S06,Midwest Apparel,MKC,TUL,P,695.2,2,8,94.6,86.9,198.62
SH00925,2026-09-28,S03,Paper Mill Supply,STL,SGF,E,733.9,4,18,44.8,40.8,132.69
SH00926,2026-09-28,S01,AutoParts Co,SGF,TUL,P,783.2,3,22,36.3,35.6,183.05
SH00927,2026-09-28,S03,Paper Mill Supply,STL,SGF,P,716.6,3,18,38.0,39.8,199.77
SH00928,2026-09-28,S03,Paper Mill Supply,STL,TUL,P,1191.7,5,18,78.4,66.2,344.13
SH00929,2026-09-28,S03,Paper Mill Supply,STL,MEM,P,1482.3,8,18,81.8,82.3,395.61
SH00930,2026-09-28,S03,Paper Mill Supply,STL,TUL,P,833.4,5,18,43.7,46.3,216.76
SH00931,2026-09-28,S02,Ozark Furniture,SGF,STL,E,478.2,2,7,74.4,68.3,96.06
SH00932,2026-09-28,S03,Paper Mill Supply,STL,SGF,P,600.8,4,18,29.5,33.4,146.32
SH00933,2026-09-28,S10,Plains Pharma,TUL,STL,E,594.5,3,12,48.8,49.5,132.01
SH00934,2026-09-28,S03,Paper Mill Supply,STL,MKC,E,1991.8,8,18,118.2,110.7,470.56
SH00935,2026-09-28,S04,Gateway Electronics,STL,MKC,P,287.4,1,10,35.2,28.7,65.65
SH00936,2026-09-28,S04,Gateway Electronics,STL,MEM,E,333.4,2,10,38.1,33.3,76.17
SH00937,2026-09-28,S07,Memphis Machinery,MEM,TUL,P,748.7,3,25,27.2,29.9,235.35
SH00938,2026-09-28,S08,Delta Plastics,MEM,SGF,P,620.0,5,9,79.8,68.9,168.5
SH00939,2026-09-28,S04,Gateway Electronics,STL,SGF,P,579.5,4,10,55.7,58.0,148.3
SH00940,2026-09-28,S11,Ozark Building,SGF,MKC,P,1376.6,5,20,69.9,68.8,363.33
SH00941,2026-09-28,S08,Delta Plastics,MEM,STL,E,559.8,3,9,60.0,62.2,137.8
SH00942,2026-09-28,S06,Midwest Apparel,MKC,STL,P,567.1,3,8,71.4,70.9,136.05
SH00943,2026-09-28,S09,Tulsa Beverage,TUL,MKC,P,1421.2,9,28,55.3,50.8,369.06
SH00944,2026-09-28,S11,Ozark Building,SGF,TUL,E,625.3,3,20,33.2,31.3,139.1
SH00945,2026-09-28,S03,Paper Mill Supply,STL,SGF,E,1530.8,11,18,93.9,85.0,274.67
SH00946,2026-09-28,S11,Ozark Building,SGF,MEM,P,1433.0,11,20,55.2,71.7,414.48
SH00947,2026-09-28,S02,Ozark Furniture,SGF,MEM,E,1039.5,8,7,173.7,148.5,236.13
SH00948,2026-09-28,S10,Plains Pharma,TUL,MKC,P,367.7,1,12,34.9,30.6,99.98
SH00949,2026-09-28,S03,Paper Mill Supply,STL,SGF,P,832.1,6,18,48.2,46.2,212.1
SH00950,2026-09-28,S08,Delta Plastics,MEM,STL,P,1592.7,7,9,177.0,177.0,404.56
SH00951,2026-09-28,S03,Paper Mill Supply,STL,SGF,E,682.7,2,18,33.5,37.9,153.22
SH00952,2026-09-28,S06,Midwest Apparel,MKC,STL,P,892.9,5,8,118.8,111.6,243.5
SH00953,2026-09-28,S10,Plains Pharma,TUL,STL,E,533.0,3,12,44.6,44.4,120.88
SH00954,2026-09-28,S05,KC Food Dist,MKC,TUL,P,1990.6,16,30,61.5,66.4,506.51
SH00955,2026-09-28,S01,AutoParts Co,SGF,STL,P,1404.9,6,22,72.3,63.9,384.74
SH00956,2026-09-28,S05,KC Food Dist,MKC,STL,P,872.8,5,30,28.7,29.1,252.57
SH00957,2026-09-28,S07,Memphis Machinery,MEM,STL,E,1635.7,7,25,75.4,65.4,382.39
SH00958,2026-09-28,S12,Crossroads Retail,MKC,STL,P,936.9,7,11,95.4,85.2,263.77
SH00959,2026-09-28,S10,Plains Pharma,TUL,SGF,P,284.5,1,12,27.8,23.7,75.87
SH00960,2026-09-28,S06,Midwest Apparel,MKC,STL,E,539.9,3,8,70.2,67.5,106.1
SH00961,2026-09-28,S01,AutoParts Co,SGF,STL,E,1142.2,7,22,46.7,51.9,265.29
SH00962,2026-09-28,S01,AutoParts Co,SGF,MEM,P,920.1,5,22,31.8,41.8,261.52
SH00963,2026-09-28,S01,AutoParts Co,SGF,MKC,P,1244.7,8,22,55.5,56.6,300.78
SH00964,2026-09-28,S07,Memphis Machinery,MEM,TUL,P,2029.8,10,25,71.4,81.2,607.15
SH00965,2026-09-28,S02,Ozark Furniture,SGF,MKC,P,80.0,1,7,10.6,11.4,20.6
SH00966,2026-09-28,S01,AutoParts Co,SGF,MKC,E,1233.0,9,22,61.3,56.0,255.82
SH00967,2026-09-28,S11,Ozark Building,SGF,TUL,P,1059.3,5,20,46.6,53.0,241.28
SH00968,2026-09-28,S07,Memphis Machinery,MEM,SGF,E,3411.0,23,25,155.1,136.4,840.36
SH00969,2026-09-28,S05,KC Food Dist,MKC,STL,P,1809.9,14,30,64.9,60.3,505.5
SH00970,2026-09-28,S08,Delta Plastics,MEM,STL,E,936.0,7,9,95.1,104.0,220.29
SH00971,2026-09-28,S11,Ozark Building,SGF,MKC,P,742.1,4,20,35.8,37.1,199.27
SH00972,2026-09-28,S02,Ozark Furniture,SGF,STL,E,692.6,3,7,98.2,98.9,156.84
SH00973,2026-09-28,S04,Gateway Electronics,STL,MEM,E,407.6,1,10,43.8,40.8,86.64
SH00974,2026-09-28,S07,Memphis Machinery,MEM,TUL,P,705.4,3,25,27.0,28.2,206.34
SH00975,2026-09-28,S02,Ozark Furniture,SGF,MEM,P,437.9,3,7,68.5,62.6,128.02
SH00976,2026-09-28,S07,Memphis Machinery,MEM,STL,P,2692.5,12,25,98.0,107.7,817.97
SH00977,2026-09-28,S05,KC Food Dist,MKC,TUL,P,1928.3,10,30,63.0,64.3,567.88
SH00978,2026-09-28,S02,Ozark Furniture,SGF,TUL,P,577.4,4,7,78.5,82.5,153.88
SH00979,2026-09-28,S11,Ozark Building,SGF,STL,E,1371.1,6,20,70.6,68.6,292.05
SH00980,2026-09-28,S11,Ozark Building,SGF,TUL,P,913.7,4,20,37.2,45.7,238.33
SH00981,2026-09-28,S07,Memphis Machinery,MEM,TUL,P,2855.5,13,25,108.8,114.2,853.97
SH00982,2026-09-28,S09,Tulsa Beverage,TUL,MKC,P,1817.9,9,28,61.1,64.9,449.71
SH00983,2026-09-28,S06,Midwest Apparel,MKC,TUL,E,633.5,2,8,86.6,79.2,153.36
SH00984,2026-09-28,S01,AutoParts Co,SGF,TUL,P,852.7,5,22,37.3,38.8,207.39
SH00985,2026-09-28,S06,Midwest Apparel,MKC,STL,P,682.3,3,8,85.2,85.3,191.0
SH00986,2026-09-28,S03,Paper Mill Supply,STL,MKC,P,1736.5,8,18,98.5,96.5,445.36
SH00987,2026-09-28,S03,Paper Mill Supply,STL,SGF,P,506.3,1,18,25.5,28.1,125.82
SH00988,2026-09-28,S01,AutoParts Co,SGF,MEM,P,445.0,2,22,22.1,20.2,120.8
SH00989,2026-09-28,S08,Delta Plastics,MEM,TUL,P,962.5,3,9,104.0,106.9,296.05
SH00990,2026-09-28,S04,Gateway Electronics,STL,SGF,E,480.3,2,10,42.6,48.0,104.12
SH00991,2026-09-28,S06,Midwest Apparel,MKC,STL,P,537.9,2,8,82.8,67.2,130.58
SH00992,2026-09-28,S04,Gateway Electronics,STL,MKC,P,459.3,2,10,45.0,45.9,141.65
SH00993,2026-09-28,S01,AutoParts Co,SGF,STL,P,766.5,5,22,30.3,34.8,207.13
SH00994,2026-09-28,S02,Ozark Furniture,SGF,STL,P,374.9,1,7,49.5,53.6,95.85
SH00995,2026-09-28,S08,Delta Plastics,MEM,STL,P,620.7,3,9,71.0,69.0,188.95
SH00996,2026-09-28,S05,KC Food Dist,MKC,SGF,P,1377.6,7,30,49.1,45.9,355.1
SH00997,2026-09-28,S06,Midwest Apparel,MKC,STL,E,541.9,3,8,72.3,67.7,143.19
SH00998,2026-09-28,S03,Paper Mill Supply,STL,MEM,E,1297.5,6,18,81.4,72.1,323.84
SH00999,2026-09-28,S07,Memphis Machinery,MEM,STL,E,1397.4,5,25,56.7,55.9,292.71
SH01000,2026-09-28,S10,Plains Pharma,TUL,MEM,E,460.3,1,12,41.5,38.4,137.29
SH01001,2026-09-28,S09,Tulsa Beverage,TUL,MKC,E,2770.0,11,28,84.3,98.9,561.07
SH01002,2026-09-28,S01,AutoParts Co,SGF,TUL,E,755.8,4,22,28.5,34.4,122.93
SH01003,2026-09-28,S09,Tulsa Beverage,TUL,MKC,P,2683.6,10,28,102.8,95.8,779.27
SH01004,2026-09-28,S08,Delta Plastics,MEM,SGF,P,836.2,5,9,95.3,92.9,262.72
SH01005,2026-09-28,S02,Ozark Furniture,SGF,MEM,P,315.9,2,7,49.4,45.1,92.79
SH01006,2026-09-28,S02,Ozark Furniture,SGF,STL,E,1301.0,7,7,212.7,185.9,246.86
SH01007,2026-09-28,S01,AutoParts Co,SGF,MEM,P,609.3,3,22,30.7,27.7,177.22
SH01008,2026-09-28,S05,KC Food Dist,MKC,SGF,E,1771.7,11,30,53.2,59.1,396.65
SH01009,2026-09-28,S01,AutoParts Co,SGF,STL,E,998.7,6,22,47.0,45.4,232.03
SH01010,2026-09-28,S11,Ozark Building,SGF,MKC,E,1498.7,8,20,77.4,74.9,334.74
SH01011,2026-09-28,S01,AutoParts Co,SGF,STL,P,980.7,4,22,44.4,44.6,250.95
SH01012,2026-09-28,S08,Delta Plastics,MEM,STL,P,1082.6,8,9,124.2,120.3,296.03
SH01013,2026-09-28,S05,KC Food Dist,MKC,MEM,E,791.8,5,30,22.9,26.4,194.59
SH01014,2026-09-28,S05,KC Food Dist,MKC,MEM,P,2014.3,15,30,70.3,67.1,634.86
SH01015,2026-09-28,S03,Paper Mill Supply,STL,SGF,P,1269.5,8,18,65.2,70.5,352.96
SH01016,2026-09-28,S01,AutoParts Co,SGF,MKC,P,904.2,5,22,33.8,41.1,248.55
SH01017,2026-09-28,S08,Delta Plastics,MEM,TUL,P,1004.3,4,9,104.6,111.6,294.83
SH01018,2026-09-28,S01,AutoParts Co,SGF,MKC,P,814.8,4,22,38.7,37.0,207.71
SH01019,2026-09-28,S03,Paper Mill Supply,STL,SGF,E,1384.4,6,18,74.3,76.9,281.12
SH01020,2026-09-28,S02,Ozark Furniture,SGF,TUL,E,692.3,3,7,95.6,98.9,149.29
SH01021,2026-09-28,S05,KC Food Dist,MKC,STL,P,530.0,2,30,16.6,17.7,133.72
SH01022,2026-09-28,S01,AutoParts Co,SGF,TUL,P,711.0,5,22,33.5,32.3,170.44
SH01023,2026-09-28,S06,Midwest Apparel,MKC,STL,P,929.7,4,8,96.0,116.2,276.79
SH01024,2026-09-28,S03,Paper Mill Supply,STL,SGF,P,1016.9,5,18,56.9,56.5,252.61
SH01025,2026-09-28,S11,Ozark Building,SGF,MKC,E,1849.8,7,20,90.0,92.5,409.96
SH01026,2026-09-28,S01,AutoParts Co,SGF,STL,P,557.8,2,22,26.0,25.4,139.16
SH01027,2026-09-28,S03,Paper Mill Supply,STL,MEM,P,1026.4,4,18,51.5,57.0,274.72
SH01028,2026-09-28,S07,Memphis Machinery,MEM,SGF,P,2037.7,10,25,79.5,81.5,586.6
SH01029,2026-09-28,S02,Ozark Furniture,SGF,MKC,P,1043.0,8,7,144.1,149.0,262.59
SH01030,2026-09-28,S05,KC Food Dist,MKC,MEM,P,2007.5,10,30,73.4,66.9,559.64
SH01031,2026-09-28,S01,AutoParts Co,SGF,STL,P,615.4,4,22,31.2,28.0,156.49
SH01032,2026-09-28,S12,Crossroads Retail,MKC,MEM,P,1307.3,5,11,129.9,118.8,357.34
SH01033,2026-09-28,S09,Tulsa Beverage,TUL,STL,P,1375.3,6,28,45.5,49.1,457.84
SH01034,2026-09-28,S01,AutoParts Co,SGF,MKC,P,1097.7,4,22,53.8,49.9,295.71
SH01035,2026-09-28,S08,Delta Plastics,MEM,TUL,E,1010.7,6,9,122.1,112.3,287.91
SH01036,2026-09-28,S02,Ozark Furniture,SGF,MKC,E,784.8,3,7,124.2,112.1,182.69
SH01037,2026-09-28,S07,Memphis Machinery,MEM,STL,P,1468.7,5,25,75.7,58.7,471.75
SH01038,2026-09-28,S05,KC Food Dist,MKC,TUL,E,1486.4,7,30,52.4,49.5,358.91
SH01039,2026-09-28,S06,Midwest Apparel,MKC,TUL,P,995.8,5,8,130.6,124.5,282.38
SH01040,2026-09-28,S12,Crossroads Retail,MKC,STL,P,1430.5,6,11,126.9,130.0,370.25
SH01041,2026-09-28,S01,AutoParts Co,SGF,STL,P,1252.5,7,22,51.8,56.9,315.09
SH01042,2026-09-28,S12,Crossroads Retail,MKC,SGF,P,1175.3,7,11,97.0,106.8,306.24
SH01043,2026-09-28,S06,Midwest Apparel,MKC,TUL,P,405.6,2,8,53.8,50.7,103.01
SH01044,2026-09-28,S12,Crossroads Retail,MKC,SGF,P,968.2,6,11,102.7,88.0,240.54
SH01045,2026-09-28,S05,KC Food Dist,MKC,STL,E,729.2,4,30,29.1,24.3,162.38
SH01046,2026-09-28,S01,AutoParts Co,SGF,STL,P,1224.9,7,22,62.0,55.7,299.39
SH01047,2026-09-28,S02,Ozark Furniture,SGF,TUL,P,794.1,6,7,121.8,113.4,222.31
SH01048,2026-09-28,S02,Ozark Furniture,SGF,STL,P,640.4,2,7,88.1,91.5,179.17
SH01049,2026-09-28,S07,Memphis Machinery,MEM,STL,E,872.6,3,25,30.9,34.9,192.59
SH01050,2026-09-28,S03,Paper Mill Supply,STL,SGF,P,1363.1,8,18,74.3,75.7,338.32
SH01051,2026-09-28,S10,Plains Pharma,TUL,SGF,E,500.5,2,12,33.1,41.7,89.17
SH01052,2026-09-28,S05,KC Food Dist,MKC,SGF,P,1790.1,8,30,61.0,59.7,448.79
SH01053,2026-09-28,S12,Crossroads Retail,MKC,MEM,P,80.0,1,11,6.9,7.3,25.82
SH01054,2026-09-28,S01,AutoParts Co,SGF,TUL,P,907.8,4,22,41.9,41.3,228.68
SH01055,2026-09-28,S07,Memphis Machinery,MEM,STL,P,2083.3,11,25,74.3,83.3,595.93
SH01056,2026-09-28,S05,KC Food Dist,MKC,MEM,P,1565.9,8,30,56.9,52.2,452.17
SH01057,2026-09-28,S01,AutoParts Co,SGF,MKC,P,1041.2,7,22,43.5,47.3,268.21
SH01058,2026-09-28,S01,AutoParts Co,SGF,MKC,E,1163.8,6,22,47.5,52.9,217.93
SH01059,2026-09-28,S01,AutoParts Co,SGF,MKC,P,1408.0,8,22,56.6,64.0,327.86
SH01060,2026-09-28,S01,AutoParts Co,SGF,MKC,E,1140.5,8,22,59.0,51.8,229.69
SH01061,2026-09-28,S10,Plains Pharma,TUL,STL,P,80.0,1,12,6.8,6.7,21.87
SH01062,2026-09-28,S11,Ozark Building,SGF,MEM,E,1357.5,7,20,74.9,67.9,365.94
SH01063,2026-09-28,S03,Paper Mill Supply,STL,MEM,E,1770.0,9,18,108.9,98.3,369.44
SH01064,2026-09-28,S08,Delta Plastics,MEM,STL,E,918.1,4,9,90.0,102.0,185.03
SH01065,2026-09-28,S09,Tulsa Beverage,TUL,SGF,P,1437.9,5,28,49.6,51.4,377.04
SH01066,2026-09-28,S10,Plains Pharma,TUL,MEM,P,452.8,2,12,40.3,37.7,131.54
SH01067,2026-09-28,S03,Paper Mill Supply,STL,MEM,E,1358.1,7,18,86.5,75.4,322.37
SH01068,2026-09-28,S01,AutoParts Co,SGF,MKC,P,718.9,2,22,39.1,32.7,163.66
SH01069,2026-09-28,S01,AutoParts Co,SGF,STL,P,783.2,4,22,38.0,35.6,207.56
SH01070,2026-09-28,S05,KC Food Dist,MKC,SGF,E,1395.8,8,30,35.7,46.5,263.41
SH01071,2026-09-28,S11,Ozark Building,SGF,TUL,E,1000.9,7,20,54.4,50.0,208.98
SH01072,2026-09-28,S04,Gateway Electronics,STL,SGF,E,467.5,3,10,47.2,46.8,105.29
SH01073,2026-09-28,S05,KC Food Dist,MKC,TUL,E,828.3,3,30,33.5,27.6,169.84
SH01074,2026-09-28,S03,Paper Mill Supply,STL,SGF,P,1094.9,5,18,64.1,60.8,279.41
SH01075,2026-09-28,S07,Memphis Machinery,MEM,SGF,E,2843.2,19,25,112.8,113.7,578.89
SH01076,2026-09-28,S01,AutoParts Co,SGF,TUL,P,1144.6,5,22,46.9,52.0,307.7
SH01077,2026-09-28,S06,Midwest Apparel,MKC,STL,E,528.0,2,8,61.3,66.0,118.28
SH01078,2026-09-28,S05,KC Food Dist,MKC,MEM,E,1735.4,9,30,70.7,57.8,395.41
SH01079,2026-09-28,S11,Ozark Building,SGF,STL,E,1256.2,5,20,66.7,62.8,268.49
SH01080,2026-09-28,S02,Ozark Furniture,SGF,TUL,P,1101.7,5,7,177.7,157.4,292.89
SH01081,2026-09-28,S10,Plains Pharma,TUL,MKC,P,134.4,1,12,9.1,11.2,36.56
SH01082,2026-09-28,S04,Gateway Electronics,STL,MEM,P,352.9,2,10,37.6,35.3,99.23
SH01083,2026-09-28,S06,Midwest Apparel,MKC,TUL,P,455.9,1,8,62.3,57.0,113.79
SH01084,2026-09-28,S05,KC Food Dist,MKC,STL,E,922.0,3,30,27.7,30.7,215.26
SH01085,2026-09-28,S07,Memphis Machinery,MEM,STL,P,2138.0,11,25,81.3,85.5,527.66
SH01086,2026-09-28,S08,Delta Plastics,MEM,TUL,P,566.7,4,9,64.6,63.0,158.76
SH01087,2026-09-28,S04,Gateway Electronics,STL,MEM,P,540.0,2,10,45.8,54.0,163.25
SH01088,2026-09-28,S05,KC Food Dist,MKC,SGF,E,1908.3,8,30,55.8,63.6,368.95
SH01089,2026-09-28,S10,Plains Pharma,TUL,MEM,E,479.8,2,12,41.4,40.0,126.85
SH01090,2026-09-28,S09,Tulsa Beverage,TUL,MEM,P,2479.5,11,28,89.6,88.6,763.41
SH01091,2026-09-28,S10,Plains Pharma,TUL,SGF,P,233.4,1,12,19.9,19.4,55.38
SH01092,2026-09-28,S09,Tulsa Beverage,TUL,MKC,E,1185.3,6,28,39.6,42.3,241.5
SH01093,2026-09-28,S05,KC Food Dist,MKC,MEM,E,1082.0,6,30,37.7,36.1,260.71
SH01094,2026-09-28,S01,AutoParts Co,SGF,STL,P,1310.1,5,22,54.5,59.6,378.91
SH01095,2026-09-28,S03,Paper Mill Supply,STL,MEM,P,1454.7,7,18,82.4,80.8,393.0
SH01096,2026-09-28,S02,Ozark Furniture,SGF,MEM,E,717.4,3,7,98.6,102.5,173.79
SH01097,2026-09-28,S01,AutoParts Co,SGF,TUL,P,1473.1,6,22,62.3,67.0,376.17
SH01098,2026-09-28,S05,KC Food Dist,MKC,MEM,P,1614.2,8,30,60.0,53.8,476.92
SH01099,2026-09-28,S11,Ozark Building,SGF,MKC,E,1024.0,6,20,53.8,51.2,194.28
SH01100,2026-09-28,S03,Paper Mill Supply,STL,MEM,E,1719.1,7,18,109.7,95.5,380.8
SH01101,2026-09-28,S05,KC Food Dist,MKC,TUL,E,2299.7,10,30,68.4,76.7,460.03
SH01102,2026-09-28,S08,Delta Plastics,MEM,MKC,E,796.2,4,9,86.6,88.5,193.91
SH01103,2026-09-28,S09,Tulsa Beverage,TUL,MEM,E,1611.2,7,28,57.7,57.5,388.16
SH01104,2026-09-28,S06,Midwest Apparel,MKC,TUL,E,615.9,4,8,75.0,77.0,125.98
SH01105,2026-09-28,S01,AutoParts Co,SGF,TUL,P,1284.7,8,22,57.6,58.4,346.25
SH01106,2026-09-28,S04,Gateway Electronics,STL,MEM,P,316.0,2,10,29.0,31.6,75.12
SH01107,2026-09-28,S04,Gateway Electronics,STL,SGF,P,807.4,5,10,86.2,80.7,224.89
SH01108,2026-09-28,S08,Delta Plastics,MEM,SGF,P,1254.5,9,9,130.3,139.4,347.6
SH01109,2026-09-28,S08,Delta Plastics,MEM,STL,P,362.8,1,9,39.4,40.3,96.28
SH01110,2026-09-28,S11,Ozark Building,SGF,TUL,P,1001.2,6,20,52.3,50.1,225.47
SH01111,2026-09-28,S10,Plains Pharma,TUL,MEM,E,421.5,2,12,31.8,35.1,101.19
SH01112,2026-09-28,S12,Crossroads Retail,MKC,TUL,P,938.1,5,11,86.2,85.3,247.58
SH01113,2026-09-28,S03,Paper Mill Supply,STL,MKC,P,1078.5,4,18,55.7,59.9,317.83
SH01114,2026-09-28,S03,Paper Mill Supply,STL,MKC,P,1344.8,5,18,67.2,74.7,350.15
SH01115,2026-09-28,S07,Memphis Machinery,MEM,MKC,P,1533.5,6,25,64.0,61.3,457.8
SH01116,2026-09-28,S01,AutoParts Co,SGF,STL,P,826.2,3,22,33.7,37.6,221.05
SH01117,2026-09-28,S07,Memphis Machinery,MEM,STL,E,2043.3,10,25,84.6,81.7,488.47
SH01118,2026-09-28,S09,Tulsa Beverage,TUL,MEM,P,128.9,1,28,5.0,4.6,36.36
SH01119,2026-09-28,S01,AutoParts Co,SGF,STL,P,511.5,2,22,22.4,23.2,151.13
SH01120,2026-09-28,S07,Memphis Machinery,MEM,SGF,P,3399.2,22,25,141.9,136.0,992.5
SH01121,2026-09-28,S01,AutoParts Co,SGF,TUL,E,611.1,2,22,27.4,27.8,115.68
SH01122,2026-09-28,S01,AutoParts Co,SGF,MKC,P,762.3,3,22,33.0,34.6,209.96
SH01123,2026-09-28,S09,Tulsa Beverage,TUL,SGF,P,2341.7,9,28,88.2,83.6,620.98
SH01124,2026-09-28,S09,Tulsa Beverage,TUL,STL,P,1498.7,9,28,58.6,53.5,442.0
SH01125,2026-09-28,S01,AutoParts Co,SGF,MEM,E,927.8,3,22,44.1,42.2,188.36
SH01126,2026-09-28,S03,Paper Mill Supply,STL,MEM,P,842.7,6,18,51.6,46.8,234.16
SH01127,2026-09-28,S04,Gateway Electronics,STL,MEM,P,149.2,1,10,14.1,14.9,44.54
SH01128,2026-09-28,S07,Memphis Machinery,MEM,TUL,P,1583.0,6,25,67.3,63.3,503.57
SH01129,2026-09-28,S05,KC Food Dist,MKC,TUL,E,1963.7,8,30,73.8,65.5,420.97
SH01130,2026-09-28,S07,Memphis Machinery,MEM,TUL,P,3101.0,21,25,144.1,124.0,936.33
SH01131,2026-09-28,S03,Paper Mill Supply,STL,MEM,P,1535.4,8,18,74.7,85.3,434.53
SH01132,2026-09-28,S06,Midwest Apparel,MKC,TUL,E,732.4,3,8,91.2,91.5,162.17
SH01133,2026-09-28,S05,KC Food Dist,MKC,SGF,P,1393.4,6,30,47.6,46.4,354.88
SH01134,2026-09-28,S03,Paper Mill Supply,STL,MEM,E,1477.8,11,18,75.5,82.1,387.77
SH01135,2026-09-28,S05,KC Food Dist,MKC,SGF,P,1276.5,5,30,42.2,42.6,359.0
SH01136,2026-09-28,S05,KC Food Dist,MKC,STL,E,1210.5,6,30,39.4,40.3,284.34
SH01137,2026-09-28,S09,Tulsa Beverage,TUL,MKC,P,824.7,3,28,28.0,29.5,233.83
SH01138,2026-09-28,S11,Ozark Building,SGF,MEM,P,1530.0,9,20,79.8,76.5,405.07
SH01139,2026-09-28,S08,Delta Plastics,MEM,STL,E,842.8,6,9,88.5,93.6,168.58
SH01140,2026-09-28,S01,AutoParts Co,SGF,TUL,E,791.0,4,22,37.7,36.0,124.9
SH01141,2026-09-28,S09,Tulsa Beverage,TUL,SGF,P,2014.4,13,28,82.7,71.9,547.08
SH01142,2026-09-28,S03,Paper Mill Supply,STL,MEM,P,727.3,3,18,40.1,40.4,179.97
SH01143,2026-09-28,S05,KC Food Dist,MKC,MEM,P,1029.7,5,30,35.9,34.3,304.18
SH01144,2026-09-28,S06,Midwest Apparel,MKC,MEM,E,1119.7,5,8,114.0,140.0,268.87
SH01145,2026-09-28,S09,Tulsa Beverage,TUL,SGF,P,1883.6,13,28,64.7,67.3,454.99
SH01146,2026-09-28,S01,AutoParts Co,SGF,MEM,P,948.1,7,22,45.3,43.1,285.57
SH01147,2026-09-28,S07,Memphis Machinery,MEM,SGF,E,1902.1,11,25,67.0,76.1,439.63
SH01148,2026-09-28,S01,AutoParts Co,SGF,TUL,P,712.3,3,22,28.8,32.4,188.8
SH01149,2026-09-28,S07,Memphis Machinery,MEM,STL,P,2021.9,11,25,89.4,80.9,564.16
SH01150,2026-09-28,S01,AutoParts Co,SGF,MKC,P,1611.0,6,22,91.2,73.2,374.55
SH01151,2026-09-28,S01,AutoParts Co,SGF,MEM,P,738.8,5,22,34.1,33.6,204.37
SH01152,2026-09-28,S01,AutoParts Co,SGF,MEM,P,1244.3,5,22,54.2,56.6,323.69
SH01153,2026-09-28,S11,Ozark Building,SGF,STL,P,1734.0,8,20,89.5,86.7,488.67
SH01154,2026-09-28,S05,KC Food Dist,MKC,MEM,E,1883.8,10,30,55.1,62.8,461.62
SH01155,2026-09-28,S07,Memphis Machinery,MEM,STL,E,2052.0,10,25,78.1,82.1,439.68
SH01156,2026-09-28,S01,AutoParts Co,SGF,MKC,E,1337.4,7,22,60.8,60.8,315.53
SH01157,2026-09-28,S01,AutoParts Co,SGF,MEM,P,1066.7,6,22,46.0,48.5,319.32
SH01158,2026-09-28,S01,AutoParts Co,SGF,STL,P,827.8,3,22,37.4,37.6,215.11
SH01159,2026-09-28,S07,Memphis Machinery,MEM,MKC,P,1523.4,8,25,59.3,60.9,432.03
SH01160,2026-09-28,S07,Memphis Machinery,MEM,SGF,E,2299.8,9,25,78.8,92.0,513.5
SH01161,2026-09-28,S09,Tulsa Beverage,TUL,MKC,P,1106.9,5,28,37.3,39.5,326.2
SH01162,2026-09-28,S01,AutoParts Co,SGF,MEM,P,1060.9,4,22,48.9,48.2,293.4
SH01163,2026-09-28,S08,Delta Plastics,MEM,STL,E,565.8,4,9,65.6,62.9,138.66
SH01164,2026-09-28,S07,Memphis Machinery,MEM,MKC,P,1507.0,9,25,58.2,60.3,444.08
SH01165,2026-09-28,S08,Delta Plastics,MEM,STL,E,221.9,1,9,22.2,24.7,57.72
SH01166,2026-09-28,S12,Crossroads Retail,MKC,TUL,P,779.4,3,11,80.6,70.9,224.7
SH01167,2026-09-28,S10,Plains Pharma,TUL,SGF,P,500.4,2,12,39.6,41.7,117.0
SH01168,2026-09-28,S01,AutoParts Co,SGF,STL,P,1020.2,4,22,51.4,46.4,243.75
SH01169,2026-09-28,S08,Delta Plastics,MEM,MKC,P,891.7,4,9,88.8,99.1,246.87
SH01170,2026-09-28,S06,Midwest Apparel,MKC,SGF,E,620.6,2,8,76.3,77.6,109.4
SH01171,2026-09-28,S07,Memphis Machinery,MEM,TUL,P,1698.1,13,25,71.3,67.9,559.34
SH01172,2026-09-28,S08,Delta Plastics,MEM,TUL,P,426.0,2,9,60.5,47.3,131.83
SH01173,2026-09-28,S08,Delta Plastics,MEM,STL,P,569.5,3,9,69.3,63.3,149.19
SH01174,2026-09-28,S09,Tulsa Beverage,TUL,SGF,P,155.2,1,28,5.8,5.5,41.38
SH01175,2026-09-28,S09,Tulsa Beverage,TUL,MKC,P,1334.3,5,28,59.7,47.7,380.96
SH01176,2026-09-28,S05,KC Food Dist,MKC,STL,E,1813.7,10,30,61.7,60.5,439.44
SH01177,2026-09-28,S06,Midwest Apparel,MKC,SGF,P,80.0,1,8,10.4,10.0,25.73
SH01178,2026-09-28,S05,KC Food Dist,MKC,STL,P,2173.0,14,30,74.7,72.4,636.45
SH01179,2026-09-28,S08,Delta Plastics,MEM,MKC,P,560.3,3,9,59.7,62.3,164.71
SH01180,2026-09-28,S01,AutoParts Co,SGF,MKC,P,789.5,6,22,35.9,35.9,202.54
SH01181,2026-09-28,S07,Memphis Machinery,MEM,SGF,P,1149.5,4,25,46.6,46.0,360.42
SH01182,2026-09-28,S09,Tulsa Beverage,TUL,SGF,E,1623.2,7,28,59.8,58.0,361.47
SH01183,2026-09-28,S01,AutoParts Co,SGF,MKC,P,862.5,6,22,36.7,39.2,251.33
SH01184,2026-09-28,S03,Paper Mill Supply,STL,SGF,P,557.7,2,18,30.7,31.0,127.53
SH01185,2026-09-28,S08,Delta Plastics,MEM,MKC,P,940.7,4,9,84.5,104.5,280.43
SH01186,2026-09-28,S01,AutoParts Co,SGF,STL,P,424.9,3,22,20.6,19.3,104.47
SH01187,2026-09-28,S01,AutoParts Co,SGF,MEM,P,542.5,4,22,25.0,24.7,150.9
SH01188,2026-09-28,S08,Delta Plastics,MEM,TUL,E,303.8,1,9,32.8,33.8,79.46
SH01189,2026-09-28,S06,Midwest Apparel,MKC,SGF,P,628.4,3,8,64.2,78.5,165.22
SH01190,2026-09-28,S07,Memphis Machinery,MEM,MKC,E,1076.8,8,25,45.5,43.1,257.12
SH01191,2026-09-28,S10,Plains Pharma,TUL,STL,P,359.2,1,12,30.1,29.9,105.89
SH01192,2026-09-28,S07,Memphis Machinery,MEM,TUL,E,2376.4,18,25,90.3,95.1,608.25
SH01193,2026-09-28,S01,AutoParts Co,SGF,MEM,P,1382.0,10,22,68.8,62.8,393.27
SH01194,2026-09-28,S06,Midwest Apparel,MKC,MEM,P,577.3,4,8,76.1,72.2,182.87
SH01195,2026-09-28,S03,Paper Mill Supply,STL,SGF,P,1130.7,8,18,58.1,62.8,322.04
SH01196,2026-09-28,S06,Midwest Apparel,MKC,SGF,E,514.5,2,8,69.5,64.3,114.23
SH01197,2026-09-28,S09,Tulsa Beverage,TUL,SGF,E,2348.4,11,28,83.2,83.9,458.8
SH01198,2026-09-28,S03,Paper Mill Supply,STL,MKC,E,673.6,5,18,34.9,37.4,131.03
SH01199,2026-09-28,S01,AutoParts Co,SGF,STL,P,1410.9,9,22,65.4,64.1,393.23
SH01200,2026-09-28,S02,Ozark Furniture,SGF,TUL,E,606.2,2,7,64.2,86.6,122.92
SH01201,2026-09-28,S07,Memphis Machinery,MEM,SGF,P,1399.2,9,25,62.0,56.0,368.95
SH01202,2026-09-28,S03,Paper Mill Supply,STL,TUL,E,346.2,2,18,18.4,19.2,85.92
SH01203,2026-09-28,S04,Gateway Electronics,STL,SGF,P,710.6,3,10,81.0,71.1,176.75
SH01204,2026-09-28,S03,Paper Mill Supply,STL,MKC,E,794.2,4,18,45.1,44.1,188.98
SH01205,2026-09-28,S05,KC Food Dist,MKC,STL,P,1696.9,12,30,58.7,56.6,502.76
SH01206,2026-09-28,S03,Paper Mill Supply,STL,SGF,P,1224.4,8,18,67.8,68.0,371.68
SH01207,2026-09-28,S01,AutoParts Co,SGF,MEM,P,80.4,1,22,5.0,3.7,20.43
SH01208,2026-09-28,S09,Tulsa Beverage,TUL,STL,P,1791.6,7,28,62.0,64.0,553.13
SH01209,2026-09-28,S12,Crossroads Retail,MKC,STL,E,700.4,3,11,66.2,63.7,159.23
SH01210,2026-09-28,S06,Midwest Apparel,MKC,STL,P,1134.2,5,8,143.0,141.8,317.27
SH01211,2026-09-28,S09,Tulsa Beverage,TUL,SGF,E,1090.6,5,28,40.0,38.9,254.26
SH01212,2026-09-28,S01,AutoParts Co,SGF,STL,P,1292.4,6,22,46.7,58.7,357.14
SH01213,2026-09-28,S06,Midwest Apparel,MKC,SGF,P,476.9,2,8,63.5,59.6,116.24
SH01214,2026-09-28,S05,KC Food Dist,MKC,SGF,E,494.8,1,30,14.1,16.5,93.29
SH01215,2026-09-28,S12,Crossroads Retail,MKC,SGF,P,365.2,1,11,31.6,33.2,94.93
SH01216,2026-09-28,S03,Paper Mill Supply,STL,SGF,P,536.9,3,18,37.0,29.8,130.05
SH01217,2026-09-28,S04,Gateway Electronics,STL,MKC,P,225.6,1,10,23.1,22.6,60.56
SH01218,2026-09-28,S12,Crossroads Retail,MKC,STL,E,80.0,1,11,7.4,7.3,19.66
SH01219,2026-09-28,S04,Gateway Electronics,STL,MKC,P,736.6,3,10,74.0,73.7,182.46
SH01220,2026-09-28,S05,KC Food Dist,MKC,TUL,E,1140.5,9,30,39.6,38.0,238.9
SH01221,2026-09-28,S01,AutoParts Co,SGF,TUL,E,740.4,3,22,31.3,33.7,159.01
SH01222,2026-09-28,S08,Delta Plastics,MEM,MKC,E,787.0,3,9,88.3,87.4,170.43
SH01223,2026-09-28,S05,KC Food Dist,MKC,SGF,E,2057.3,11,30,65.4,68.6,481.02
SH01224,2026-09-28,S07,Memphis Machinery,MEM,TUL,P,2159.8,13,25,85.1,86.4,610.38
SH01225,2026-09-28,S01,AutoParts Co,SGF,STL,E,338.3,1,22,16.3,15.4,72.81
SH01226,2026-09-28,S08,Delta Plastics,MEM,STL,P,598.5,3,9,65.8,66.5,174.94
SH01227,2026-09-28,S01,AutoParts Co,SGF,MEM,E,783.3,3,22,40.3,35.6,180.08
SH01228,2026-09-28,S02,Ozark Furniture,SGF,MEM,E,595.2,4,7,79.9,85.0,144.11
SH01229,2026-09-28,S02,Ozark Furniture,SGF,STL,P,595.1,3,7,82.4,85.0,148.38
SH01230,2026-09-28,S11,Ozark Building,SGF,MEM,E,1007.0,3,20,58.3,50.4,246.91
SH01231,2026-09-28,S03,Paper Mill Supply,STL,MKC,P,546.7,3,18,33.8,30.4,143.6
SH01232,2026-09-28,S01,AutoParts Co,SGF,STL,P,817.3,5,22,46.1,37.1,219.71
SH01233,2026-09-28,S03,Paper Mill Supply,STL,SGF,E,1079.4,4,18,67.4,60.0,212.75
SH01234,2026-09-28,S10,Plains Pharma,TUL,STL,E,568.8,4,12,48.5,47.4,138.75
SH01235,2026-09-28,S11,Ozark Building,SGF,MEM,E,1992.4,12,20,97.6,99.6,403.14
SH01236,2026-09-28,S10,Plains Pharma,TUL,SGF,P,184.1,1,12,14.6,15.3,48.19
SH01237,2026-09-28,S04,Gateway Electronics,STL,MEM,P,230.7,1,10,20.2,23.1,69.04
SH01238,2026-09-28,S08,Delta Plastics,MEM,MKC,E,619.8,3,9,80.9,68.9,159.7
SH01239,2026-09-28,S01,AutoParts Co,SGF,MEM,P,908.2,5,22,42.0,41.3,280.91
SH01240,2026-09-28,S09,Tulsa Beverage,TUL,MEM,P,845.5,4,28,31.9,30.2,248.86
SH01241,2026-09-28,S01,AutoParts Co,SGF,STL,P,279.5,2,22,11.8,12.7,70.11
SH01242,2026-09-28,S09,Tulsa Beverage,TUL,SGF,P,1108.4,5,28,36.2,39.6,338.64
SH01243,2026-09-28,S07,Memphis Machinery,MEM,TUL,P,2312.1,11,25,100.6,92.5,694.7
SH01244,2026-09-28,S03,Paper Mill Supply,STL,MKC,P,1181.3,4,18,69.7,65.6,297.21
SH01245,2026-09-28,S02,Ozark Furniture,SGF,TUL,E,326.4,1,7,42.4,46.6,63.41
SH01246,2026-09-28,S08,Delta Plastics,MEM,SGF,E,766.3,3,9,84.5,85.1,197.0
SH01247,2026-09-28,S01,AutoParts Co,SGF,MEM,E,902.5,3,22,38.6,41.0,199.92
SH01248,2026-09-28,S12,Crossroads Retail,MKC,TUL,P,437.0,3,11,43.6,39.7,121.87
SH01249,2026-09-28,S05,KC Food Dist,MKC,SGF,P,1398.0,9,30,48.7,46.6,389.03
SH01250,2026-09-28,S12,Crossroads Retail,MKC,TUL,P,80.0,1,11,8.2,7.3,24.27
SH01251,2026-09-28,S12,Crossroads Retail,MKC,STL,E,697.6,3,11,64.5,63.4,165.32
SH01252,2026-09-28,S01,AutoParts Co,SGF,STL,P,664.1,2,22,31.8,30.2,182.43
SH01253,2026-09-28,S03,Paper Mill Supply,STL,MEM,E,1229.0,8,18,63.8,68.3,268.95
SH01254,2026-09-28,S10,Plains Pharma,TUL,STL,E,446.4,2,12,41.9,37.2,105.54
SH01255,2026-09-28,S09,Tulsa Beverage,TUL,MEM,P,2786.0,11,28,94.4,99.5,892.12
SH01256,2026-09-28,S09,Tulsa Beverage,TUL,STL,E,1498.0,6,28,63.3,53.5,358.57
SH01257,2026-09-28,S02,Ozark Furniture,SGF,MKC,P,764.7,3,7,116.6,109.2,174.8
SH01258,2026-09-28,S06,Midwest Apparel,MKC,TUL,E,688.3,5,8,79.7,86.0,142.06
SH01259,2026-09-28,S10,Plains Pharma,TUL,MEM,P,91.1,1,12,6.9,7.6,28.79
SH01260,2026-09-28,S03,Paper Mill Supply,STL,MEM,E,1287.0,8,18,75.8,71.5,325.15
SH01261,2026-09-28,S05,KC Food Dist,MKC,TUL,P,2156.2,10,30,41.7,71.9,516.38
SH01262,2026-09-28,S02,Ozark Furniture,SGF,STL,P,1124.9,5,7,157.3,160.7,300.55
SH01263,2026-09-28,S02,Ozark Furniture,SGF,MKC,P,585.1,3,7,89.7,83.6,154.32
SH01264,2026-09-28,S10,Plains Pharma,TUL,MKC,P,352.9,1,12,26.8,29.4,97.38
SH01265,2026-09-28,S01,AutoParts Co,SGF,MEM,E,771.3,5,22,35.9,35.1,167.24
SH01266,2026-09-28,S02,Ozark Furniture,SGF,MEM,P,846.3,3,7,130.4,120.9,257.84
SH01267,2026-09-28,S01,AutoParts Co,SGF,MKC,P,843.3,5,22,34.8,38.3,228.33
SH01268,2026-09-28,S05,KC Food Dist,MKC,SGF,P,1213.1,5,30,39.3,40.4,348.77
SH01269,2026-09-28,S09,Tulsa Beverage,TUL,SGF,E,2433.5,17,28,88.4,86.9,473.64
SH01270,2026-09-28,S06,Midwest Apparel,MKC,MEM,P,726.8,3,8,93.3,90.9,223.03
SH01271,2026-09-28,S01,AutoParts Co,SGF,TUL,E,801.3,4,22,37.8,36.4,172.26
SH01272,2026-09-28,S12,Crossroads Retail,MKC,SGF,E,962.1,5,11,92.7,87.5,207.71
SH01273,2026-09-28,S08,Delta Plastics,MEM,MKC,P,1257.2,7,9,181.4,139.7,321.99
SH01274,2026-09-28,S06,Midwest Apparel,MKC,TUL,P,727.2,3,8,72.3,90.9,201.9
SH01275,2026-09-28,S01,AutoParts Co,SGF,TUL,E,782.4,3,22,31.7,35.6,133.67
SH01276,2026-09-28,S01,AutoParts Co,SGF,MKC,P,910.4,5,22,48.1,41.4,266.83
SH01277,2026-09-28,S01,AutoParts Co,SGF,TUL,E,1579.4,7,22,62.8,71.8,358.17
SH01278,2026-09-28,S10,Plains Pharma,TUL,MEM,P,459.4,3,12,32.9,38.3,156.21
SH01279,2026-09-28,S07,Memphis Machinery,MEM,SGF,E,1408.5,10,25,58.2,56.3,358.66
SH01280,2026-09-28,S08,Delta Plastics,MEM,SGF,E,680.6,4,9,74.5,75.6,151.51
SH01281,2026-09-28,S08,Delta Plastics,MEM,SGF,E,1064.6,4,9,106.9,118.3,249.0
SH01282,2026-09-28,S08,Delta Plastics,MEM,TUL,P,941.5,5,9,109.2,104.6,272.25
SH01283,2026-09-28,S06,Midwest Apparel,MKC,STL,E,659.0,3,8,83.0,82.4,141.9
SH01284,2026-09-28,S09,Tulsa Beverage,TUL,MEM,E,1974.6,14,28,64.0,70.5,464.35
SH01285,2026-09-28,S09,Tulsa Beverage,TUL,MKC,E,2524.3,10,28,85.4,90.2,625.65
SH01286,2026-09-28,S04,Gateway Electronics,STL,MEM,E,523.7,2,10,49.7,52.4,110.86
SH01287,2026-09-28,S08,Delta Plastics,MEM,STL,P,725.9,3,9,77.1,80.7,167.74
SH01288,2026-09-28,S04,Gateway Electronics,STL,MKC,P,560.6,2,10,59.1,56.1,138.9
SH01289,2026-09-28,S11,Ozark Building,SGF,STL,E,2032.7,12,20,127.7,101.6,521.0
SH01290,2026-09-28,S07,Memphis Machinery,MEM,STL,P,2168.7,8,25,85.6,86.7,692.77
SH01291,2026-09-28,S02,Ozark Furniture,SGF,TUL,P,1147.2,6,7,165.1,163.9,314.61
SH01292,2026-09-28,S05,KC Food Dist,MKC,SGF,E,1227.7,6,30,46.9,40.9,255.2
SH01293,2026-09-28,S09,Tulsa Beverage,TUL,SGF,P,2914.2,14,28,104.5,104.1,745.84
SH01294,2026-09-28,S12,Crossroads Retail,MKC,SGF,P,759.6,3,11,62.6,69.1,215.89
SH01295,2026-09-28,S01,AutoParts Co,SGF,MEM,P,1464.8,7,22,72.2,66.6,378.58
SH01296,2026-09-28,S01,AutoParts Co,SGF,MKC,P,1508.1,8,22,73.8,68.6,398.54
SH01297,2026-09-28,S09,Tulsa Beverage,TUL,MKC,E,1900.3,9,28,66.2,67.9,397.62
SH01298,2026-09-28,S12,Crossroads Retail,MKC,SGF,P,728.6,3,11,54.6,66.2,169.59
SH01299,2026-09-28,S10,Plains Pharma,TUL,MEM,P,379.6,2,12,29.0,31.6,113.84
SH01300,2026-09-28,S05,KC Food Dist,MKC,SGF,P,1440.4,10,30,51.1,48.0,329.78
SH01301,2026-09-28,S07,Memphis Machinery,MEM,STL,E,1667.2,8,25,50.6,66.7,344.9
SH01302,2026-09-28,S07,Memphis Machinery,MEM,TUL,E,1672.1,10,25,63.3,66.9,376.05
SH01303,2026-09-28,S04,Gateway Electronics,STL,SGF,E,370.4,1,10,36.7,37.0,75.7
SH01304,2026-09-28,S08,Delta Plastics,MEM,MKC,E,668.4,5,9,63.8,74.3,165.05
SH01305,2026-09-28,S05,KC Food Dist,MKC,MEM,E,1506.8,7,30,45.6,50.2,346.15
SH01306,2026-09-28,S09,Tulsa Beverage,TUL,MEM,E,940.4,6,28,34.9,33.6,240.42
SH01307,2026-09-28,S10,Plains Pharma,TUL,SGF,E,621.8,4,12,52.3,51.8,125.41
SH01308,2026-09-28,S09,Tulsa Beverage,TUL,STL,P,2492.6,11,28,95.0,89.0,708.83
SH01309,2026-09-28,S05,KC Food Dist,MKC,TUL,E,1958.5,8,30,65.7,65.3,417.32
SH01310,2026-09-28,S05,KC Food Dist,MKC,STL,E,1507.4,10,30,55.8,50.2,370.61
SH01311,2026-09-28,S01,AutoParts Co,SGF,MEM,E,1255.5,6,22,55.3,57.1,322.65
SH01312,2026-09-28,S01,AutoParts Co,SGF,MKC,E,579.2,4,22,22.2,26.3,130.48
SH01313,2026-09-28,S06,Midwest Apparel,MKC,STL,E,755.9,6,8,101.5,94.5,172.49
SH01314,2026-09-28,S06,Midwest Apparel,MKC,SGF,P,194.2,1,8,23.1,24.3,49.83
SH01315,2026-09-28,S05,KC Food Dist,MKC,TUL,P,1376.5,6,30,55.3,45.9,348.53
SH01316,2026-09-28,S10,Plains Pharma,TUL,SGF,E,211.4,1,12,18.7,17.6,44.2
SH01317,2026-09-28,S05,KC Food Dist,MKC,SGF,P,1624.8,10,30,56.2,54.2,432.41
SH01318,2026-09-28,S11,Ozark Building,SGF,MEM,P,1238.0,5,20,65.3,61.9,381.59
SH01319,2026-09-28,S03,Paper Mill Supply,STL,MKC,P,1817.8,7,18,104.7,101.0,478.13
SH01320,2026-09-28,S04,Gateway Electronics,STL,MKC,E,118.6,1,10,10.5,11.9,24.33
SH01321,2026-09-28,S04,Gateway Electronics,STL,MKC,P,437.2,1,10,41.1,43.7,111.32
SH01322,2026-09-28,S10,Plains Pharma,TUL,MEM,E,669.2,2,12,55.7,55.8,171.0
SH01323,2026-09-28,S11,Ozark Building,SGF,STL,P,2734.2,17,20,141.3,136.7,792.55
SH01324,2026-09-28,S01,AutoParts Co,SGF,MKC,P,1205.4,9,22,57.9,54.8,307.69
SH01325,2026-09-28,S01,AutoParts Co,SGF,STL,P,1285.9,8,22,53.9,58.4,360.07
SH01326,2026-09-28,S05,KC Food Dist,MKC,STL,P,945.7,5,30,26.5,31.5,259.74
SH01327,2026-09-28,S01,AutoParts Co,SGF,STL,E,763.5,3,22,36.9,34.7,172.01
SH01328,2026-09-28,S04,Gateway Electronics,STL,SGF,E,788.6,3,10,75.2,78.9,187.92
SH01329,2026-09-28,S04,Gateway Electronics,STL,SGF,P,390.0,2,10,35.3,39.0,93.72
SH01330,2026-09-28,S05,KC Food Dist,MKC,MEM,E,1520.4,6,30,43.0,50.7,342.04
SH01331,2026-09-28,S02,Ozark Furniture,SGF,STL,P,610.1,2,7,95.3,87.2,150.68
SH01332,2026-09-28,S04,Gateway Electronics,STL,MEM,E,715.1,3,10,69.8,71.5,156.93
SH01333,2026-09-28,S06,Midwest Apparel,MKC,STL,P,351.6,1,8,44.9,43.9,92.78
SH01334,2026-09-28,S01,AutoParts Co,SGF,STL,P,460.4,2,22,18.7,20.9,122.53
SH01335,2026-09-28,S09,Tulsa Beverage,TUL,MEM,P,2390.6,11,28,96.9,85.4,693.84
SH01336,2026-09-28,S09,Tulsa Beverage,TUL,STL,P,1816.7,8,28,65.8,64.9,542.96
SH01337,2026-09-28,S12,Crossroads Retail,MKC,MEM,P,846.1,5,11,58.4,76.9,247.17
SH01338,2026-09-28,S06,Midwest Apparel,MKC,TUL,E,400.6,1,8,55.7,50.1,100.71
SH01339,2026-09-28,S03,Paper Mill Supply,STL,MKC,P,350.9,1,18,18.5,19.5,96.63
SH01340,2026-09-28,S11,Ozark Building,SGF,MEM,P,235.9,1,20,12.7,11.8,62.06
SH01341,2026-09-28,S08,Delta Plastics,MEM,STL,P,372.5,2,9,33.7,41.4,104.52
SH01342,2026-09-28,S11,Ozark Building,SGF,TUL,E,1022.8,4,20,44.3,51.1,208.56
SH01343,2026-09-28,S10,Plains Pharma,TUL,MEM,P,416.4,3,12,30.5,34.7,132.99
SH01344,2026-09-28,S11,Ozark Building,SGF,MEM,P,2070.9,11,20,108.4,103.5,526.9
SH01345,2026-09-28,S08,Delta Plastics,MEM,SGF,P,579.8,2,9,61.9,64.4,163.86
SH01346,2026-09-28,S05,KC Food Dist,MKC,SGF,P,1808.0,7,30,53.0,60.3,467.78
SH01347,2026-09-28,S08,Delta Plastics,MEM,SGF,P,645.3,4,9,68.4,71.7,186.21
SH01348,2026-09-28,S01,AutoParts Co,SGF,STL,P,974.6,7,22,37.4,44.3,259.17
SH01349,2026-09-28,S10,Plains Pharma,TUL,MKC,P,442.3,1,12,37.1,36.9,134.97
SH01350,2026-09-28,S12,Crossroads Retail,MKC,MEM,P,1197.5,6,11,99.6,108.9,403.05
SH01351,2026-09-28,S04,Gateway Electronics,STL,TUL,P,534.6,4,10,60.4,53.5,164.53
SH01352,2026-09-28,S08,Delta Plastics,MEM,STL,E,544.1,2,9,58.4,60.5,104.64
SH01353,2026-09-28,S02,Ozark Furniture,SGF,STL,E,386.1,1,7,53.1,55.2,81.08
SH01354,2026-09-28,S03,Paper Mill Supply,STL,SGF,P,1184.3,9,18,61.8,65.8,336.24
SH01355,2026-09-28,S07,Memphis Machinery,MEM,TUL,P,1687.1,11,25,64.4,67.5,516.05
SH01356,2026-09-28,S04,Gateway Electronics,STL,MKC,P,557.1,3,10,62.9,55.7,126.11
SH01357,2026-09-28,S09,Tulsa Beverage,TUL,MEM,E,589.2,3,28,25.0,21.0,144.32
SH01358,2026-09-28,S05,KC Food Dist,MKC,STL,P,1508.3,9,30,60.5,50.3,392.3
SH01359,2026-09-28,S07,Memphis Machinery,MEM,STL,E,648.5,5,25,25.2,25.9,146.11
SH01360,2026-09-28,S05,KC Food Dist,MKC,MEM,E,1170.3,8,30,35.0,39.0,279.46
SH01361,2026-09-28,S02,Ozark Furniture,SGF,MEM,E,594.9,3,7,80.8,85.0,114.22
SH01362,2026-09-28,S02,Ozark Furniture,SGF,MKC,P,495.5,1,7,67.9,70.8,122.52
SH01363,2026-09-28,S09,Tulsa Beverage,TUL,SGF,P,1102.2,7,28,34.4,39.4,245.85
SH01364,2026-09-28,S05,KC Food Dist,MKC,MEM,E,1723.1,7,30,50.8,57.4,381.46
SH01365,2026-09-28,S02,Ozark Furniture,SGF,MEM,P,1141.0,7,7,166.1,163.0,308.49
