shipment_id,date,customer,origin,dest,product,weight_lbs,inferred_cube_cuft,path,handles,revenue_usd,pud_cost_usd,dock_cost_usd,linehaul_cost_usd,cost_to_serve_usd,margin_usd,margin_pct,leg_cost_detail
SH00001,2026-09-28,AutoParts Co,SGF,STL,P,676.4,30.7,SGF>STL,2,162.41,80.0,28.0,5.89,113.89,48.52,29.9,SGF>STL:$5.89
SH00002,2026-09-28,Crossroads Retail,MKC,MEM,E,1121.1,98.9,MKC>MEM,2,242.55,80.0,28.0,31.43,139.43,103.12,42.5,MKC>MEM:$31.43
SH00003,2026-09-28,Delta Plastics,MEM,MKC,E,617.9,69.9,MEM>MKC,2,160.66,80.0,28.0,22.22,130.22,30.44,18.9,MEM>MKC:$22.22
SH00004,2026-09-28,Paper Mill Supply,STL,SGF,P,1480.6,98.4,STL>SGF,2,347.8,80.0,28.0,18.87,126.87,220.93,63.5,STL>SGF:$18.87
SH00005,2026-09-28,Paper Mill Supply,STL,MKC,E,1389.8,84.0,STL>SGF>MEM>MKC,6,311.47,80.0,84.0,62.54,226.54,84.93,27.3,STL>SGF:$16.11;SGF>MEM:$19.74;MEM>MKC:$26.70
SH00006,2026-09-28,Tulsa Beverage,TUL,MEM,P,1261.9,43.8,TUL>SGF>MEM,4,341.12,80.0,56.0,16.87,152.87,188.25,55.2,TUL>SGF:$6.58;SGF>MEM:$10.29
SH00007,2026-09-28,AutoParts Co,SGF,TUL,P,1352.9,46.3,SGF>TUL,2,361.13,80.0,28.0,6.96,114.96,246.17,68.2,SGF>TUL:$6.96
SH00008,2026-09-28,Crossroads Retail,MKC,SGF,E,592.4,63.5,MKC>SGF,2,163.93,80.0,28.0,34.23,142.23,21.7,13.2,MKC>SGF:$34.23
SH00009,2026-09-28,Plains Pharma,TUL,SGF,P,293.0,23.5,TUL>SGF,2,70.78,80.0,28.0,3.53,111.53,-40.75,-57.6,TUL>SGF:$3.53
SH00010,2026-09-28,KC Food Dist,MKC,STL,P,1062.6,38.4,MKC>MEM>SGF>STL,6,314.0,80.0,84.0,28.59,192.59,121.41,38.7,MKC>MEM:$12.21;MEM>SGF:$9.02;SGF>STL:$7.36
SH00011,2026-09-28,KC Food Dist,MKC,LIT,E,1017.5,41.9,MKC>MEM>LIT,4,288.13,80.0,56.0,18.59,154.59,133.54,46.3,MKC>MEM:$13.32;MEM>LIT:$5.27
SH00012,2026-09-28,KC Food Dist,MKC,MEM,E,848.7,25.3,MKC>MEM,2,223.41,80.0,28.0,8.04,116.04,107.37,48.1,MKC>MEM:$8.04
SH00013,2026-09-28,Ozark Building,SGF,LIT,P,1081.1,54.2,SGF>LIT,2,331.58,80.0,28.0,119.67,227.67,103.91,31.3,SGF>LIT:$119.67
SH00014,2026-09-28,Midwest Apparel,MKC,MEM,P,566.5,54.1,MKC>MEM,2,168.99,80.0,28.0,17.2,125.2,43.79,25.9,MKC>MEM:$17.20
SH00015,2026-09-28,KC Food Dist,MKC,MEM,P,2189.8,80.5,MKC>MEM,2,629.17,80.0,28.0,25.59,133.59,495.58,78.8,MKC>MEM:$25.59
SH00016,2026-09-28,AutoParts Co,SGF,STL,P,639.5,26.2,SGF>STL,2,158.34,80.0,28.0,5.02,113.02,45.32,28.6,SGF>STL:$5.02
SH00017,2026-09-28,Midwest Apparel,MKC,LIT,P,804.7,95.3,MKC>MEM>LIT,4,272.08,80.0,56.0,42.29,178.29,93.79,34.5,MKC>MEM:$30.29;MEM>LIT:$12.00
SH00018,2026-09-28,KC Food Dist,MKC,MEM,P,1226.8,43.8,MKC>MEM,2,344.86,80.0,28.0,13.92,121.92,222.94,64.6,MKC>MEM:$13.92
SH00019,2026-09-28,AutoParts Co,SGF,MKC,P,1265.3,46.6,SGF>MKC,2,404.14,80.0,28.0,25.12,133.12,271.02,67.1,SGF>MKC:$25.12
SH00020,2026-09-28,KC Food Dist,MKC,TUL,E,2260.8,79.3,MKC>MEM>SGF>TUL,6,539.32,80.0,84.0,55.76,219.76,319.56,59.3,MKC>MEM:$25.20;MEM>SGF:$18.63;SGF>TUL:$11.92
SH00021,2026-09-28,AutoParts Co,SGF,TUL,P,1035.0,49.4,SGF>TUL,2,256.13,80.0,28.0,7.43,115.43,140.7,54.9,SGF>TUL:$7.43
SH00022,2026-09-28,AutoParts Co,SGF,MEM,E,793.6,32.9,SGF>MEM,2,198.56,80.0,28.0,7.73,115.73,82.83,41.7,SGF>MEM:$7.73
SH00023,2026-09-28,Memphis Machinery,MEM,MKC,P,1931.4,67.3,MEM>MKC,2,606.29,80.0,28.0,21.39,129.39,476.9,78.7,MEM>MKC:$21.39
SH00024,2026-09-28,Crossroads Retail,MKC,STL,E,581.1,58.4,MKC>MEM>SGF>STL,6,139.18,80.0,84.0,43.48,207.48,-68.3,-49.1,MKC>MEM:$18.56;MEM>SGF:$13.72;SGF>STL:$11.20
SH00025,2026-09-28,AutoParts Co,SGF,LIT,E,1444.9,67.4,SGF>MEM>LIT,4,385.26,80.0,56.0,24.32,160.32,224.94,58.4,SGF>MEM:$15.84;MEM>LIT:$8.48
SH00026,2026-09-28,Midwest Apparel,MKC,STL,P,177.5,22.3,MKC>MEM>SGF>STL,6,48.96,80.0,84.0,16.6,180.6,-131.64,-268.9,MKC>MEM:$7.09;MEM>SGF:$5.24;SGF>STL:$4.28
SH00027,2026-09-28,AutoParts Co,SGF,TUL,E,1020.2,50.9,SGF>TUL,2,166.47,80.0,28.0,7.65,115.65,50.82,30.5,SGF>TUL:$7.65
SH00028,2026-09-28,AutoParts Co,SGF,TUL,E,558.6,24.5,SGF>TUL,2,110.63,80.0,28.0,3.68,111.68,-1.05,-1.0,SGF>TUL:$3.68
SH00029,2026-09-28,River City Foods,LIT,TUL,E,1433.3,47.8,LIT>MEM>SGF>TUL,6,281.6,80.0,84.0,24.43,188.43,93.17,33.1,LIT>MEM:$6.02;MEM>SGF:$11.23;SGF>TUL:$7.18
SH00030,2026-09-28,Paper Mill Supply,STL,MKC,P,1620.6,99.7,STL>MKC,2,423.97,80.0,28.0,126.81,234.81,189.16,44.6,STL>MKC:$126.81
SH00031,2026-09-28,Delta Plastics,MEM,SGF,P,449.6,48.9,MEM>SGF,2,105.92,80.0,28.0,11.49,119.49,-13.57,-12.8,MEM>SGF:$11.49
SH00032,2026-09-28,KC Food Dist,MKC,STL,E,868.4,29.4,MKC>MEM>SGF>STL,6,173.82,80.0,84.0,21.89,185.89,-12.07,-6.9,MKC>MEM:$9.34;MEM>SGF:$6.91;SGF>STL:$5.64
SH00033,2026-09-28,Bluff City Apparel,MEM,LIT,E,853.3,131.6,MEM>LIT,2,192.55,80.0,28.0,16.57,124.57,67.98,35.3,MEM>LIT:$16.57
SH00034,2026-09-28,Gateway Electronics,STL,MKC,P,80.0,8.5,STL>MKC,2,21.0,80.0,28.0,10.81,118.81,-97.81,-465.8,STL>MKC:$10.81
SH00035,2026-09-28,Gateway Electronics,STL,LIT,E,935.5,93.7,STL>SGF>MEM>LIT,6,252.05,80.0,84.0,51.78,215.78,36.27,14.4,STL>SGF:$17.97;SGF>MEM:$22.01;MEM>LIT:$11.79
SH00036,2026-09-28,AutoParts Co,SGF,MEM,E,700.6,33.5,SGF>MEM,2,167.98,80.0,28.0,7.87,115.87,52.11,31.0,SGF>MEM:$7.87
SH00037,2026-09-28,AutoParts Co,SGF,MEM,E,475.7,22.6,SGF>MEM,2,108.57,80.0,28.0,5.31,113.31,-4.74,-4.4,SGF>MEM:$5.31
SH00038,2026-09-28,Delta Plastics,MEM,SGF,P,572.1,64.7,MEM>SGF,2,159.72,80.0,28.0,15.2,123.2,36.52,22.9,MEM>SGF:$15.20
SH00039,2026-09-28,Ozark Building,SGF,TUL,E,1548.0,73.6,SGF>TUL,2,357.8,80.0,28.0,11.06,119.06,238.74,66.7,SGF>TUL:$11.06
SH00040,2026-09-28,Midwest Apparel,MKC,MEM,P,484.6,58.1,MKC>MEM,2,168.05,80.0,28.0,18.47,126.47,41.58,24.7,MKC>MEM:$18.47
SH00041,2026-09-28,River City Foods,LIT,SGF,E,719.9,26.9,LIT>MEM>SGF,4,169.6,80.0,56.0,9.71,145.71,23.89,14.1,LIT>MEM:$3.39;MEM>SGF:$6.32
SH00042,2026-09-28,Midwest Apparel,MKC,MEM,E,1130.3,142.2,MKC>MEM,2,256.71,80.0,28.0,45.2,153.2,103.51,40.3,MKC>MEM:$45.20
SH00043,2026-09-28,Bluff City Apparel,MEM,TUL,P,648.5,88.7,MEM>TUL,2,161.83,80.0,28.0,230.6,338.6,-176.77,-109.2,MEM>TUL:$230.60
SH00044,2026-09-28,Crossroads Retail,MKC,MEM,P,346.0,31.4,MKC>MEM,2,103.94,80.0,28.0,9.98,117.98,-14.04,-13.5,MKC>MEM:$9.98
SH00045,2026-09-28,Ozark Furniture,SGF,MEM,P,1141.4,191.8,SGF>MEM,2,317.72,80.0,28.0,45.06,153.06,164.66,51.8,SGF>MEM:$45.06
SH00046,2026-09-28,Tulsa Beverage,TUL,STL,P,1135.1,46.2,TUL>SGF>STL,4,352.49,80.0,56.0,15.8,151.8,200.69,56.9,TUL>SGF:$6.94;SGF>STL:$8.86
SH00047,2026-09-28,Plains Pharma,TUL,SGF,P,514.9,48.7,TUL>SGF,2,130.22,80.0,28.0,7.32,115.32,14.9,11.4,TUL>SGF:$7.32
SH00048,2026-09-28,Midwest Apparel,MKC,MEM,P,405.9,52.6,MKC>MEM,2,106.12,80.0,28.0,16.72,124.72,-18.6,-17.5,MKC>MEM:$16.72
SH00049,2026-09-28,Tulsa Beverage,TUL,SGF,P,1689.4,64.3,TUL>SGF,2,435.59,80.0,28.0,9.66,117.66,317.93,73.0,TUL>SGF:$9.66
SH00050,2026-09-28,Bluff City Apparel,MEM,SGF,P,354.1,52.8,MEM>SGF,2,97.56,80.0,28.0,12.41,120.41,-22.85,-23.4,MEM>SGF:$12.41
SH00051,2026-09-28,Midwest Apparel,MKC,LIT,E,760.6,89.2,MKC>MEM>LIT,4,181.39,80.0,56.0,39.58,175.58,5.81,3.2,MKC>MEM:$28.35;MEM>LIT:$11.23
SH00052,2026-09-28,Midwest Apparel,MKC,MEM,P,821.7,109.6,MKC>MEM,2,246.38,80.0,28.0,34.84,142.84,103.54,42.0,MKC>MEM:$34.84
SH00053,2026-09-28,Paper Mill Supply,STL,MEM,P,772.2,43.1,STL>SGF>MEM,4,234.23,80.0,56.0,18.39,154.39,79.84,34.1,STL>SGF:$8.27;SGF>MEM:$10.13
SH00054,2026-09-28,Plains Pharma,TUL,MKC,P,205.6,16.2,TUL>SGF>MEM>MKC,6,51.1,80.0,84.0,11.39,175.39,-124.29,-243.2,TUL>SGF:$2.43;SGF>MEM:$3.81;MEM>MKC:$5.15
SH00055,2026-09-28,Tulsa Beverage,TUL,STL,E,393.2,15.0,TUL>SGF>STL,4,115.8,80.0,56.0,5.13,141.13,-25.33,-21.9,TUL>SGF:$2.25;SGF>STL:$2.88
SH00056,2026-09-28,River City Foods,LIT,MKC,E,916.0,37.2,LIT>MEM>MKC,4,195.56,80.0,56.0,16.51,152.51,43.05,22.0,LIT>MEM:$4.68;MEM>MKC:$11.82
SH00057,2026-09-28,Tulsa Beverage,TUL,STL,P,1358.9,48.6,TUL>SGF>STL,4,421.03,80.0,56.0,16.63,152.63,268.4,63.7,TUL>SGF:$7.30;SGF>STL:$9.32
SH00058,2026-09-28,Ozark Building,SGF,STL,E,1378.8,75.8,SGF>STL,2,288.26,80.0,28.0,14.54,122.54,165.72,57.5,SGF>STL:$14.54
SH00059,2026-09-28,Memphis Machinery,MEM,SGF,P,1208.7,52.0,MEM>SGF,2,346.11,80.0,28.0,12.22,120.22,225.89,65.3,MEM>SGF:$12.22
SH00060,2026-09-28,Ozark Building,SGF,STL,P,1723.7,79.7,SGF>STL,2,469.24,80.0,28.0,15.28,123.28,345.96,73.7,SGF>STL:$15.28
SH00061,2026-09-28,AutoParts Co,SGF,STL,E,1060.3,57.7,SGF>STL,2,219.39,80.0,28.0,11.07,119.07,100.32,45.7,SGF>STL:$11.07
SH00062,2026-09-28,AutoParts Co,SGF,STL,P,1128.0,51.5,SGF>STL,2,291.4,80.0,28.0,9.88,117.88,173.52,59.5,SGF>STL:$9.88
SH00063,2026-09-28,Ozark Furniture,SGF,TUL,P,946.5,98.7,SGF>TUL,2,232.32,80.0,28.0,14.84,122.84,109.48,47.1,SGF>TUL:$14.84
SH00064,2026-09-28,Midwest Apparel,MKC,SGF,E,629.2,78.0,MKC>SGF,2,163.22,80.0,28.0,42.05,150.05,13.17,8.1,MKC>SGF:$42.05
SH00065,2026-09-28,AutoParts Co,SGF,MKC,E,1053.5,48.8,SGF>MEM>MKC,4,253.48,80.0,56.0,26.98,162.98,90.5,35.7,SGF>MEM:$11.47;MEM>MKC:$15.51
SH00066,2026-09-28,Ozark Furniture,SGF,LIT,E,867.0,133.7,SGF>MEM>LIT,4,264.32,80.0,56.0,48.24,184.24,80.08,30.3,SGF>MEM:$31.41;MEM>LIT:$16.83
SH00067,2026-09-28,Delta Plastics,MEM,SGF,E,951.1,102.0,MEM>SGF,2,207.3,80.0,28.0,23.96,131.96,75.34,36.3,MEM>SGF:$23.96
SH00068,2026-09-28,Gateway Electronics,STL,MEM,E,697.3,65.1,STL>SGF>MEM,4,161.35,80.0,56.0,27.78,163.78,-2.43,-1.5,STL>SGF:$12.48;SGF>MEM:$15.29
SH00069,2026-09-28,Tulsa Beverage,TUL,MKC,E,1588.9,59.3,TUL>SGF>MEM>MKC,6,399.01,80.0,84.0,41.69,205.69,193.32,48.4,TUL>SGF:$8.91;SGF>MEM:$13.93;MEM>MKC:$18.85
SH00070,2026-09-28,Plains Pharma,TUL,MEM,P,283.1,28.1,TUL>SGF>MEM,4,100.23,80.0,56.0,10.83,146.83,-46.6,-46.5,TUL>SGF:$4.22;SGF>MEM:$6.60
SH00071,2026-09-28,Paper Mill Supply,STL,MEM,P,1238.9,63.7,STL>SGF>MEM,4,347.96,80.0,56.0,27.18,163.18,184.78,53.1,STL>SGF:$12.22;SGF>MEM:$14.97
SH00072,2026-09-28,Crossroads Retail,MKC,STL,P,869.5,90.2,MKC>MEM>SGF>STL,6,219.1,80.0,84.0,67.16,231.16,-12.06,-5.5,MKC>MEM:$28.67;MEM>SGF:$21.19;SGF>STL:$17.30
SH00073,2026-09-28,AutoParts Co,SGF,MKC,E,618.5,26.5,SGF>MEM>MKC,4,150.66,80.0,56.0,14.65,150.65,0.01,0.0,SGF>MEM:$6.23;MEM>MKC:$8.42
SH00074,2026-09-28,Paper Mill Supply,STL,MKC,P,1613.0,88.5,STL>MKC,2,409.92,80.0,28.0,112.57,220.57,189.35,46.2,STL>MKC:$112.57
SH00075,2026-09-28,Plains Pharma,TUL,MKC,P,201.8,16.3,TUL>SGF>MEM>MKC,6,63.08,80.0,84.0,11.46,175.46,-112.38,-178.2,TUL>SGF:$2.45;SGF>MEM:$3.83;MEM>MKC:$5.18
SH00076,2026-09-28,Tulsa Beverage,TUL,MKC,P,2575.3,107.0,TUL>SGF>MEM>MKC,6,716.16,80.0,84.0,75.23,239.23,476.93,66.6,TUL>SGF:$16.08;SGF>MEM:$25.14;MEM>MKC:$34.01
SH00077,2026-09-28,AutoParts Co,SGF,MEM,E,902.1,43.9,SGF>MEM,2,218.49,80.0,28.0,10.31,118.31,100.18,45.8,SGF>MEM:$10.31
SH00078,2026-09-28,AutoParts Co,SGF,STL,E,876.2,41.7,SGF>STL,2,187.97,80.0,28.0,8.0,116.0,71.97,38.3,SGF>STL:$8.00
SH00079,2026-09-28,Crossroads Retail,MKC,STL,E,726.1,62.9,MKC>MEM>SGF>STL,6,140.97,80.0,84.0,46.83,210.83,-69.86,-49.6,MKC>MEM:$19.99;MEM>SGF:$14.78;SGF>STL:$12.06
SH00080,2026-09-28,River City Foods,LIT,STL,E,888.1,28.9,LIT>MEM>SGF>STL,6,211.73,80.0,84.0,15.97,179.97,31.76,15.0,LIT>MEM:$3.64;MEM>SGF:$6.79;SGF>STL:$5.54
SH00081,2026-09-28,Tulsa Beverage,TUL,MEM,P,1462.5,49.6,TUL>SGF>MEM,4,428.94,80.0,56.0,19.11,155.11,273.83,63.8,TUL>SGF:$7.46;SGF>MEM:$11.65
SH00082,2026-09-28,Paper Mill Supply,STL,SGF,E,1170.7,79.6,STL>SGF,2,235.5,80.0,28.0,15.27,123.27,112.23,47.7,STL>SGF:$15.27
SH00083,2026-09-28,Paper Mill Supply,STL,SGF,E,332.7,16.4,STL>SGF,2,64.37,80.0,28.0,3.15,111.15,-46.78,-72.7,STL>SGF:$3.15
SH00084,2026-09-28,Ozark Building,SGF,MKC,P,1645.2,96.7,SGF>MKC,2,498.94,80.0,28.0,52.13,160.13,338.81,67.9,SGF>MKC:$52.13
SH00085,2026-09-28,Midwest Apparel,MKC,MEM,E,361.6,47.3,MKC>MEM,2,90.73,80.0,28.0,15.03,123.03,-32.3,-35.6,MKC>MEM:$15.03
SH00086,2026-09-28,Memphis Machinery,MEM,TUL,E,715.7,25.0,MEM>SGF>TUL,4,197.75,80.0,56.0,9.63,145.63,52.12,26.4,MEM>SGF:$5.87;SGF>TUL:$3.76
SH00087,2026-09-28,Midwest Apparel,MKC,SGF,E,131.0,19.8,MKC>SGF,2,31.93,80.0,28.0,10.67,118.67,-86.74,-271.7,MKC>SGF:$10.67
SH00088,2026-09-28,AutoParts Co,SGF,MEM,E,890.3,40.2,SGF>MEM,2,214.04,80.0,28.0,9.44,117.44,96.6,45.1,SGF>MEM:$9.44
SH00089,2026-09-28,Ozark Building,SGF,STL,P,2166.2,119.3,SGF>STL,2,598.2,80.0,28.0,22.88,130.88,467.32,78.1,SGF>STL:$22.88
SH00090,2026-09-28,Plains Pharma,TUL,MEM,E,80.0,6.3,TUL>SGF>MEM,4,18.65,80.0,56.0,2.43,138.43,-119.78,-642.2,TUL>SGF:$0.95;SGF>MEM:$1.48
SH00091,2026-09-28,AutoParts Co,SGF,MEM,P,810.2,37.8,SGF>MEM,2,221.83,80.0,28.0,8.88,116.88,104.95,47.3,SGF>MEM:$8.88
SH00092,2026-09-28,AutoParts Co,SGF,TUL,P,1068.5,54.1,SGF>TUL,2,253.21,80.0,28.0,8.13,116.13,137.08,54.1,SGF>TUL:$8.13
SH00093,2026-09-28,KC Food Dist,MKC,MEM,P,1498.7,45.6,MKC>MEM,2,444.33,80.0,28.0,14.49,122.49,321.84,72.4,MKC>MEM:$14.49
SH00094,2026-09-28,Crossroads Retail,MKC,MEM,P,1062.6,99.1,MKC>MEM,2,295.43,80.0,28.0,31.5,139.5,155.93,52.8,MKC>MEM:$31.50
SH00095,2026-09-28,KC Food Dist,MKC,TUL,E,1226.5,33.4,MKC>MEM>SGF>TUL,6,303.3,80.0,84.0,23.48,187.48,115.82,38.2,MKC>MEM:$10.62;MEM>SGF:$7.85;SGF>TUL:$5.02
SH00096,2026-09-28,Tulsa Beverage,TUL,SGF,P,1652.0,62.3,TUL>SGF,2,424.82,80.0,28.0,9.36,117.36,307.46,72.4,TUL>SGF:$9.36
SH00097,2026-09-28,KC Food Dist,MKC,SGF,P,585.9,21.6,MKC>SGF,2,163.19,80.0,28.0,11.65,119.65,43.54,26.7,MKC>SGF:$11.65
SH00098,2026-09-28,AutoParts Co,SGF,MEM,P,556.1,25.4,SGF>MEM,2,157.41,80.0,28.0,5.97,113.97,43.44,27.6,SGF>MEM:$5.97
SH00099,2026-09-28,Ozark Building,SGF,LIT,P,1719.1,76.9,SGF>LIT,2,552.04,80.0,28.0,169.79,277.79,274.25,49.7,SGF>LIT:$169.79
SH00100,2026-09-28,Delta Plastics,MEM,SGF,E,647.9,70.3,MEM>SGF,2,134.75,80.0,28.0,16.52,124.52,10.23,7.6,MEM>SGF:$16.52
SH00101,2026-09-28,Bluff City Apparel,MEM,MKC,E,713.8,90.9,MEM>MKC,2,157.61,80.0,28.0,28.89,136.89,20.72,13.1,MEM>MKC:$28.89
SH00102,2026-09-28,Delta Plastics,MEM,LIT,E,1041.6,101.6,MEM>LIT,2,222.15,80.0,28.0,12.79,120.79,101.36,45.6,MEM>LIT:$12.79
SH00103,2026-09-28,Memphis Machinery,MEM,TUL,P,1410.0,62.5,MEM>TUL,2,413.99,80.0,28.0,162.49,270.49,143.5,34.7,MEM>TUL:$162.49
SH00104,2026-09-28,Bluff City Apparel,MEM,LIT,E,816.0,103.3,MEM>LIT,2,169.81,80.0,28.0,13.0,121.0,48.81,28.7,MEM>LIT:$13.00
SH00105,2026-09-28,Tulsa Beverage,TUL,STL,E,1054.6,37.7,TUL>SGF>STL,4,298.34,80.0,56.0,12.9,148.9,149.44,50.1,TUL>SGF:$5.67;SGF>STL:$7.23
SH00106,2026-09-28,River City Foods,LIT,MKC,P,1166.5,41.1,LIT>MEM>MKC,4,384.58,80.0,56.0,18.24,154.24,230.34,59.9,LIT>MEM:$5.17;MEM>MKC:$13.06
SH00107,2026-09-28,Delta Plastics,MEM,SGF,E,760.5,98.0,MEM>SGF,2,144.86,80.0,28.0,23.02,131.02,13.84,9.6,MEM>SGF:$23.02
SH00108,2026-09-28,Paper Mill Supply,STL,TUL,E,1467.1,77.3,STL>SGF>TUL,4,401.11,80.0,56.0,26.44,162.44,238.67,59.5,STL>SGF:$14.82;SGF>TUL:$11.62
SH00109,2026-09-28,Paper Mill Supply,STL,SGF,P,1789.7,98.7,STL>SGF,2,498.88,80.0,28.0,18.93,126.93,371.95,74.6,STL>SGF:$18.93
SH00110,2026-09-28,Ozark Building,SGF,MEM,E,1512.4,68.1,SGF>MEM,2,344.85,80.0,28.0,16.0,124.0,220.85,64.0,SGF>MEM:$16.00
SH00111,2026-09-28,AutoParts Co,SGF,MEM,E,653.7,27.7,SGF>MEM,2,171.88,80.0,28.0,6.51,114.51,57.37,33.4,SGF>MEM:$6.51
SH00112,2026-09-28,KC Food Dist,MKC,TUL,E,1804.2,49.3,MKC>MEM>SGF>TUL,6,441.19,80.0,84.0,34.66,198.66,242.53,55.0,MKC>MEM:$15.67;MEM>SGF:$11.58;SGF>TUL:$7.41
SH00113,2026-09-28,KC Food Dist,MKC,STL,P,2203.4,71.0,MKC>MEM>SGF>STL,6,651.07,80.0,84.0,52.86,216.86,434.21,66.7,MKC>MEM:$22.57;MEM>SGF:$16.68;SGF>STL:$13.62
SH00114,2026-09-28,Gateway Electronics,STL,MEM,E,769.1,70.4,STL>SGF>MEM,4,199.58,80.0,56.0,30.04,166.04,33.54,16.8,STL>SGF:$13.50;SGF>MEM:$16.54
SH00115,2026-09-28,Ozark Furniture,SGF,MKC,E,1067.6,131.9,SGF>MEM>MKC,4,259.21,80.0,56.0,72.91,208.91,50.3,19.4,SGF>MEM:$30.99;MEM>MKC:$41.92
SH00116,2026-09-28,AutoParts Co,SGF,MKC,P,501.2,22.1,SGF>MKC,2,132.55,80.0,28.0,11.91,119.91,12.64,9.5,SGF>MKC:$11.91
SH00117,2026-09-28,Bluff City Apparel,MEM,MKC,P,819.8,107.1,MEM>MKC,2,268.18,80.0,28.0,34.04,142.04,126.14,47.0,MEM>MKC:$34.04
SH00118,2026-09-28,Memphis Machinery,MEM,SGF,P,1738.5,69.2,MEM>SGF,2,511.62,80.0,28.0,16.26,124.26,387.36,75.7,MEM>SGF:$16.26
SH00119,2026-09-28,Paper Mill Supply,STL,MEM,E,927.0,50.6,STL>SGF>MEM,4,197.87,80.0,56.0,21.59,157.59,40.28,20.4,STL>SGF:$9.70;SGF>MEM:$11.89
SH00120,2026-09-28,Delta Plastics,MEM,MKC,P,727.8,75.6,MEM>MKC,2,230.03,80.0,28.0,24.03,132.03,98.0,42.6,MEM>MKC:$24.03
SH00121,2026-09-28,AutoParts Co,SGF,MKC,P,934.5,47.3,SGF>MKC,2,283.36,80.0,28.0,25.5,133.5,149.86,52.9,SGF>MKC:$25.50
SH00122,2026-09-28,River City Foods,LIT,STL,E,2270.2,92.5,LIT>MEM>SGF>STL,6,511.66,80.0,84.0,51.11,215.11,296.55,58.0,LIT>MEM:$11.64;MEM>SGF:$21.73;SGF>STL:$17.74
SH00123,2026-09-28,Delta Plastics,MEM,LIT,P,986.9,106.1,MEM>LIT,2,233.57,80.0,28.0,13.36,121.36,112.21,48.0,MEM>LIT:$13.36
SH00124,2026-09-28,KC Food Dist,MKC,MEM,E,1626.2,46.9,MKC>MEM,2,400.1,80.0,28.0,14.91,122.91,277.19,69.3,MKC>MEM:$14.91
SH00125,2026-09-28,Delta Plastics,MEM,MKC,P,496.5,49.8,MEM>MKC,2,145.54,80.0,28.0,15.83,123.83,21.71,14.9,MEM>MKC:$15.83
SH00126,2026-09-28,Bluff City Apparel,MEM,MKC,P,1095.9,137.4,MEM>MKC,2,341.33,80.0,28.0,43.67,151.67,189.66,55.6,MEM>MKC:$43.67
SH00127,2026-09-28,Bluff City Apparel,MEM,MKC,P,877.2,124.7,MEM>MKC,2,260.61,80.0,28.0,39.63,147.63,112.98,43.4,MEM>MKC:$39.63
SH00128,2026-09-28,River City Foods,LIT,MEM,P,983.9,38.5,LIT>MEM,2,254.69,80.0,28.0,4.85,112.85,141.84,55.7,LIT>MEM:$4.85
SH00129,2026-09-28,Ozark Furniture,SGF,LIT,E,344.7,48.2,SGF>MEM>LIT,4,81.37,80.0,56.0,17.39,153.39,-72.02,-88.5,SGF>MEM:$11.32;MEM>LIT:$6.07
SH00130,2026-09-28,Ozark Building,SGF,MKC,P,1346.1,63.8,SGF>MKC,2,394.55,80.0,28.0,34.4,142.4,252.15,63.9,SGF>MKC:$34.40
SH00131,2026-09-28,River City Foods,LIT,MEM,P,1570.7,62.1,LIT>MEM,2,366.68,80.0,28.0,7.82,115.82,250.86,68.4,LIT>MEM:$7.82
SH00132,2026-09-28,Paper Mill Supply,STL,SGF,E,1218.7,63.8,STL>SGF,2,230.24,80.0,28.0,12.24,120.24,110.0,47.8,STL>SGF:$12.24
SH00133,2026-09-28,Memphis Machinery,MEM,SGF,E,194.3,8.2,MEM>SGF,2,50.17,80.0,28.0,1.93,109.93,-59.76,-119.1,MEM>SGF:$1.93
SH00134,2026-09-28,KC Food Dist,MKC,STL,P,2201.1,69.8,MKC>MEM>SGF>STL,6,605.71,80.0,84.0,51.97,215.97,389.74,64.3,MKC>MEM:$22.19;MEM>SGF:$16.40;SGF>STL:$13.39
SH00135,2026-09-28,Ozark Furniture,SGF,MEM,E,769.4,118.7,SGF>MEM,2,173.47,80.0,28.0,27.89,135.89,37.58,21.7,SGF>MEM:$27.89
SH00136,2026-09-28,KC Food Dist,MKC,MEM,E,2193.0,70.6,MKC>MEM,2,552.9,80.0,28.0,22.44,130.44,422.46,76.4,MKC>MEM:$22.44
SH00137,2026-09-28,Bluff City Apparel,MEM,SGF,P,1542.5,179.8,MEM>SGF,2,443.36,80.0,28.0,42.24,150.24,293.12,66.1,MEM>SGF:$42.24
SH00138,2026-09-28,KC Food Dist,MKC,MEM,P,2124.9,63.7,MKC>MEM,2,585.21,80.0,28.0,20.25,128.25,456.96,78.1,MKC>MEM:$20.25
SH00139,2026-09-28,Ozark Furniture,SGF,LIT,P,632.2,110.1,SGF>LIT,2,194.44,80.0,28.0,243.09,351.09,-156.65,-80.6,SGF>LIT:$243.09
SH00140,2026-09-28,Bluff City Apparel,MEM,MKC,E,555.9,65.7,MEM>MKC,2,116.16,80.0,28.0,20.88,128.88,-12.72,-11.0,MEM>MKC:$20.88
SH00141,2026-09-28,AutoParts Co,SGF,TUL,P,1337.7,51.5,SGF>TUL,2,364.83,80.0,28.0,7.74,115.74,249.09,68.3,SGF>TUL:$7.74
SH00142,2026-09-28,Plains Pharma,TUL,STL,P,313.2,26.8,TUL>SGF>STL,4,96.84,80.0,56.0,9.17,145.17,-48.33,-49.9,TUL>SGF:$4.03;SGF>STL:$5.14
SH00143,2026-09-28,River City Foods,LIT,SGF,P,1229.9,50.6,LIT>MEM>SGF,4,397.7,80.0,56.0,18.26,154.26,243.44,61.2,LIT>MEM:$6.37;MEM>SGF:$11.89
SH00144,2026-09-28,Ozark Building,SGF,TUL,P,952.2,45.1,SGF>TUL,2,257.9,80.0,28.0,6.78,114.78,143.12,55.5,SGF>TUL:$6.78
SH00145,2026-09-28,Bluff City Apparel,MEM,MKC,E,577.5,73.2,MEM>MKC,2,148.4,80.0,28.0,23.27,131.27,17.13,11.5,MEM>MKC:$23.27
SH00146,2026-09-28,Plains Pharma,TUL,MEM,P,440.0,35.0,TUL>SGF>MEM,4,127.01,80.0,56.0,13.48,149.48,-22.47,-17.7,TUL>SGF:$5.26;SGF>MEM:$8.22
SH00147,2026-09-28,Ozark Furniture,SGF,STL,P,1028.6,132.4,SGF>STL,2,279.72,80.0,28.0,25.39,133.39,146.33,52.3,SGF>STL:$25.39
SH00148,2026-09-28,River City Foods,LIT,SGF,P,1917.3,84.8,LIT>MEM>SGF,4,674.2,80.0,56.0,30.6,166.6,507.6,75.3,LIT>MEM:$10.67;MEM>SGF:$19.92
SH00149,2026-09-28,Delta Plastics,MEM,MKC,P,837.1,86.0,MEM>MKC,2,249.94,80.0,28.0,27.33,135.33,114.61,45.9,MEM>MKC:$27.33
SH00150,2026-09-28,Delta Plastics,MEM,MKC,P,374.0,39.6,MEM>MKC,2,114.68,80.0,28.0,12.59,120.59,-5.91,-5.2,MEM>MKC:$12.59
SH00151,2026-09-28,AutoParts Co,SGF,MEM,E,1277.2,53.2,SGF>MEM,2,294.54,80.0,28.0,12.5,120.5,174.04,59.1,SGF>MEM:$12.50
SH00152,2026-09-28,Ozark Furniture,SGF,STL,P,305.0,43.8,SGF>STL,2,79.97,80.0,28.0,8.4,116.4,-36.43,-45.6,SGF>STL:$8.40
SH00153,2026-09-28,Delta Plastics,MEM,SGF,P,905.7,68.3,MEM>SGF,2,277.45,80.0,28.0,16.05,124.05,153.4,55.3,MEM>SGF:$16.05
SH00154,2026-09-28,Memphis Machinery,MEM,MKC,P,1265.6,53.8,MEM>MKC,2,337.73,80.0,28.0,17.1,125.1,212.63,63.0,MEM>MKC:$17.10
SH00155,2026-09-28,Gateway Electronics,STL,SGF,P,333.9,36.3,STL>SGF,2,80.43,80.0,28.0,6.96,114.96,-34.53,-42.9,STL>SGF:$6.96
SH00156,2026-09-28,Midwest Apparel,MKC,SGF,P,939.8,109.0,MKC>SGF,2,279.56,80.0,28.0,58.76,166.76,112.8,40.3,MKC>SGF:$58.76
SH00157,2026-09-28,KC Food Dist,MKC,SGF,E,1349.8,48.0,MKC>SGF,2,314.66,80.0,28.0,25.88,133.88,180.78,57.5,MKC>SGF:$25.88
SH00158,2026-09-28,AutoParts Co,SGF,LIT,P,505.8,22.9,SGF>LIT,2,163.48,80.0,28.0,50.56,158.56,4.92,3.0,SGF>LIT:$50.56
SH00159,2026-09-28,River City Foods,LIT,MEM,P,1143.1,54.8,LIT>MEM,2,286.28,80.0,28.0,6.9,114.9,171.38,59.9,LIT>MEM:$6.90
SH00160,2026-09-28,Gateway Electronics,STL,MEM,E,461.3,49.6,STL>SGF>MEM,4,126.73,80.0,56.0,21.17,157.17,-30.44,-24.0,STL>SGF:$9.51;SGF>MEM:$11.65
SH00161,2026-09-28,Ozark Building,SGF,MEM,E,1703.5,89.6,SGF>MEM,2,405.43,80.0,28.0,21.05,129.05,276.38,68.2,SGF>MEM:$21.05
SH00162,2026-09-28,Midwest Apparel,MKC,SGF,P,421.5,49.3,MKC>SGF,2,116.24,80.0,28.0,26.58,134.58,-18.34,-15.8,MKC>SGF:$26.58
SH00163,2026-09-28,AutoParts Co,SGF,STL,E,580.9,23.9,SGF>STL,2,105.63,80.0,28.0,4.58,112.58,-6.95,-6.6,SGF>STL:$4.58
SH00164,2026-09-28,Delta Plastics,MEM,STL,P,827.8,92.0,MEM>STL,2,215.4,80.0,28.0,172.25,280.25,-64.85,-30.1,MEM>STL:$172.25
SH00165,2026-09-28,Gateway Electronics,STL,MEM,E,803.8,80.5,STL>SGF>MEM,4,225.24,80.0,56.0,34.35,170.35,54.89,24.4,STL>SGF:$15.44;SGF>MEM:$18.91
SH00166,2026-09-28,AutoParts Co,SGF,TUL,E,1607.1,76.6,SGF>TUL,2,331.54,80.0,28.0,11.51,119.51,212.03,64.0,SGF>TUL:$11.51
SH00167,2026-09-28,Delta Plastics,MEM,STL,P,931.6,78.3,MEM>STL,2,235.09,80.0,28.0,146.6,254.6,-19.51,-8.3,MEM>STL:$146.60
SH00168,2026-09-28,Delta Plastics,MEM,STL,P,474.5,58.8,MEM>STL,2,127.11,80.0,28.0,110.09,218.09,-90.98,-71.6,MEM>STL:$110.09
SH00169,2026-09-28,Tulsa Beverage,TUL,SGF,E,1152.7,40.8,TUL>SGF,2,248.28,80.0,28.0,6.13,114.13,134.15,54.0,TUL>SGF:$6.13
SH00170,2026-09-28,Memphis Machinery,MEM,LIT,P,1323.0,50.9,MEM>LIT,2,354.06,80.0,28.0,6.41,114.41,239.65,67.7,MEM>LIT:$6.41
SH00171,2026-09-28,Bluff City Apparel,MEM,MKC,P,925.5,103.4,MEM>MKC,2,258.85,80.0,28.0,32.86,140.86,117.99,45.6,MEM>MKC:$32.86
SH00172,2026-09-28,Memphis Machinery,MEM,SGF,E,1639.2,64.8,MEM>SGF,2,367.75,80.0,28.0,15.22,123.22,244.53,66.5,MEM>SGF:$15.22
SH00173,2026-09-28,AutoParts Co,SGF,MEM,E,1089.4,47.5,SGF>MEM,2,226.77,80.0,28.0,11.16,119.16,107.61,47.5,SGF>MEM:$11.16
SH00174,2026-09-28,Paper Mill Supply,STL,MEM,P,1356.4,77.5,STL>SGF>MEM,4,401.72,80.0,56.0,33.07,169.07,232.65,57.9,STL>SGF:$14.86;SGF>MEM:$18.21
SH00175,2026-09-28,Ozark Furniture,SGF,MEM,E,988.9,143.3,SGF>MEM,2,233.24,80.0,28.0,33.67,141.67,91.57,39.3,SGF>MEM:$33.67
SH00176,2026-09-28,Paper Mill Supply,STL,LIT,P,1460.6,87.3,STL>SGF>MEM>LIT,6,403.93,80.0,84.0,48.24,212.24,191.69,47.5,STL>SGF:$16.74;SGF>MEM:$20.51;MEM>LIT:$10.99
SH00177,2026-09-28,KC Food Dist,MKC,STL,P,1376.4,44.8,MKC>MEM>SGF>STL,6,387.89,80.0,84.0,33.36,197.36,190.53,49.1,MKC>MEM:$14.24;MEM>SGF:$10.53;SGF>STL:$8.59
SH00178,2026-09-28,Gateway Electronics,STL,LIT,P,531.1,57.3,STL>SGF>MEM>LIT,6,156.29,80.0,84.0,31.66,195.66,-39.37,-25.2,STL>SGF:$10.99;SGF>MEM:$13.46;MEM>LIT:$7.21
SH00179,2026-09-28,Delta Plastics,MEM,MKC,P,279.8,29.5,MEM>MKC,2,78.87,80.0,28.0,9.38,117.38,-38.51,-48.8,MEM>MKC:$9.38
SH00180,2026-09-28,Tulsa Beverage,TUL,SGF,P,1556.2,54.7,TUL>SGF,2,372.91,80.0,28.0,8.22,116.22,256.69,68.8,TUL>SGF:$8.22
SH00181,2026-09-28,Tulsa Beverage,TUL,MEM,P,1231.2,48.2,TUL>SGF>MEM,4,403.13,80.0,56.0,18.57,154.57,248.56,61.7,TUL>SGF:$7.24;SGF>MEM:$11.32
SH00182,2026-09-28,Delta Plastics,MEM,SGF,P,1366.2,128.1,MEM>SGF,2,386.14,80.0,28.0,30.1,138.1,248.04,64.2,MEM>SGF:$30.10
SH00183,2026-09-28,Tulsa Beverage,TUL,MKC,P,1670.5,75.4,TUL>SGF>MEM>MKC,6,432.51,80.0,84.0,53.01,217.01,215.5,49.8,TUL>SGF:$11.33;SGF>MEM:$17.71;MEM>MKC:$23.97
SH00184,2026-09-28,River City Foods,LIT,SGF,E,1672.3,65.3,LIT>MEM>SGF,4,469.73,80.0,56.0,23.56,159.56,310.17,66.0,LIT>MEM:$8.22;MEM>SGF:$15.34
SH00185,2026-09-28,Delta Plastics,MEM,SGF,P,717.2,75.2,MEM>SGF,2,210.57,80.0,28.0,17.67,125.67,84.9,40.3,MEM>SGF:$17.67
SH00186,2026-09-28,AutoParts Co,SGF,LIT,P,569.6,27.7,SGF>LIT,2,178.33,80.0,28.0,61.16,169.16,9.17,5.1,SGF>LIT:$61.16
SH00187,2026-09-28,River City Foods,LIT,STL,P,1928.8,61.6,LIT>MEM>SGF>STL,6,519.52,80.0,84.0,34.04,198.04,321.48,61.9,LIT>MEM:$7.75;MEM>SGF:$14.47;SGF>STL:$11.81
SH00188,2026-09-28,Paper Mill Supply,STL,MKC,P,1302.2,62.5,STL>MKC,2,352.9,80.0,28.0,79.5,187.5,165.4,46.9,STL>MKC:$79.50
SH00189,2026-09-28,Paper Mill Supply,STL,MEM,P,1517.7,78.6,STL>SGF>MEM,4,440.36,80.0,56.0,33.54,169.54,270.82,61.5,STL>SGF:$15.07;SGF>MEM:$18.47
SH00190,2026-09-28,KC Food Dist,MKC,STL,P,1499.4,49.1,MKC>MEM>SGF>STL,6,441.93,80.0,84.0,36.56,200.56,241.37,54.6,MKC>MEM:$15.61;MEM>SGF:$11.54;SGF>STL:$9.42
SH00191,2026-09-28,Delta Plastics,MEM,MKC,E,810.3,72.5,MEM>MKC,2,184.0,80.0,28.0,23.04,131.04,52.96,28.8,MEM>MKC:$23.04
SH00192,2026-09-28,Plains Pharma,TUL,MEM,E,551.5,51.2,TUL>SGF>MEM,4,144.0,80.0,56.0,19.72,155.72,-11.72,-8.1,TUL>SGF:$7.70;SGF>MEM:$12.03
SH00193,2026-09-28,AutoParts Co,SGF,MKC,P,913.0,36.1,SGF>MKC,2,231.63,80.0,28.0,19.46,127.46,104.17,45.0,SGF>MKC:$19.46
SH00194,2026-09-28,River City Foods,LIT,MEM,E,856.8,35.5,LIT>MEM,2,163.44,80.0,28.0,4.47,112.47,50.97,31.2,LIT>MEM:$4.47
SH00195,2026-09-28,Crossroads Retail,MKC,MEM,P,809.4,83.6,MKC>MEM,2,241.26,80.0,28.0,26.57,134.57,106.69,44.2,MKC>MEM:$26.57
SH00196,2026-09-28,Ozark Building,SGF,MKC,P,1530.1,88.4,SGF>MKC,2,446.63,80.0,28.0,47.66,155.66,290.97,65.1,SGF>MKC:$47.66
SH00197,2026-09-28,River City Foods,LIT,MEM,E,1143.3,46.0,LIT>MEM,2,243.32,80.0,28.0,5.79,113.79,129.53,53.2,LIT>MEM:$5.79
SH00198,2026-09-28,Gateway Electronics,STL,MEM,P,217.2,20.8,STL>SGF>MEM,4,55.83,80.0,56.0,8.88,144.88,-89.05,-159.5,STL>SGF:$3.99;SGF>MEM:$4.89
SH00199,2026-09-28,River City Foods,LIT,MEM,P,1748.6,53.8,LIT>MEM,2,428.31,80.0,28.0,6.77,114.77,313.54,73.2,LIT>MEM:$6.77
SH00200,2026-09-28,Delta Plastics,MEM,MKC,P,987.5,114.3,MEM>MKC,2,301.47,80.0,28.0,36.33,144.33,157.14,52.1,MEM>MKC:$36.33
SH00201,2026-09-28,River City Foods,LIT,MEM,E,1335.7,55.3,LIT>MEM,2,256.8,80.0,28.0,6.96,114.96,141.84,55.2,LIT>MEM:$6.96
SH00202,2026-09-28,Memphis Machinery,MEM,MKC,P,2037.3,98.4,MEM>MKC,2,580.6,80.0,28.0,31.28,139.28,441.32,76.0,MEM>MKC:$31.28
SH00203,2026-09-28,Paper Mill Supply,STL,MKC,P,576.4,27.4,STL>MKC,2,154.8,80.0,28.0,34.85,142.85,11.95,7.7,STL>MKC:$34.85
SH00204,2026-09-28,Tulsa Beverage,TUL,STL,P,2689.7,93.9,TUL>SGF>STL,4,867.7,80.0,56.0,32.12,168.12,699.58,80.6,TUL>SGF:$14.11;SGF>STL:$18.01
SH00205,2026-09-28,AutoParts Co,SGF,STL,P,449.5,19.7,SGF>STL,2,105.52,80.0,28.0,3.78,111.78,-6.26,-5.9,SGF>STL:$3.78
SH00206,2026-09-28,Tulsa Beverage,TUL,LIT,P,1485.5,55.2,TUL>SGF>MEM>LIT,6,429.39,80.0,84.0,28.21,192.21,237.18,55.2,TUL>SGF:$8.30;SGF>MEM:$12.97;MEM>LIT:$6.95
SH00207,2026-09-28,Tulsa Beverage,TUL,LIT,E,2440.8,88.2,TUL>SGF>MEM>LIT,6,580.31,80.0,84.0,45.08,209.08,371.23,64.0,TUL>SGF:$13.26;SGF>MEM:$20.72;MEM>LIT:$11.10
SH00208,2026-09-28,Delta Plastics,MEM,TUL,P,1152.5,140.3,MEM>TUL,2,413.05,80.0,28.0,364.75,472.75,-59.7,-14.5,MEM>TUL:$364.75
SH00209,2026-09-28,Bluff City Apparel,MEM,STL,P,1215.4,168.4,MEM>STL,2,318.06,80.0,28.0,315.3,423.3,-105.24,-33.1,MEM>STL:$315.30
SH00210,2026-09-28,AutoParts Co,SGF,LIT,E,830.4,34.5,SGF>MEM>LIT,4,209.72,80.0,56.0,12.45,148.45,61.27,29.2,SGF>MEM:$8.11;MEM>LIT:$4.34
SH00211,2026-09-28,Tulsa Beverage,TUL,LIT,E,1133.9,44.5,TUL>SGF>MEM>LIT,6,246.0,80.0,84.0,22.75,186.75,59.25,24.1,TUL>SGF:$6.69;SGF>MEM:$10.46;MEM>LIT:$5.60
SH00212,2026-09-28,Plains Pharma,TUL,SGF,P,507.6,49.7,TUL>SGF,2,134.34,80.0,28.0,7.47,115.47,18.87,14.0,TUL>SGF:$7.47
SH00213,2026-09-28,Delta Plastics,MEM,SGF,P,989.3,116.7,MEM>SGF,2,275.43,80.0,28.0,27.42,135.42,140.01,50.8,MEM>SGF:$27.42
SH00214,2026-09-28,Gateway Electronics,STL,LIT,E,795.6,85.0,STL>SGF>MEM>LIT,6,193.62,80.0,84.0,46.97,210.97,-17.35,-9.0,STL>SGF:$16.30;SGF>MEM:$19.97;MEM>LIT:$10.70
SH00215,2026-09-28,Gateway Electronics,STL,TUL,E,546.5,59.6,STL>SGF>TUL,4,138.57,80.0,56.0,20.39,156.39,-17.82,-12.9,STL>SGF:$11.43;SGF>TUL:$8.96
SH00216,2026-09-28,Gateway Electronics,STL,SGF,E,573.4,62.3,STL>SGF,2,126.35,80.0,28.0,11.95,119.95,6.4,5.1,STL>SGF:$11.95
SH00217,2026-09-28,Delta Plastics,MEM,STL,P,764.7,88.7,MEM>STL,2,216.89,80.0,28.0,166.07,274.07,-57.18,-26.4,MEM>STL:$166.07
SH00218,2026-09-28,River City Foods,LIT,MKC,E,1174.9,42.0,LIT>MEM>MKC,4,295.74,80.0,56.0,18.64,154.64,141.1,47.7,LIT>MEM:$5.29;MEM>MKC:$13.35
SH00219,2026-09-28,AutoParts Co,SGF,TUL,P,491.6,22.8,SGF>TUL,2,131.49,80.0,28.0,3.43,111.43,20.06,15.3,SGF>TUL:$3.43
SH00220,2026-09-28,AutoParts Co,SGF,TUL,P,1369.3,74.5,SGF>TUL,2,345.27,80.0,28.0,11.2,119.2,226.07,65.5,SGF>TUL:$11.20
SH00221,2026-09-28,Tulsa Beverage,TUL,SGF,P,388.9,15.3,TUL>SGF,2,100.16,80.0,28.0,2.3,110.3,-10.14,-10.1,TUL>SGF:$2.30
SH00222,2026-09-28,KC Food Dist,MKC,SGF,E,812.1,20.6,MKC>SGF,2,191.54,80.0,28.0,11.11,119.11,72.43,37.8,MKC>SGF:$11.11
SH00223,2026-09-28,KC Food Dist,MKC,MEM,E,2657.8,72.9,MKC>MEM,2,564.79,80.0,28.0,23.17,131.17,433.62,76.8,MKC>MEM:$23.17
SH00224,2026-09-28,Bluff City Apparel,MEM,LIT,P,370.4,50.5,MEM>LIT,2,87.04,80.0,28.0,6.36,114.36,-27.32,-31.4,MEM>LIT:$6.36
SH00225,2026-09-28,Midwest Apparel,MKC,SGF,P,745.7,100.8,MKC>SGF,2,232.72,80.0,28.0,54.34,162.34,70.38,30.2,MKC>SGF:$54.34
SH00226,2026-09-28,Tulsa Beverage,TUL,SGF,E,1051.0,34.9,TUL>SGF,2,212.67,80.0,28.0,5.25,113.25,99.42,46.8,TUL>SGF:$5.25
SH00227,2026-09-28,Plains Pharma,TUL,LIT,P,773.9,58.3,TUL>SGF>MEM>LIT,6,231.47,80.0,84.0,29.8,193.8,37.67,16.3,TUL>SGF:$8.76;SGF>MEM:$13.70;MEM>LIT:$7.34
SH00228,2026-09-28,Gateway Electronics,STL,MEM,P,240.5,23.8,STL>SGF>MEM,4,68.23,80.0,56.0,10.16,146.16,-77.93,-114.2,STL>SGF:$4.56;SGF>MEM:$5.59
SH00229,2026-09-28,KC Food Dist,MKC,MEM,E,2859.0,99.0,MKC>MEM,2,834.35,80.0,28.0,31.47,139.47,694.88,83.3,MKC>MEM:$31.47
SH00230,2026-09-28,Ozark Building,SGF,STL,E,1215.0,57.8,SGF>STL,2,270.48,80.0,28.0,11.08,119.08,151.4,56.0,SGF>STL:$11.08
SH00231,2026-09-28,KC Food Dist,MKC,SGF,E,1703.2,61.4,MKC>SGF,2,460.48,80.0,28.0,33.1,141.1,319.38,69.4,MKC>SGF:$33.10
SH00232,2026-09-28,Gateway Electronics,STL,SGF,P,994.6,92.2,STL>SGF,2,273.5,80.0,28.0,17.68,125.68,147.82,54.0,STL>SGF:$17.68
SH00233,2026-09-28,AutoParts Co,SGF,STL,P,641.7,32.6,SGF>STL,2,172.2,80.0,28.0,6.25,114.25,57.95,33.7,SGF>STL:$6.25
SH00234,2026-09-28,KC Food Dist,MKC,LIT,E,1225.2,40.9,MKC>MEM>LIT,4,316.2,80.0,56.0,18.15,154.15,162.05,51.2,MKC>MEM:$13.00;MEM>LIT:$5.15
SH00235,2026-09-28,Tulsa Beverage,TUL,STL,P,1125.0,41.7,TUL>SGF>STL,4,314.21,80.0,56.0,14.26,150.26,163.95,52.2,TUL>SGF:$6.27;SGF>STL:$8.00
SH00236,2026-09-28,Paper Mill Supply,STL,MEM,E,844.4,44.9,STL>SGF>MEM,4,203.46,80.0,56.0,19.16,155.16,48.3,23.7,STL>SGF:$8.61;SGF>MEM:$10.55
SH00237,2026-09-28,Bluff City Apparel,MEM,MKC,P,80.0,10.7,MEM>MKC,2,22.98,80.0,28.0,3.4,111.4,-88.42,-384.8,MEM>MKC:$3.40
SH00238,2026-09-28,KC Food Dist,MKC,SGF,P,1895.6,70.0,MKC>SGF,2,611.11,80.0,28.0,37.74,145.74,465.37,76.2,MKC>SGF:$37.74
SH00239,2026-09-28,Crossroads Retail,MKC,TUL,E,634.7,59.3,MKC>MEM>SGF>TUL,6,166.53,80.0,84.0,41.69,205.69,-39.16,-23.5,MKC>MEM:$18.85;MEM>SGF:$13.93;SGF>TUL:$8.91
SH00240,2026-09-28,Gateway Electronics,STL,LIT,P,914.2,102.5,STL>SGF>MEM>LIT,6,262.97,80.0,84.0,56.64,220.64,42.33,16.1,STL>SGF:$19.66;SGF>MEM:$24.08;MEM>LIT:$12.90
SH00241,2026-09-28,Gateway Electronics,STL,MKC,P,332.5,34.9,STL>MKC,2,87.32,80.0,28.0,44.39,152.39,-65.07,-74.5,STL>MKC:$44.39
SH00242,2026-09-28,KC Food Dist,MKC,MEM,E,1921.7,62.7,MKC>MEM,2,460.89,80.0,28.0,19.93,127.93,332.96,72.2,MKC>MEM:$19.93
SH00243,2026-09-28,Plains Pharma,TUL,MEM,P,212.8,16.8,TUL>SGF>MEM,4,58.88,80.0,56.0,6.47,142.47,-83.59,-142.0,TUL>SGF:$2.53;SGF>MEM:$3.95
SH00244,2026-09-28,Gateway Electronics,STL,MEM,P,656.0,61.3,STL>SGF>MEM,4,174.9,80.0,56.0,26.16,162.16,12.74,7.3,STL>SGF:$11.76;SGF>MEM:$14.40
SH00245,2026-09-28,AutoParts Co,SGF,MEM,P,1196.0,46.9,SGF>MEM,2,353.91,80.0,28.0,11.02,119.02,234.89,66.4,SGF>MEM:$11.02
SH00246,2026-09-28,Paper Mill Supply,STL,SGF,P,1584.9,87.8,STL>SGF,2,494.04,80.0,28.0,16.84,124.84,369.2,74.7,STL>SGF:$16.84
SH00247,2026-09-28,River City Foods,LIT,MEM,P,1841.0,74.2,LIT>MEM,2,420.94,80.0,28.0,9.34,117.34,303.6,72.1,LIT>MEM:$9.34
SH00248,2026-09-28,KC Food Dist,MKC,MEM,P,1557.7,53.2,MKC>MEM,2,484.92,80.0,28.0,16.91,124.91,360.01,74.2,MKC>MEM:$16.91
SH00249,2026-09-28,Midwest Apparel,MKC,TUL,P,869.1,103.6,MKC>MEM>SGF>TUL,6,240.01,80.0,84.0,72.84,236.84,3.17,1.3,MKC>MEM:$32.93;MEM>SGF:$24.34;SGF>TUL:$15.57
SH00250,2026-09-28,AutoParts Co,SGF,TUL,P,1070.3,51.4,SGF>TUL,2,310.04,80.0,28.0,7.73,115.73,194.31,62.7,SGF>TUL:$7.73
SH00251,2026-09-28,Tulsa Beverage,TUL,MEM,P,1799.0,65.1,TUL>SGF>MEM,4,561.44,80.0,56.0,25.08,161.08,400.36,71.3,TUL>SGF:$9.79;SGF>MEM:$15.29
SH00252,2026-09-28,Ozark Furniture,SGF,MEM,P,856.8,130.1,SGF>MEM,2,251.76,80.0,28.0,30.57,138.57,113.19,45.0,SGF>MEM:$30.57
SH00253,2026-09-28,KC Food Dist,MKC,MEM,P,1465.9,51.2,MKC>MEM,2,460.53,80.0,28.0,16.27,124.27,336.26,73.0,MKC>MEM:$16.27
SH00254,2026-09-28,Midwest Apparel,MKC,SGF,P,432.6,53.1,MKC>SGF,2,129.09,80.0,28.0,28.63,136.63,-7.54,-5.8,MKC>SGF:$28.63
SH00255,2026-09-28,AutoParts Co,SGF,LIT,P,693.2,27.6,SGF>LIT,2,186.97,80.0,28.0,60.94,168.94,18.03,9.6,SGF>LIT:$60.94
SH00256,2026-09-28,Plains Pharma,TUL,LIT,P,410.7,28.2,TUL>SGF>MEM>LIT,6,135.83,80.0,84.0,14.41,178.41,-42.58,-31.4,TUL>SGF:$4.24;SGF>MEM:$6.63;MEM>LIT:$3.55
SH00257,2026-09-28,Delta Plastics,MEM,TUL,E,431.1,41.8,MEM>SGF>TUL,4,110.55,80.0,56.0,16.1,152.1,-41.55,-37.6,MEM>SGF:$9.82;SGF>TUL:$6.28
SH00258,2026-09-28,Crossroads Retail,MKC,STL,E,323.9,25.4,MKC>MEM>SGF>STL,6,67.61,80.0,84.0,18.91,182.91,-115.3,-170.5,MKC>MEM:$8.07;MEM>SGF:$5.97;SGF>STL:$4.87
SH00259,2026-09-28,Plains Pharma,TUL,MEM,P,577.5,50.8,TUL>SGF>MEM,4,185.19,80.0,56.0,19.57,155.57,29.62,16.0,TUL>SGF:$7.64;SGF>MEM:$11.94
SH00260,2026-09-28,Paper Mill Supply,STL,MEM,P,873.4,45.4,STL>SGF>MEM,4,273.61,80.0,56.0,19.37,155.37,118.24,43.2,STL>SGF:$8.71;SGF>MEM:$10.67
SH00261,2026-09-28,Bluff City Apparel,MEM,SGF,P,461.6,59.9,MEM>SGF,2,115.9,80.0,28.0,14.07,122.07,-6.17,-5.3,MEM>SGF:$14.07
SH00262,2026-09-28,Memphis Machinery,MEM,MKC,P,2657.4,95.2,MEM>MKC,2,965.5,80.0,28.0,30.26,138.26,827.24,85.7,MEM>MKC:$30.26
SH00263,2026-09-28,Delta Plastics,MEM,LIT,E,1231.0,153.2,MEM>LIT,2,213.04,80.0,28.0,19.28,127.28,85.76,40.3,MEM>LIT:$19.28
SH00264,2026-09-28,Delta Plastics,MEM,MKC,P,1094.2,129.3,MEM>MKC,2,316.55,80.0,28.0,41.1,149.1,167.45,52.9,MEM>MKC:$41.10
SH00265,2026-09-28,KC Food Dist,MKC,TUL,P,1124.5,32.3,MKC>MEM>SGF>TUL,6,316.77,80.0,84.0,22.71,186.71,130.06,41.1,MKC>MEM:$10.27;MEM>SGF:$7.59;SGF>TUL:$4.85
SH00266,2026-09-28,Midwest Apparel,MKC,MEM,P,1165.0,137.2,MKC>MEM,2,334.31,80.0,28.0,43.61,151.61,182.7,54.7,MKC>MEM:$43.61
SH00267,2026-09-28,Ozark Furniture,SGF,STL,P,785.3,107.7,SGF>STL,2,221.07,80.0,28.0,20.65,128.65,92.42,41.8,SGF>STL:$20.65
SH00268,2026-09-28,AutoParts Co,SGF,TUL,P,781.2,32.6,SGF>TUL,2,205.16,80.0,28.0,4.9,112.9,92.26,45.0,SGF>TUL:$4.90
SH00269,2026-09-28,Delta Plastics,MEM,SGF,E,863.6,110.0,MEM>SGF,2,194.4,80.0,28.0,25.84,133.84,60.56,31.2,MEM>SGF:$25.84
SH00270,2026-09-28,Paper Mill Supply,STL,MKC,P,1628.1,97.0,STL>MKC,2,407.44,80.0,28.0,123.38,231.38,176.06,43.2,STL>MKC:$123.38
SH00271,2026-09-28,Memphis Machinery,MEM,MKC,P,908.1,33.9,MEM>MKC,2,272.58,80.0,28.0,10.77,118.77,153.81,56.4,MEM>MKC:$10.77
SH00272,2026-09-28,Bluff City Apparel,MEM,STL,E,504.6,70.4,MEM>SGF>STL,4,117.8,80.0,56.0,30.04,166.04,-48.24,-41.0,MEM>SGF:$16.54;SGF>STL:$13.50
SH00273,2026-09-28,AutoParts Co,SGF,STL,P,864.7,38.9,SGF>STL,2,231.18,80.0,28.0,7.46,115.46,115.72,50.1,SGF>STL:$7.46
SH00274,2026-09-28,KC Food Dist,MKC,STL,P,1823.4,54.7,MKC>MEM>SGF>STL,6,529.75,80.0,84.0,40.73,204.73,325.02,61.4,MKC>MEM:$17.39;MEM>SGF:$12.85;SGF>STL:$10.49
SH00275,2026-09-28,Delta Plastics,MEM,SGF,P,732.8,105.8,MEM>SGF,2,205.3,80.0,28.0,24.86,132.86,72.44,35.3,MEM>SGF:$24.86
SH00276,2026-09-28,KC Food Dist,MKC,SGF,P,1117.0,35.7,MKC>SGF,2,330.19,80.0,28.0,19.25,127.25,202.94,61.5,MKC>SGF:$19.25
SH00277,2026-09-28,Ozark Building,SGF,MEM,E,1334.0,68.2,SGF>MEM,2,275.04,80.0,28.0,16.02,124.02,151.02,54.9,SGF>MEM:$16.02
SH00278,2026-09-28,Delta Plastics,MEM,TUL,E,670.3,84.9,MEM>SGF>TUL,4,145.24,80.0,56.0,32.71,168.71,-23.47,-16.2,MEM>SGF:$19.95;SGF>TUL:$12.76
SH00279,2026-09-28,River City Foods,LIT,MEM,E,2159.2,86.1,LIT>MEM,2,346.81,80.0,28.0,10.84,118.84,227.97,65.7,LIT>MEM:$10.84
SH00280,2026-09-28,Ozark Building,SGF,MEM,P,1568.5,71.7,SGF>MEM,2,485.23,80.0,28.0,16.85,124.85,360.38,74.3,SGF>MEM:$16.85
SH00281,2026-09-28,Crossroads Retail,MKC,MEM,E,1182.2,102.7,MKC>MEM,2,313.1,80.0,28.0,32.64,140.64,172.46,55.1,MKC>MEM:$32.64
SH00282,2026-09-28,Paper Mill Supply,STL,MEM,P,1353.0,67.9,STL>SGF>MEM,4,395.09,80.0,56.0,28.97,164.97,230.12,58.2,STL>SGF:$13.02;SGF>MEM:$15.95
SH00283,2026-09-28,Tulsa Beverage,TUL,STL,P,1093.9,37.7,TUL>SGF>STL,4,312.36,80.0,56.0,12.9,148.9,163.46,52.3,TUL>SGF:$5.67;SGF>STL:$7.23
SH00284,2026-09-28,Midwest Apparel,MKC,STL,E,644.1,83.6,MKC>MEM>SGF>STL,6,137.09,80.0,84.0,62.25,226.25,-89.16,-65.0,MKC>MEM:$26.57;MEM>SGF:$19.64;SGF>STL:$16.03
SH00285,2026-09-28,Gateway Electronics,STL,SGF,E,349.4,27.4,STL>SGF,2,84.37,80.0,28.0,5.25,113.25,-28.88,-34.2,STL>SGF:$5.25
SH00286,2026-09-28,Crossroads Retail,MKC,LIT,E,435.2,36.6,MKC>MEM>LIT,4,113.76,80.0,56.0,16.24,152.24,-38.48,-33.8,MKC>MEM:$11.63;MEM>LIT:$4.61
SH00287,2026-09-28,AutoParts Co,SGF,MEM,E,452.2,20.4,SGF>MEM,2,121.32,80.0,28.0,4.79,112.79,8.53,7.0,SGF>MEM:$4.79
SH00288,2026-09-28,Delta Plastics,MEM,LIT,P,961.2,102.3,MEM>LIT,2,229.71,80.0,28.0,12.88,120.88,108.83,47.4,MEM>LIT:$12.88
SH00289,2026-09-28,KC Food Dist,MKC,MEM,P,1454.7,44.2,MKC>MEM,2,408.06,80.0,28.0,14.05,122.05,286.01,70.1,MKC>MEM:$14.05
SH00290,2026-09-28,Bluff City Apparel,MEM,MKC,P,825.9,122.8,MEM>MKC,2,232.49,80.0,28.0,39.03,147.03,85.46,36.8,MEM>MKC:$39.03
SH00291,2026-09-28,KC Food Dist,MKC,STL,E,1027.8,36.2,MKC>MEM>SGF>STL,6,233.15,80.0,84.0,26.95,190.95,42.2,18.1,MKC>MEM:$11.51;MEM>SGF:$8.51;SGF>STL:$6.94
SH00292,2026-09-28,River City Foods,LIT,MEM,P,412.8,15.2,LIT>MEM,2,97.09,80.0,28.0,1.91,109.91,-12.82,-13.2,LIT>MEM:$1.91
SH00293,2026-09-28,AutoParts Co,SGF,TUL,P,1173.8,56.6,SGF>TUL,2,271.0,80.0,28.0,8.51,116.51,154.49,57.0,SGF>TUL:$8.51
SH00294,2026-09-28,Ozark Building,SGF,MKC,P,1607.9,74.9,SGF>MKC,2,426.43,80.0,28.0,40.38,148.38,278.05,65.2,SGF>MKC:$40.38
SH00295,2026-09-28,Memphis Machinery,MEM,LIT,P,1274.9,46.9,MEM>LIT,2,312.15,80.0,28.0,5.9,113.9,198.25,63.5,MEM>LIT:$5.90
SH00296,2026-09-28,Ozark Furniture,SGF,MKC,E,975.3,170.6,SGF>MEM>MKC,4,215.13,80.0,56.0,94.31,230.31,-15.18,-7.1,SGF>MEM:$40.08;MEM>MKC:$54.22
SH00297,2026-09-28,KC Food Dist,MKC,LIT,P,1730.8,43.8,MKC>MEM>LIT,4,502.73,80.0,56.0,19.43,155.43,347.3,69.1,MKC>MEM:$13.92;MEM>LIT:$5.51
SH00298,2026-09-28,Tulsa Beverage,TUL,SGF,P,2197.9,73.3,TUL>SGF,2,469.78,80.0,28.0,11.02,119.02,350.76,74.7,TUL>SGF:$11.02
SH00299,2026-09-28,Ozark Building,SGF,MEM,P,1499.6,75.0,SGF>MEM,2,417.4,80.0,28.0,17.62,125.62,291.78,69.9,SGF>MEM:$17.62
SH00300,2026-09-28,River City Foods,LIT,MKC,P,1216.9,44.2,LIT>MEM>MKC,4,269.78,80.0,56.0,19.61,155.61,114.17,42.3,LIT>MEM:$5.56;MEM>MKC:$14.05
SH00301,2026-09-28,Ozark Building,SGF,STL,P,878.8,43.9,SGF>STL,2,201.54,80.0,28.0,8.42,116.42,85.12,42.2,SGF>STL:$8.42
SH00302,2026-09-28,Midwest Apparel,MKC,MEM,P,354.6,37.8,MKC>MEM,2,106.83,80.0,28.0,12.01,120.01,-13.18,-12.3,MKC>MEM:$12.01
SH00303,2026-09-28,Delta Plastics,MEM,SGF,P,387.0,38.2,MEM>SGF,2,97.02,80.0,28.0,8.97,116.97,-19.95,-20.6,MEM>SGF:$8.97
SH00304,2026-09-28,Crossroads Retail,MKC,MEM,E,1264.5,134.2,MKC>MEM,2,312.87,80.0,28.0,42.65,150.65,162.22,51.8,MKC>MEM:$42.65
SH00305,2026-09-28,Crossroads Retail,MKC,LIT,P,1011.0,84.2,MKC>MEM>LIT,4,299.64,80.0,56.0,37.36,173.36,126.28,42.1,MKC>MEM:$26.76;MEM>LIT:$10.60
SH00306,2026-09-28,Tulsa Beverage,TUL,SGF,E,1149.7,52.1,TUL>SGF,2,191.52,80.0,28.0,7.83,115.83,75.69,39.5,TUL>SGF:$7.83
SH00307,2026-09-28,Tulsa Beverage,TUL,STL,P,1786.9,50.5,TUL>SGF>STL,4,483.44,80.0,56.0,17.27,153.27,330.17,68.3,TUL>SGF:$7.59;SGF>STL:$9.68
SH00308,2026-09-28,Paper Mill Supply,STL,SGF,E,557.3,36.1,STL>SGF,2,94.12,80.0,28.0,6.92,114.92,-20.8,-22.1,STL>SGF:$6.92
SH00309,2026-09-28,AutoParts Co,SGF,TUL,P,1394.0,63.1,SGF>TUL,2,420.16,80.0,28.0,9.48,117.48,302.68,72.0,SGF>TUL:$9.48
SH00310,2026-09-28,Paper Mill Supply,STL,MKC,P,262.5,15.0,STL>MKC,2,77.4,80.0,28.0,19.08,127.08,-49.68,-64.2,STL>MKC:$19.08
SH00311,2026-09-28,Memphis Machinery,MEM,LIT,P,2462.0,95.9,MEM>LIT,2,700.6,80.0,28.0,12.07,120.07,580.53,82.9,MEM>LIT:$12.07
SH00312,2026-09-28,Gateway Electronics,STL,MKC,P,309.1,38.4,STL>MKC,2,83.94,80.0,28.0,48.84,156.84,-72.9,-86.9,STL>MKC:$48.84
SH00313,2026-09-28,Bluff City Apparel,MEM,SGF,E,1093.1,116.4,MEM>SGF,2,294.12,80.0,28.0,27.35,135.35,158.77,54.0,MEM>SGF:$27.35
SH00314,2026-09-28,Delta Plastics,MEM,MKC,P,1251.7,130.2,MEM>MKC,2,356.52,80.0,28.0,41.38,149.38,207.14,58.1,MEM>MKC:$41.38
SH00315,2026-09-28,AutoParts Co,SGF,STL,E,899.0,44.2,SGF>STL,2,221.72,80.0,28.0,8.48,116.48,105.24,47.5,SGF>STL:$8.48
SH00316,2026-09-28,Paper Mill Supply,STL,MEM,P,1639.0,98.0,STL>SGF>MEM,4,447.24,80.0,56.0,41.82,177.82,269.42,60.2,STL>SGF:$18.79;SGF>MEM:$23.02
SH00317,2026-09-28,Crossroads Retail,MKC,MEM,E,484.3,38.7,MKC>MEM,2,104.64,80.0,28.0,12.3,120.3,-15.66,-15.0,MKC>MEM:$12.30
SH00318,2026-09-28,AutoParts Co,SGF,LIT,P,1316.4,64.1,SGF>LIT,2,419.35,80.0,28.0,141.53,249.53,169.82,40.5,SGF>LIT:$141.53
SH00319,2026-09-28,AutoParts Co,SGF,MEM,P,660.5,22.9,SGF>MEM,2,182.35,80.0,28.0,5.38,113.38,68.97,37.8,SGF>MEM:$5.38
SH00320,2026-09-28,Paper Mill Supply,STL,SGF,E,710.7,37.3,STL>SGF,2,132.53,80.0,28.0,7.15,115.15,17.38,13.1,STL>SGF:$7.15
SH00321,2026-09-28,KC Food Dist,MKC,LIT,P,2011.6,65.8,MKC>MEM>LIT,4,533.99,80.0,56.0,29.2,165.2,368.79,69.1,MKC>MEM:$20.91;MEM>LIT:$8.28
SH00322,2026-09-28,Tulsa Beverage,TUL,SGF,E,1048.6,35.3,TUL>SGF,2,245.75,80.0,28.0,5.31,113.31,132.44,53.9,TUL>SGF:$5.31
SH00323,2026-09-28,AutoParts Co,SGF,LIT,E,927.9,42.4,SGF>MEM>LIT,4,196.31,80.0,56.0,15.3,151.3,45.01,22.9,SGF>MEM:$9.96;MEM>LIT:$5.34
SH00324,2026-09-28,Delta Plastics,MEM,TUL,P,982.7,109.5,MEM>TUL,2,266.87,80.0,28.0,284.68,392.68,-125.81,-47.1,MEM>TUL:$284.68
SH00325,2026-09-28,Delta Plastics,MEM,SGF,E,956.5,100.7,MEM>SGF,2,253.59,80.0,28.0,23.66,131.66,121.93,48.1,MEM>SGF:$23.66
SH00326,2026-09-28,Delta Plastics,MEM,MKC,E,552.2,53.4,MEM>MKC,2,152.76,80.0,28.0,16.97,124.97,27.79,18.2,MEM>MKC:$16.97
SH00327,2026-09-28,Ozark Building,SGF,MEM,P,1394.4,64.7,SGF>MEM,2,422.25,80.0,28.0,15.2,123.2,299.05,70.8,SGF>MEM:$15.20
SH00328,2026-09-28,Memphis Machinery,MEM,LIT,P,794.5,35.2,MEM>LIT,2,173.0,80.0,28.0,4.43,112.43,60.57,35.0,MEM>LIT:$4.43
SH00329,2026-09-28,Bluff City Apparel,MEM,SGF,P,740.7,69.6,MEM>SGF,2,214.06,80.0,28.0,16.35,124.35,89.71,41.9,MEM>SGF:$16.35
SH00330,2026-09-28,KC Food Dist,MKC,LIT,P,1202.1,44.7,MKC>MEM>LIT,4,337.07,80.0,56.0,19.83,155.83,181.24,53.8,MKC>MEM:$14.21;MEM>LIT:$5.63
SH00331,2026-09-28,AutoParts Co,SGF,LIT,P,1144.6,48.5,SGF>LIT,2,378.6,80.0,28.0,107.08,215.08,163.52,43.2,SGF>LIT:$107.08
SH00332,2026-09-28,River City Foods,LIT,SGF,P,2133.4,85.9,LIT>MEM>SGF,4,651.34,80.0,56.0,30.99,166.99,484.35,74.4,LIT>MEM:$10.81;MEM>SGF:$20.18
SH00333,2026-09-28,Delta Plastics,MEM,STL,P,220.7,25.6,MEM>STL,2,56.93,80.0,28.0,47.93,155.93,-99.0,-173.9,MEM>STL:$47.93
SH00334,2026-09-28,Delta Plastics,MEM,SGF,P,759.2,85.8,MEM>SGF,2,230.59,80.0,28.0,20.16,128.16,102.43,44.4,MEM>SGF:$20.16
SH00335,2026-09-28,Ozark Furniture,SGF,STL,P,564.0,59.3,SGF>STL,2,152.35,80.0,28.0,11.37,119.37,32.98,21.6,SGF>STL:$11.37
SH00336,2026-09-28,Ozark Building,SGF,LIT,E,1105.6,53.3,SGF>MEM>LIT,4,270.7,80.0,56.0,19.23,155.23,115.47,42.7,SGF>MEM:$12.52;MEM>LIT:$6.71
SH00337,2026-09-28,Memphis Machinery,MEM,STL,P,1943.1,76.0,MEM>STL,2,548.66,80.0,28.0,142.29,250.29,298.37,54.4,MEM>STL:$142.29
SH00338,2026-09-28,Ozark Furniture,SGF,TUL,E,991.2,136.3,SGF>TUL,2,186.46,80.0,28.0,20.49,128.49,57.97,31.1,SGF>TUL:$20.49
SH00339,2026-09-28,Ozark Furniture,SGF,STL,E,455.7,67.3,SGF>STL,2,92.12,80.0,28.0,12.91,120.91,-28.79,-31.2,SGF>STL:$12.91
SH00340,2026-09-28,Bluff City Apparel,MEM,LIT,P,586.2,78.0,MEM>LIT,2,133.88,80.0,28.0,9.82,117.82,16.06,12.0,MEM>LIT:$9.82
SH00341,2026-09-28,Paper Mill Supply,STL,MKC,E,1180.5,67.2,STL>SGF>MEM>MKC,6,271.62,80.0,84.0,50.03,214.03,57.59,21.2,STL>SGF:$12.89;SGF>MEM:$15.79;MEM>MKC:$21.36
SH00342,2026-09-28,Gateway Electronics,STL,MEM,E,612.5,67.7,STL>SGF>MEM,4,145.16,80.0,56.0,28.89,164.89,-19.73,-13.6,STL>SGF:$12.98;SGF>MEM:$15.91
SH00343,2026-09-28,Midwest Apparel,MKC,SGF,E,670.6,83.0,MKC>SGF,2,158.7,80.0,28.0,44.75,152.75,5.95,3.8,MKC>SGF:$44.75
SH00344,2026-09-28,Plains Pharma,TUL,MEM,P,339.3,27.4,TUL>SGF>MEM,4,94.67,80.0,56.0,10.56,146.56,-51.89,-54.8,TUL>SGF:$4.12;SGF>MEM:$6.44
SH00345,2026-09-28,Gateway Electronics,STL,LIT,E,342.3,35.3,STL>SGF>MEM>LIT,6,78.6,80.0,84.0,19.51,183.51,-104.91,-133.5,STL>SGF:$6.77;SGF>MEM:$8.29;MEM>LIT:$4.44
SH00346,2026-09-28,Ozark Furniture,SGF,STL,P,863.2,107.4,SGF>STL,2,219.67,80.0,28.0,20.6,128.6,91.07,41.5,SGF>STL:$20.60
SH00347,2026-09-28,KC Food Dist,MKC,SGF,P,1567.5,65.3,MKC>SGF,2,512.78,80.0,28.0,35.2,143.2,369.58,72.1,MKC>SGF:$35.20
SH00348,2026-09-28,River City Foods,LIT,TUL,P,2017.4,78.9,LIT>MEM>SGF>TUL,6,518.66,80.0,84.0,40.33,204.33,314.33,60.6,LIT>MEM:$9.93;MEM>SGF:$18.54;SGF>TUL:$11.86
SH00349,2026-09-28,Bluff City Apparel,MEM,MKC,P,423.5,50.7,MEM>MKC,2,132.27,80.0,28.0,16.11,124.11,8.16,6.2,MEM>MKC:$16.11
SH00350,2026-09-28,Crossroads Retail,MKC,MEM,E,1330.0,111.7,MKC>MEM,2,383.83,80.0,28.0,35.5,143.5,240.33,62.6,MKC>MEM:$35.50
SH00351,2026-09-28,Midwest Apparel,MKC,MEM,E,476.3,61.7,MKC>MEM,2,131.58,80.0,28.0,19.61,127.61,3.97,3.0,MKC>MEM:$19.61
SH00352,2026-09-28,Midwest Apparel,MKC,MEM,E,300.4,38.3,MKC>MEM,2,79.31,80.0,28.0,12.17,120.17,-40.86,-51.5,MKC>MEM:$12.17
SH00353,2026-09-28,Gateway Electronics,STL,TUL,E,411.1,46.1,STL>SGF>TUL,4,102.64,80.0,56.0,15.77,151.77,-49.13,-47.9,STL>SGF:$8.84;SGF>TUL:$6.93
SH00354,2026-09-28,Memphis Machinery,MEM,STL,P,602.1,21.2,MEM>STL,2,181.73,80.0,28.0,39.69,147.69,34.04,18.7,MEM>STL:$39.69
SH00355,2026-09-28,Plains Pharma,TUL,LIT,P,243.5,24.6,TUL>SGF>MEM>LIT,6,68.56,80.0,84.0,12.57,176.57,-108.01,-157.5,TUL>SGF:$3.70;SGF>MEM:$5.78;MEM>LIT:$3.10
SH00356,2026-09-28,Gateway Electronics,STL,SGF,P,418.8,40.5,STL>SGF,2,107.71,80.0,28.0,7.77,115.77,-8.06,-7.5,STL>SGF:$7.77
SH00357,2026-09-28,Gateway Electronics,STL,MEM,P,307.9,30.4,STL>SGF>MEM,4,90.74,80.0,56.0,12.97,148.97,-58.23,-64.2,STL>SGF:$5.83;SGF>MEM:$7.14
SH00358,2026-09-28,Midwest Apparel,MKC,TUL,P,245.1,31.3,MKC>MEM>SGF>TUL,6,71.87,80.0,84.0,22.01,186.01,-114.14,-158.8,MKC>MEM:$9.95;MEM>SGF:$7.35;SGF>TUL:$4.70
SH00359,2026-09-28,Paper Mill Supply,STL,SGF,E,1801.5,97.5,STL>SGF,2,363.6,80.0,28.0,18.7,126.7,236.9,65.2,STL>SGF:$18.70
SH00360,2026-09-28,Midwest Apparel,MKC,LIT,P,566.3,74.1,MKC>MEM>LIT,4,180.36,80.0,56.0,32.88,168.88,11.48,6.4,MKC>MEM:$23.55;MEM>LIT:$9.33
SH00361,2026-09-28,KC Food Dist,MKC,MEM,P,1113.1,44.3,MKC>MEM,2,338.64,80.0,28.0,14.08,122.08,216.56,63.9,MKC>MEM:$14.08
SH00362,2026-09-28,Paper Mill Supply,STL,SGF,P,319.5,19.0,STL>SGF,2,85.17,80.0,28.0,3.64,111.64,-26.47,-31.1,STL>SGF:$3.64
SH00363,2026-09-28,Ozark Furniture,SGF,STL,P,1062.3,168.0,SGF>STL,2,306.75,80.0,28.0,32.22,140.22,166.53,54.3,SGF>STL:$32.22
SH00364,2026-09-28,Bluff City Apparel,MEM,TUL,E,463.2,62.3,MEM>SGF>TUL,4,106.49,80.0,56.0,24.0,160.0,-53.51,-50.3,MEM>SGF:$14.64;SGF>TUL:$9.36
SH00365,2026-09-28,Paper Mill Supply,STL,MKC,E,679.4,42.3,STL>SGF>MEM>MKC,6,151.3,80.0,84.0,31.49,195.49,-44.19,-29.2,STL>SGF:$8.11;SGF>MEM:$9.94;MEM>MKC:$13.44
SH00366,2026-09-28,Ozark Furniture,SGF,LIT,P,892.1,120.2,SGF>LIT,2,252.16,80.0,28.0,265.39,373.39,-121.23,-48.1,SGF>LIT:$265.39
SH00367,2026-09-28,Memphis Machinery,MEM,SGF,P,1864.5,68.1,MEM>SGF,2,540.15,80.0,28.0,16.0,124.0,416.15,77.0,MEM>SGF:$16.00
SH00368,2026-09-28,Plains Pharma,TUL,STL,P,216.6,17.6,TUL>SGF>STL,4,62.96,80.0,56.0,6.02,142.02,-79.06,-125.6,TUL>SGF:$2.65;SGF>STL:$3.38
SH00369,2026-09-28,Midwest Apparel,MKC,LIT,E,897.5,115.5,MKC>MEM>LIT,4,221.76,80.0,56.0,51.25,187.25,34.51,15.6,MKC>MEM:$36.71;MEM>LIT:$14.54
SH00370,2026-09-28,Delta Plastics,MEM,TUL,P,1170.6,117.1,MEM>TUL,2,364.14,80.0,28.0,304.43,412.43,-48.29,-13.3,MEM>TUL:$304.43
SH00371,2026-09-28,River City Foods,LIT,MEM,E,930.1,25.3,LIT>MEM,2,155.38,80.0,28.0,3.18,111.18,44.2,28.4,LIT>MEM:$3.18
SH00372,2026-09-28,Ozark Furniture,SGF,TUL,E,845.1,121.7,SGF>TUL,2,164.57,80.0,28.0,18.29,126.29,38.28,23.3,SGF>TUL:$18.29
SH00373,2026-09-28,KC Food Dist,MKC,MEM,E,2423.9,88.1,MKC>MEM,2,542.63,80.0,28.0,28.0,136.0,406.63,74.9,MKC>MEM:$28.00
SH00374,2026-09-28,Bluff City Apparel,MEM,LIT,E,734.4,105.0,MEM>LIT,2,172.75,80.0,28.0,13.22,121.22,51.53,29.8,MEM>LIT:$13.22
SH00375,2026-09-28,River City Foods,LIT,SGF,P,1080.6,39.1,LIT>MEM>SGF,4,317.14,80.0,56.0,14.11,150.11,167.03,52.7,LIT>MEM:$4.92;MEM>SGF:$9.19
SH00376,2026-09-28,Midwest Apparel,MKC,TUL,P,1047.5,127.6,MKC>MEM>SGF>TUL,6,270.51,80.0,84.0,89.71,253.71,16.8,6.2,MKC>MEM:$40.56;MEM>SGF:$29.98;SGF>TUL:$19.18
SH00377,2026-09-28,KC Food Dist,MKC,MEM,P,1360.3,49.5,MKC>MEM,2,390.84,80.0,28.0,15.73,123.73,267.11,68.3,MKC>MEM:$15.73
SH00378,2026-09-28,Crossroads Retail,MKC,STL,P,891.9,75.4,MKC>MEM>SGF>STL,6,228.93,80.0,84.0,56.14,220.14,8.79,3.8,MKC>MEM:$23.97;MEM>SGF:$17.71;SGF>STL:$14.46
SH00379,2026-09-28,KC Food Dist,MKC,SGF,E,1693.0,52.0,MKC>SGF,2,353.31,80.0,28.0,28.03,136.03,217.28,61.5,MKC>SGF:$28.03
SH00380,2026-09-28,Tulsa Beverage,TUL,SGF,E,799.4,28.2,TUL>SGF,2,176.19,80.0,28.0,4.24,112.24,63.95,36.3,TUL>SGF:$4.24
SH00381,2026-09-28,Plains Pharma,TUL,STL,P,414.7,34.1,TUL>SGF>STL,4,130.44,80.0,56.0,11.66,147.66,-17.22,-13.2,TUL>SGF:$5.13;SGF>STL:$6.54
SH00382,2026-09-28,KC Food Dist,MKC,MEM,P,1129.1,39.2,MKC>MEM,2,329.24,80.0,28.0,12.46,120.46,208.78,63.4,MKC>MEM:$12.46
SH00383,2026-09-28,Midwest Apparel,MKC,LIT,E,995.0,121.9,MKC>MEM>LIT,4,257.25,80.0,56.0,54.09,190.09,67.16,26.1,MKC>MEM:$38.74;MEM>LIT:$15.34
SH00384,2026-09-28,Paper Mill Supply,STL,SGF,P,1026.2,56.8,STL>SGF,2,287.74,80.0,28.0,10.89,118.89,168.85,58.7,STL>SGF:$10.89
SH00385,2026-09-28,Bluff City Apparel,MEM,MKC,P,593.2,67.5,MEM>MKC,2,186.67,80.0,28.0,21.45,129.45,57.22,30.7,MEM>MKC:$21.45
SH00386,2026-09-28,AutoParts Co,SGF,MKC,P,708.0,34.3,SGF>MKC,2,196.11,80.0,28.0,18.49,126.49,69.62,35.5,SGF>MKC:$18.49
SH00387,2026-09-28,Bluff City Apparel,MEM,SGF,E,223.5,25.2,MEM>SGF,2,51.0,80.0,28.0,5.92,113.92,-62.92,-123.4,MEM>SGF:$5.92
SH00388,2026-09-28,Paper Mill Supply,STL,SGF,E,2007.1,105.6,STL>SGF,2,390.46,80.0,28.0,20.25,128.25,262.21,67.2,STL>SGF:$20.25
SH00389,2026-09-28,Gateway Electronics,STL,SGF,E,519.4,44.9,STL>SGF,2,91.75,80.0,28.0,8.61,116.61,-24.86,-27.1,STL>SGF:$8.61
SH00390,2026-09-28,Tulsa Beverage,TUL,MEM,E,1803.4,68.0,TUL>SGF>MEM,4,470.15,80.0,56.0,26.2,162.2,307.95,65.5,TUL>SGF:$10.22;SGF>MEM:$15.98
SH00391,2026-09-28,Midwest Apparel,MKC,TUL,E,797.5,83.7,MKC>MEM>SGF>TUL,6,214.81,80.0,84.0,58.85,222.85,-8.04,-3.7,MKC>MEM:$26.60;MEM>SGF:$19.66;SGF>TUL:$12.58
SH00392,2026-09-28,Bluff City Apparel,MEM,SGF,P,472.2,60.9,MEM>SGF,2,128.47,80.0,28.0,14.31,122.31,6.16,4.8,MEM>SGF:$14.31
SH00393,2026-09-28,Delta Plastics,MEM,LIT,P,499.5,50.8,MEM>LIT,2,127.37,80.0,28.0,6.39,114.39,12.98,10.2,MEM>LIT:$6.39
SH00394,2026-09-28,Paper Mill Supply,STL,SGF,P,1385.7,78.7,STL>SGF,2,357.34,80.0,28.0,15.09,123.09,234.25,65.6,STL>SGF:$15.09
SH00395,2026-09-28,Paper Mill Supply,STL,SGF,P,1825.7,122.4,STL>SGF,2,513.78,80.0,28.0,23.47,131.47,382.31,74.4,STL>SGF:$23.47
SH00396,2026-09-28,Midwest Apparel,MKC,MEM,E,405.6,48.8,MKC>MEM,2,104.76,80.0,28.0,15.51,123.51,-18.75,-17.9,MKC>MEM:$15.51
SH00397,2026-09-28,KC Food Dist,MKC,TUL,E,1702.1,61.5,MKC>MEM>SGF>TUL,6,426.16,80.0,84.0,43.24,207.24,218.92,51.4,MKC>MEM:$19.55;MEM>SGF:$14.45;SGF>TUL:$9.24
SH00398,2026-09-28,KC Food Dist,MKC,LIT,P,983.2,34.6,MKC>MEM>LIT,4,277.17,80.0,56.0,15.35,151.35,125.82,45.4,MKC>MEM:$11.00;MEM>LIT:$4.36
SH00399,2026-09-28,Ozark Furniture,SGF,STL,P,764.4,112.1,SGF>STL,2,188.27,80.0,28.0,21.5,129.5,58.77,31.2,SGF>STL:$21.50
SH00400,2026-09-28,Ozark Furniture,SGF,LIT,P,318.0,45.0,SGF>LIT,2,102.95,80.0,28.0,99.36,207.36,-104.41,-101.4,SGF>LIT:$99.36
SH00401,2026-09-28,Bluff City Apparel,MEM,MKC,P,648.3,83.3,MEM>MKC,2,213.97,80.0,28.0,26.48,134.48,79.49,37.2,MEM>MKC:$26.48
SH00402,2026-09-28,Plains Pharma,TUL,SGF,E,210.1,19.9,TUL>SGF,2,44.81,80.0,28.0,2.99,110.99,-66.18,-147.7,TUL>SGF:$2.99
SH00403,2026-09-28,Paper Mill Supply,STL,TUL,P,1459.1,79.6,STL>SGF>TUL,4,408.48,80.0,56.0,27.23,163.23,245.25,60.0,STL>SGF:$15.27;SGF>TUL:$11.96
SH00404,2026-09-28,AutoParts Co,SGF,MEM,E,1092.1,57.1,SGF>MEM,2,250.77,80.0,28.0,13.42,121.42,129.35,51.6,SGF>MEM:$13.42
SH00405,2026-09-28,Memphis Machinery,MEM,MKC,E,1763.1,72.2,MEM>MKC,2,469.95,80.0,28.0,22.95,130.95,339.0,72.1,MEM>MKC:$22.95
SH00406,2026-09-28,Bluff City Apparel,MEM,SGF,P,494.3,61.4,MEM>SGF,2,156.1,80.0,28.0,14.43,122.43,33.67,21.6,MEM>SGF:$14.43
SH00407,2026-09-28,Midwest Apparel,MKC,STL,E,399.5,52.7,MKC>MEM>SGF>STL,6,87.08,80.0,84.0,39.24,203.24,-116.16,-133.4,MKC>MEM:$16.75;MEM>SGF:$12.38;SGF>STL:$10.11
SH00408,2026-09-28,Delta Plastics,MEM,LIT,P,739.6,73.1,MEM>LIT,2,154.1,80.0,28.0,9.2,117.2,36.9,23.9,MEM>LIT:$9.20
SH00409,2026-09-28,Tulsa Beverage,TUL,SGF,E,1964.9,67.3,TUL>SGF,2,417.64,80.0,28.0,10.12,118.12,299.52,71.7,TUL>SGF:$10.12
SH00410,2026-09-28,KC Food Dist,MKC,SGF,E,1771.9,67.6,MKC>SGF,2,464.43,80.0,28.0,36.44,144.44,319.99,68.9,MKC>SGF:$36.44
SH00411,2026-09-28,Ozark Furniture,SGF,LIT,P,523.2,73.2,SGF>LIT,2,179.48,80.0,28.0,161.62,269.62,-90.14,-50.2,SGF>LIT:$161.62
SH00412,2026-09-28,AutoParts Co,SGF,STL,P,650.1,21.7,SGF>STL,2,195.0,80.0,28.0,4.16,112.16,82.84,42.5,SGF>STL:$4.16
SH00413,2026-09-28,AutoParts Co,SGF,STL,P,835.7,35.0,SGF>STL,2,243.27,80.0,28.0,6.71,114.71,128.56,52.8,SGF>STL:$6.71
SH00414,2026-09-28,AutoParts Co,SGF,STL,P,682.2,29.9,SGF>STL,2,190.72,80.0,28.0,5.73,113.73,76.99,40.4,SGF>STL:$5.73
SH00415,2026-09-28,Tulsa Beverage,TUL,SGF,P,752.0,26.1,TUL>SGF,2,208.43,80.0,28.0,3.92,111.92,96.51,46.3,TUL>SGF:$3.92
SH00416,2026-09-28,Midwest Apparel,MKC,TUL,E,483.5,64.4,MKC>MEM>SGF>TUL,6,99.67,80.0,84.0,45.28,209.28,-109.61,-110.0,MKC>MEM:$20.47;MEM>SGF:$15.13;SGF>TUL:$9.68
SH00417,2026-09-28,KC Food Dist,MKC,TUL,P,872.1,26.9,MKC>MEM>SGF>TUL,6,271.68,80.0,84.0,18.91,182.91,88.77,32.7,MKC>MEM:$8.55;MEM>SGF:$6.32;SGF>TUL:$4.04
SH00418,2026-09-28,Midwest Apparel,MKC,STL,E,878.1,111.4,MKC>MEM>SGF>STL,6,158.21,80.0,84.0,82.94,246.94,-88.73,-56.1,MKC>MEM:$35.41;MEM>SGF:$26.17;SGF>STL:$21.36
SH00419,2026-09-28,Midwest Apparel,MKC,MEM,P,564.9,76.2,MKC>MEM,2,144.39,80.0,28.0,24.22,132.22,12.17,8.4,MKC>MEM:$24.22
SH00420,2026-09-28,Ozark Building,SGF,MEM,P,1289.8,66.5,SGF>MEM,2,418.05,80.0,28.0,15.62,123.62,294.43,70.4,SGF>MEM:$15.62
SH00421,2026-09-28,KC Food Dist,MKC,MEM,E,1848.3,65.6,MKC>MEM,2,449.92,80.0,28.0,20.85,128.85,321.07,71.4,MKC>MEM:$20.85
SH00422,2026-09-28,Paper Mill Supply,STL,LIT,E,925.2,54.9,STL>SGF>MEM>LIT,6,226.28,80.0,84.0,30.34,194.34,31.94,14.1,STL>SGF:$10.53;SGF>MEM:$12.90;MEM>LIT:$6.91
SH00423,2026-09-28,Ozark Furniture,SGF,TUL,E,1194.5,185.5,SGF>TUL,2,250.51,80.0,28.0,27.88,135.88,114.63,45.8,SGF>TUL:$27.88
SH00424,2026-09-28,River City Foods,LIT,TUL,P,1283.0,55.1,LIT>MEM>SGF>TUL,6,361.53,80.0,84.0,28.16,192.16,169.37,46.8,LIT>MEM:$6.94;MEM>SGF:$12.95;SGF>TUL:$8.28
SH00425,2026-09-28,Paper Mill Supply,STL,SGF,P,1517.8,98.7,STL>SGF,2,357.31,80.0,28.0,18.93,126.93,230.38,64.5,STL>SGF:$18.93
SH00426,2026-09-28,AutoParts Co,SGF,TUL,E,712.4,32.1,SGF>TUL,2,146.12,80.0,28.0,4.82,112.82,33.3,22.8,SGF>TUL:$4.82
SH00427,2026-09-28,Gateway Electronics,STL,MKC,P,540.5,53.0,STL>MKC,2,165.17,80.0,28.0,67.41,175.41,-10.24,-6.2,STL>MKC:$67.41
SH00428,2026-09-28,Crossroads Retail,MKC,STL,E,934.9,89.4,MKC>MEM>SGF>STL,6,197.38,80.0,84.0,66.56,230.56,-33.18,-16.8,MKC>MEM:$28.41;MEM>SGF:$21.00;SGF>STL:$17.14
SH00429,2026-09-28,Ozark Furniture,SGF,MKC,P,436.4,66.6,SGF>MKC,2,139.98,80.0,28.0,35.91,143.91,-3.93,-2.8,SGF>MKC:$35.91
SH00430,2026-09-28,Paper Mill Supply,STL,SGF,P,1391.7,70.1,STL>SGF,2,373.79,80.0,28.0,13.44,121.44,252.35,67.5,STL>SGF:$13.44
SH00431,2026-09-28,River City Foods,LIT,MEM,E,1377.6,49.4,LIT>MEM,2,231.71,80.0,28.0,6.22,114.22,117.49,50.7,LIT>MEM:$6.22
SH00432,2026-09-28,AutoParts Co,SGF,STL,P,906.2,39.9,SGF>STL,2,270.33,80.0,28.0,7.65,115.65,154.68,57.2,SGF>STL:$7.65
SH00433,2026-09-28,Ozark Building,SGF,TUL,E,1132.1,58.8,SGF>TUL,2,244.63,80.0,28.0,8.84,116.84,127.79,52.2,SGF>TUL:$8.84
SH00434,2026-09-28,Ozark Building,SGF,LIT,P,1648.7,92.9,SGF>LIT,2,481.07,80.0,28.0,205.11,313.11,167.96,34.9,SGF>LIT:$205.11
SH00435,2026-09-28,Ozark Furniture,SGF,MKC,P,712.2,92.1,SGF>MKC,2,205.94,80.0,28.0,49.65,157.65,48.29,23.4,SGF>MKC:$49.65
SH00436,2026-09-28,Delta Plastics,MEM,SGF,E,796.8,97.4,MEM>SGF,2,169.97,80.0,28.0,22.88,130.88,39.09,23.0,MEM>SGF:$22.88
SH00437,2026-09-28,Crossroads Retail,MKC,SGF,P,646.3,54.2,MKC>SGF,2,192.16,80.0,28.0,29.22,137.22,54.94,28.6,MKC>SGF:$29.22
SH00438,2026-09-28,Paper Mill Supply,STL,LIT,P,1770.8,99.5,STL>SGF>MEM>LIT,6,585.33,80.0,84.0,54.98,218.98,366.35,62.6,STL>SGF:$19.08;SGF>MEM:$23.38;MEM>LIT:$12.52
SH00439,2026-09-28,River City Foods,LIT,MKC,E,931.5,39.5,LIT>MEM>MKC,4,253.64,80.0,56.0,17.53,153.53,100.11,39.5,LIT>MEM:$4.97;MEM>MKC:$12.55
SH00440,2026-09-28,KC Food Dist,MKC,MEM,E,1654.3,57.3,MKC>MEM,2,415.48,80.0,28.0,18.21,126.21,289.27,69.6,MKC>MEM:$18.21
SH00441,2026-09-28,Ozark Building,SGF,MEM,P,888.3,43.7,SGF>MEM,2,244.17,80.0,28.0,10.27,118.27,125.9,51.6,SGF>MEM:$10.27
SH00442,2026-09-28,Plains Pharma,TUL,SGF,P,203.7,16.1,TUL>SGF,2,47.32,80.0,28.0,2.42,110.42,-63.1,-133.3,TUL>SGF:$2.42
SH00443,2026-09-28,Memphis Machinery,MEM,STL,E,1746.7,74.3,MEM>SGF>STL,4,466.07,80.0,56.0,31.71,167.71,298.36,64.0,MEM>SGF:$17.46;SGF>STL:$14.25
SH00444,2026-09-28,Ozark Building,SGF,LIT,P,1279.4,55.5,SGF>LIT,2,401.0,80.0,28.0,122.54,230.54,170.46,42.5,SGF>LIT:$122.54
SH00445,2026-09-28,River City Foods,LIT,MEM,E,703.5,28.2,LIT>MEM,2,130.87,80.0,28.0,3.55,111.55,19.32,14.8,LIT>MEM:$3.55
SH00446,2026-09-28,Plains Pharma,TUL,SGF,P,522.9,44.6,TUL>SGF,2,120.28,80.0,28.0,6.7,114.7,5.58,4.6,TUL>SGF:$6.70
SH00447,2026-09-28,Plains Pharma,TUL,SGF,P,169.7,14.3,TUL>SGF,2,48.09,80.0,28.0,2.15,110.15,-62.06,-129.0,TUL>SGF:$2.15
SH00448,2026-09-28,Plains Pharma,TUL,MEM,E,368.3,27.6,TUL>SGF>MEM,4,89.32,80.0,56.0,10.63,146.63,-57.31,-64.2,TUL>SGF:$4.15;SGF>MEM:$6.48
SH00449,2026-09-28,Bluff City Apparel,MEM,MKC,P,668.3,83.4,MEM>MKC,2,197.37,80.0,28.0,26.51,134.51,62.86,31.8,MEM>MKC:$26.51
SH00450,2026-09-28,Midwest Apparel,MKC,LIT,P,323.3,37.5,MKC>MEM>LIT,4,88.16,80.0,56.0,16.64,152.64,-64.48,-73.1,MKC>MEM:$11.92;MEM>LIT:$4.72
SH00451,2026-09-28,River City Foods,LIT,SGF,E,734.7,20.9,LIT>MEM>SGF,4,187.55,80.0,56.0,7.54,143.54,44.01,23.5,LIT>MEM:$2.63;MEM>SGF:$4.91
SH00452,2026-09-28,AutoParts Co,SGF,TUL,P,917.6,43.7,SGF>TUL,2,231.12,80.0,28.0,6.57,114.57,116.55,50.4,SGF>TUL:$6.57
SH00453,2026-09-28,AutoParts Co,SGF,TUL,P,1227.8,57.9,SGF>TUL,2,309.07,80.0,28.0,8.7,116.7,192.37,62.2,SGF>TUL:$8.70
SH00454,2026-09-28,AutoParts Co,SGF,LIT,P,1683.2,77.6,SGF>LIT,2,465.28,80.0,28.0,171.33,279.33,185.95,40.0,SGF>LIT:$171.33
SH00455,2026-09-28,Gateway Electronics,STL,SGF,P,747.6,78.9,STL>SGF,2,208.06,80.0,28.0,15.13,123.13,84.93,40.8,STL>SGF:$15.13
SH00456,2026-09-28,Memphis Machinery,MEM,SGF,E,1260.4,42.4,MEM>SGF,2,320.67,80.0,28.0,9.96,117.96,202.71,63.2,MEM>SGF:$9.96
SH00457,2026-09-28,Tulsa Beverage,TUL,SGF,P,1269.8,46.3,TUL>SGF,2,356.12,80.0,28.0,6.96,114.96,241.16,67.7,TUL>SGF:$6.96
SH00458,2026-09-28,Delta Plastics,MEM,LIT,P,167.1,22.9,MEM>LIT,2,43.27,80.0,28.0,2.88,110.88,-67.61,-156.3,MEM>LIT:$2.88
SH00459,2026-09-28,Paper Mill Supply,STL,MEM,P,1085.2,59.8,STL>SGF>MEM,4,328.75,80.0,56.0,25.52,161.52,167.23,50.9,STL>SGF:$11.47;SGF>MEM:$14.05
SH00460,2026-09-28,River City Foods,LIT,MEM,E,1572.5,54.3,LIT>MEM,2,363.35,80.0,28.0,6.83,114.83,248.52,68.4,LIT>MEM:$6.83
SH00461,2026-09-28,Tulsa Beverage,TUL,MKC,P,1328.8,46.7,TUL>SGF>MEM>MKC,6,383.23,80.0,84.0,32.83,196.83,186.4,48.6,TUL>SGF:$7.02;SGF>MEM:$10.97;MEM>MKC:$14.84
SH00462,2026-09-28,Delta Plastics,MEM,TUL,P,530.7,62.7,MEM>TUL,2,174.74,80.0,28.0,163.01,271.01,-96.27,-55.1,MEM>TUL:$163.01
SH00463,2026-09-28,Gateway Electronics,STL,SGF,P,327.5,29.8,STL>SGF,2,88.75,80.0,28.0,5.71,113.71,-24.96,-28.1,STL>SGF:$5.71
SH00464,2026-09-28,Gateway Electronics,STL,SGF,E,972.6,93.5,STL>SGF,2,178.02,80.0,28.0,17.93,125.93,52.09,29.3,STL>SGF:$17.93
SH00465,2026-09-28,River City Foods,LIT,MKC,P,1000.8,45.1,LIT>MEM>MKC,4,296.16,80.0,56.0,20.01,156.01,140.15,47.3,LIT>MEM:$5.68;MEM>MKC:$14.33
SH00466,2026-09-28,AutoParts Co,SGF,STL,P,707.3,34.7,SGF>STL,2,181.89,80.0,28.0,6.65,114.65,67.24,37.0,SGF>STL:$6.65
SH00467,2026-09-28,Tulsa Beverage,TUL,MEM,P,2072.8,78.6,TUL>SGF>MEM,4,583.79,80.0,56.0,30.28,166.28,417.51,71.5,TUL>SGF:$11.81;SGF>MEM:$18.47
SH00468,2026-09-28,Bluff City Apparel,MEM,TUL,P,938.9,121.0,MEM>TUL,2,289.99,80.0,28.0,314.57,422.57,-132.58,-45.7,MEM>TUL:$314.57
SH00469,2026-09-28,AutoParts Co,SGF,STL,P,1113.4,37.7,SGF>STL,2,277.26,80.0,28.0,7.23,115.23,162.03,58.4,SGF>STL:$7.23
SH00470,2026-09-28,River City Foods,LIT,MEM,P,1783.3,42.3,LIT>MEM,2,559.93,80.0,28.0,5.32,113.32,446.61,79.8,LIT>MEM:$5.32
SH00471,2026-09-28,KC Food Dist,MKC,SGF,E,1131.7,35.6,MKC>SGF,2,274.5,80.0,28.0,19.19,127.19,147.31,53.7,MKC>SGF:$19.19
SH00472,2026-09-28,Crossroads Retail,MKC,MEM,P,260.7,22.7,MKC>MEM,2,73.81,80.0,28.0,7.21,115.21,-41.4,-56.1,MKC>MEM:$7.21
SH00473,2026-09-28,Delta Plastics,MEM,LIT,P,1026.2,126.3,MEM>LIT,2,264.97,80.0,28.0,15.9,123.9,141.07,53.2,MEM>LIT:$15.90
SH00474,2026-09-28,Delta Plastics,MEM,STL,P,519.3,56.4,MEM>STL,2,154.13,80.0,28.0,105.6,213.6,-59.47,-38.6,MEM>STL:$105.60
SH00475,2026-09-28,Paper Mill Supply,STL,SGF,P,390.2,21.8,STL>SGF,2,101.81,80.0,28.0,4.18,112.18,-10.37,-10.2,STL>SGF:$4.18
SH00476,2026-09-28,AutoParts Co,SGF,MKC,P,980.5,44.0,SGF>MKC,2,291.49,80.0,28.0,23.72,131.72,159.77,54.8,SGF>MKC:$23.72
SH00477,2026-09-28,KC Food Dist,MKC,MEM,E,1660.1,60.0,MKC>MEM,2,438.62,80.0,28.0,19.07,127.07,311.55,71.0,MKC>MEM:$19.07
SH00478,2026-09-28,AutoParts Co,SGF,MEM,E,1098.3,45.3,SGF>MEM,2,210.2,80.0,28.0,10.64,118.64,91.56,43.6,SGF>MEM:$10.64
SH00479,2026-09-28,Ozark Building,SGF,TUL,P,1170.0,65.0,SGF>TUL,2,333.02,80.0,28.0,9.77,117.77,215.25,64.6,SGF>TUL:$9.77
SH00480,2026-09-28,Gateway Electronics,STL,SGF,P,550.9,58.8,STL>SGF,2,159.9,80.0,28.0,11.28,119.28,40.62,25.4,STL>SGF:$11.28
SH00481,2026-09-28,Gateway Electronics,STL,SGF,P,342.7,34.9,STL>SGF,2,92.64,80.0,28.0,6.69,114.69,-22.05,-23.8,STL>SGF:$6.69
SH00482,2026-09-28,Ozark Furniture,SGF,MEM,E,238.0,35.5,SGF>MEM,2,54.68,80.0,28.0,8.34,116.34,-61.66,-112.8,SGF>MEM:$8.34
SH00483,2026-09-28,Midwest Apparel,MKC,STL,E,662.0,84.6,MKC>MEM>SGF>STL,6,126.98,80.0,84.0,62.99,226.99,-100.01,-78.8,MKC>MEM:$26.89;MEM>SGF:$19.88;SGF>STL:$16.22
SH00484,2026-09-28,Paper Mill Supply,STL,TUL,E,1037.6,53.2,STL>SGF>TUL,4,272.71,80.0,56.0,18.2,154.2,118.51,43.5,STL>SGF:$10.20;SGF>TUL:$8.00
SH00485,2026-09-28,Bluff City Apparel,MEM,LIT,E,754.5,106.4,MEM>LIT,2,161.35,80.0,28.0,13.39,121.39,39.96,24.8,MEM>LIT:$13.39
SH00486,2026-09-28,Gateway Electronics,STL,TUL,E,399.1,39.0,STL>SGF>TUL,4,100.48,80.0,56.0,13.34,149.34,-48.86,-48.6,STL>SGF:$7.48;SGF>TUL:$5.86
SH00487,2026-09-28,Delta Plastics,MEM,LIT,E,580.4,74.5,MEM>LIT,2,119.17,80.0,28.0,9.38,117.38,1.79,1.5,MEM>LIT:$9.38
SH00488,2026-09-28,Ozark Furniture,SGF,LIT,P,80.0,11.4,SGF>LIT,2,22.51,80.0,28.0,25.17,133.17,-110.66,-491.6,SGF>LIT:$25.17
SH00489,2026-09-28,AutoParts Co,SGF,TUL,E,1190.1,59.3,SGF>TUL,2,272.91,80.0,28.0,8.91,116.91,156.0,57.2,SGF>TUL:$8.91
SH00490,2026-09-28,Ozark Furniture,SGF,MKC,P,996.9,130.9,SGF>MKC,2,316.73,80.0,28.0,70.57,178.57,138.16,43.6,SGF>MKC:$70.57
SH00491,2026-09-28,River City Foods,LIT,TUL,P,1521.2,55.1,LIT>MEM>SGF>TUL,6,417.33,80.0,84.0,28.16,192.16,225.17,54.0,LIT>MEM:$6.94;MEM>SGF:$12.95;SGF>TUL:$8.28
SH00492,2026-09-28,AutoParts Co,SGF,MKC,P,1911.9,87.8,SGF>MKC,2,583.93,80.0,28.0,47.33,155.33,428.6,73.4,SGF>MKC:$47.33
SH00493,2026-09-28,KC Food Dist,MKC,MEM,P,1215.6,37.1,MKC>MEM,2,366.8,80.0,28.0,11.79,119.79,247.01,67.3,MKC>MEM:$11.79
SH00494,2026-09-28,Memphis Machinery,MEM,LIT,P,2322.2,91.3,MEM>LIT,2,526.86,80.0,28.0,11.49,119.49,407.37,77.3,MEM>LIT:$11.49
SH00495,2026-09-28,Ozark Furniture,SGF,TUL,P,516.8,78.1,SGF>TUL,2,130.74,80.0,28.0,11.74,119.74,11.0,8.4,SGF>TUL:$11.74
SH00496,2026-09-28,KC Food Dist,MKC,STL,P,2354.6,72.5,MKC>MEM>SGF>STL,6,646.34,80.0,84.0,53.98,217.98,428.36,66.3,MKC>MEM:$23.04;MEM>SGF:$17.03;SGF>STL:$13.90
SH00497,2026-09-28,Ozark Furniture,SGF,MEM,P,87.5,12.7,SGF>MEM,2,24.51,80.0,28.0,2.98,110.98,-86.47,-352.8,SGF>MEM:$2.98
SH00498,2026-09-28,River City Foods,LIT,MKC,P,1076.1,39.6,LIT>MEM>MKC,4,337.98,80.0,56.0,17.57,153.57,184.41,54.6,LIT>MEM:$4.98;MEM>MKC:$12.59
SH00499,2026-09-28,Ozark Building,SGF,STL,P,1619.6,91.7,SGF>STL,2,389.59,80.0,28.0,17.59,125.59,264.0,67.8,SGF>STL:$17.59
SH00500,2026-09-28,Ozark Building,SGF,MEM,E,1893.8,81.0,SGF>MEM,2,502.26,80.0,28.0,19.03,127.03,375.23,74.7,SGF>MEM:$19.03
SH00501,2026-09-28,Bluff City Apparel,MEM,LIT,E,473.2,56.6,MEM>LIT,2,75.48,80.0,28.0,7.12,115.12,-39.64,-52.5,MEM>LIT:$7.12
SH00502,2026-09-28,Ozark Building,SGF,STL,P,2017.3,95.4,SGF>STL,2,524.23,80.0,28.0,18.3,126.3,397.93,75.9,SGF>STL:$18.30
SH00503,2026-09-28,River City Foods,LIT,TUL,E,1274.0,57.5,LIT>MEM>SGF>TUL,6,277.28,80.0,84.0,29.39,193.39,83.89,30.3,LIT>MEM:$7.24;MEM>SGF:$13.51;SGF>TUL:$8.64
SH00504,2026-09-28,Bluff City Apparel,MEM,LIT,E,566.7,62.5,MEM>LIT,2,108.37,80.0,28.0,7.87,115.87,-7.5,-6.9,MEM>LIT:$7.87
SH00505,2026-09-28,River City Foods,LIT,MKC,E,1397.4,63.3,LIT>MEM>MKC,4,290.09,80.0,56.0,28.09,164.09,126.0,43.4,LIT>MEM:$7.97;MEM>MKC:$20.12
SH00506,2026-09-28,Ozark Furniture,SGF,STL,P,541.3,76.8,SGF>STL,2,150.52,80.0,28.0,14.73,122.73,27.79,18.5,SGF>STL:$14.73
SH00507,2026-09-28,Midwest Apparel,MKC,TUL,E,955.8,139.8,MKC>MEM>SGF>TUL,6,200.47,80.0,84.0,98.29,262.29,-61.82,-30.8,MKC>MEM:$44.43;MEM>SGF:$32.85;SGF>TUL:$21.01
SH00508,2026-09-28,Gateway Electronics,STL,SGF,P,437.1,42.5,STL>SGF,2,109.97,80.0,28.0,8.15,116.15,-6.18,-5.6,STL>SGF:$8.15
SH00509,2026-09-28,River City Foods,LIT,SGF,P,1097.7,49.7,LIT>MEM>SGF,4,349.05,80.0,56.0,17.93,153.93,195.12,55.9,LIT>MEM:$6.26;MEM>SGF:$11.68
SH00510,2026-09-28,Gateway Electronics,STL,SGF,P,475.1,47.2,STL>SGF,2,137.06,80.0,28.0,9.05,117.05,20.01,14.6,STL>SGF:$9.05
SH00511,2026-09-28,KC Food Dist,MKC,SGF,E,1219.1,38.5,MKC>SGF,2,276.27,80.0,28.0,20.76,128.76,147.51,53.4,MKC>SGF:$20.76
SH00512,2026-09-28,Paper Mill Supply,STL,LIT,P,479.4,29.8,STL>SGF>MEM>LIT,6,119.25,80.0,84.0,16.47,180.47,-61.22,-51.3,STL>SGF:$5.71;SGF>MEM:$7.00;MEM>LIT:$3.75
SH00513,2026-09-28,Paper Mill Supply,STL,MKC,P,1869.8,106.8,STL>MKC,2,533.23,80.0,28.0,135.84,243.84,289.39,54.3,STL>MKC:$135.84
SH00514,2026-09-28,Plains Pharma,TUL,SGF,P,432.5,41.2,TUL>SGF,2,118.8,80.0,28.0,6.19,114.19,4.61,3.9,TUL>SGF:$6.19
SH00515,2026-09-28,Plains Pharma,TUL,MEM,P,323.7,27.7,TUL>SGF>MEM,4,110.05,80.0,56.0,10.67,146.67,-36.62,-33.3,TUL>SGF:$4.16;SGF>MEM:$6.51
SH00516,2026-09-28,Gateway Electronics,STL,MEM,P,537.0,53.8,STL>SGF>MEM,4,179.88,80.0,56.0,22.96,158.96,20.92,11.6,STL>SGF:$10.32;SGF>MEM:$12.64
SH00517,2026-09-28,Delta Plastics,MEM,TUL,E,197.0,20.9,MEM>SGF>TUL,4,52.0,80.0,56.0,8.05,144.05,-92.05,-177.0,MEM>SGF:$4.91;SGF>TUL:$3.14
SH00518,2026-09-28,Plains Pharma,TUL,SGF,P,240.8,17.5,TUL>SGF,2,68.56,80.0,28.0,2.63,110.63,-42.07,-61.4,TUL>SGF:$2.63
SH00519,2026-09-28,AutoParts Co,SGF,TUL,P,177.9,8.0,SGF>TUL,2,50.2,80.0,28.0,1.2,109.2,-59.0,-117.5,SGF>TUL:$1.20
SH00520,2026-09-28,Bluff City Apparel,MEM,TUL,P,877.2,128.8,MEM>TUL,2,249.99,80.0,28.0,334.85,442.85,-192.86,-77.1,MEM>TUL:$334.85
SH00521,2026-09-28,KC Food Dist,MKC,SGF,P,1030.1,37.0,MKC>SGF,2,282.14,80.0,28.0,19.95,127.95,154.19,54.7,MKC>SGF:$19.95
SH00522,2026-09-28,Paper Mill Supply,STL,SGF,P,1240.8,67.7,STL>SGF,2,313.69,80.0,28.0,12.98,120.98,192.71,61.4,STL>SGF:$12.98
SH00523,2026-09-28,Gateway Electronics,STL,TUL,E,660.6,63.2,STL>SGF>TUL,4,160.85,80.0,56.0,21.62,157.62,3.23,2.0,STL>SGF:$12.12;SGF>TUL:$9.50
SH00524,2026-09-28,Delta Plastics,MEM,LIT,E,673.9,63.1,MEM>LIT,2,136.57,80.0,28.0,7.94,115.94,20.63,15.1,MEM>LIT:$7.94
SH00525,2026-09-28,Ozark Furniture,SGF,MEM,E,1056.3,170.9,SGF>MEM,2,232.66,80.0,28.0,40.15,148.15,84.51,36.3,SGF>MEM:$40.15
SH00526,2026-09-28,Paper Mill Supply,STL,MEM,E,1949.6,97.1,STL>SGF>MEM,4,462.06,80.0,56.0,41.43,177.43,284.63,61.6,STL>SGF:$18.62;SGF>MEM:$22.81
SH00527,2026-09-28,Midwest Apparel,MKC,TUL,P,699.2,84.1,MKC>MEM>SGF>TUL,6,203.14,80.0,84.0,59.13,223.13,-19.99,-9.8,MKC>MEM:$26.73;MEM>SGF:$19.76;SGF>TUL:$12.64
SH00528,2026-09-28,Tulsa Beverage,TUL,STL,P,977.4,34.7,TUL>SGF>STL,4,255.73,80.0,56.0,11.87,147.87,107.86,42.2,TUL>SGF:$5.22;SGF>STL:$6.65
SH00529,2026-09-28,Ozark Furniture,SGF,LIT,E,858.1,140.7,SGF>MEM>LIT,4,259.95,80.0,56.0,50.77,186.77,73.18,28.2,SGF>MEM:$33.06;MEM>LIT:$17.71
SH00530,2026-09-28,Paper Mill Supply,STL,TUL,P,664.7,37.4,STL>SGF>TUL,4,177.17,80.0,56.0,12.79,148.79,28.38,16.0,STL>SGF:$7.17;SGF>TUL:$5.62
SH00531,2026-09-28,Bluff City Apparel,MEM,MKC,E,658.8,82.7,MEM>MKC,2,162.07,80.0,28.0,26.29,134.29,27.78,17.1,MEM>MKC:$26.29
SH00532,2026-09-28,Paper Mill Supply,STL,SGF,P,1652.2,102.8,STL>SGF,2,446.83,80.0,28.0,19.71,127.71,319.12,71.4,STL>SGF:$19.71
SH00533,2026-09-28,Bluff City Apparel,MEM,LIT,P,262.9,32.4,MEM>LIT,2,61.62,80.0,28.0,4.08,112.08,-50.46,-81.9,MEM>LIT:$4.08
SH00534,2026-09-28,River City Foods,LIT,TUL,P,1117.2,46.7,LIT>MEM>SGF>TUL,6,307.0,80.0,84.0,23.87,187.87,119.13,38.8,LIT>MEM:$5.88;MEM>SGF:$10.97;SGF>TUL:$7.02
SH00535,2026-09-28,River City Foods,LIT,STL,E,1479.6,57.9,LIT>MEM>SGF>STL,6,380.51,80.0,84.0,32.0,196.0,184.51,48.5,LIT>MEM:$7.29;MEM>SGF:$13.60;SGF>STL:$11.10
SH00536,2026-09-28,AutoParts Co,SGF,STL,E,1152.3,52.3,SGF>STL,2,216.9,80.0,28.0,10.03,118.03,98.87,45.6,SGF>STL:$10.03
SH00537,2026-09-28,Tulsa Beverage,TUL,LIT,P,1064.0,42.2,TUL>SGF>MEM>LIT,6,266.17,80.0,84.0,21.57,185.57,80.6,30.3,TUL>SGF:$6.34;SGF>MEM:$9.91;MEM>LIT:$5.31
SH00538,2026-09-28,Memphis Machinery,MEM,LIT,P,2100.0,89.9,MEM>LIT,2,494.55,80.0,28.0,11.32,119.32,375.23,75.9,MEM>LIT:$11.32
SH00539,2026-09-28,Ozark Furniture,SGF,MEM,P,696.5,100.0,SGF>MEM,2,215.79,80.0,28.0,23.49,131.49,84.3,39.1,SGF>MEM:$23.49
SH00540,2026-09-28,Delta Plastics,MEM,LIT,E,1212.7,131.3,MEM>LIT,2,210.19,80.0,28.0,16.53,124.53,85.66,40.8,MEM>LIT:$16.53
SH00541,2026-09-28,Delta Plastics,MEM,MKC,E,647.1,74.2,MEM>MKC,2,155.54,80.0,28.0,23.58,131.58,23.96,15.4,MEM>MKC:$23.58
SH00542,2026-09-28,Plains Pharma,TUL,SGF,P,421.8,38.2,TUL>SGF,2,116.56,80.0,28.0,5.74,113.74,2.82,2.4,TUL>SGF:$5.74
SH00543,2026-09-28,Tulsa Beverage,TUL,LIT,E,892.6,29.8,TUL>SGF>MEM>LIT,6,196.42,80.0,84.0,15.23,179.23,17.19,8.8,TUL>SGF:$4.48;SGF>MEM:$7.00;MEM>LIT:$3.75
SH00544,2026-09-28,Bluff City Apparel,MEM,SGF,P,733.7,100.9,MEM>SGF,2,221.72,80.0,28.0,23.71,131.71,90.01,40.6,MEM>SGF:$23.71
SH00545,2026-09-28,KC Food Dist,MKC,MEM,P,2015.2,72.4,MKC>MEM,2,600.87,80.0,28.0,23.01,131.01,469.86,78.2,MKC>MEM:$23.01
SH00546,2026-09-28,Tulsa Beverage,TUL,MEM,P,1435.4,52.8,TUL>SGF>MEM,4,431.02,80.0,56.0,20.34,156.34,274.68,63.7,TUL>SGF:$7.94;SGF>MEM:$12.41
SH00547,2026-09-28,Paper Mill Supply,STL,MEM,P,920.2,53.4,STL>SGF>MEM,4,221.48,80.0,56.0,22.79,158.79,62.69,28.3,STL>SGF:$10.24;SGF>MEM:$12.55
SH00548,2026-09-28,KC Food Dist,MKC,SGF,E,1128.5,32.2,MKC>SGF,2,271.56,80.0,28.0,17.36,125.36,146.2,53.8,MKC>SGF:$17.36
SH00549,2026-09-28,KC Food Dist,MKC,LIT,E,1979.2,65.8,MKC>MEM>LIT,4,479.93,80.0,56.0,29.2,165.2,314.73,65.6,MKC>MEM:$20.91;MEM>LIT:$8.28
SH00550,2026-09-28,Paper Mill Supply,STL,SGF,P,1011.0,53.9,STL>SGF,2,249.39,80.0,28.0,10.34,118.34,131.05,52.5,STL>SGF:$10.34
SH00551,2026-09-28,River City Foods,LIT,MEM,E,912.6,34.5,LIT>MEM,2,200.22,80.0,28.0,4.34,112.34,87.88,43.9,LIT>MEM:$4.34
SH00552,2026-09-28,KC Food Dist,MKC,MEM,P,2426.0,87.3,MKC>MEM,2,716.37,80.0,28.0,27.75,135.75,580.62,81.1,MKC>MEM:$27.75
SH00553,2026-09-28,River City Foods,LIT,TUL,E,1499.2,66.0,LIT>MEM>SGF>TUL,6,372.48,80.0,84.0,33.73,197.73,174.75,46.9,LIT>MEM:$8.31;MEM>SGF:$15.51;SGF>TUL:$9.92
SH00554,2026-09-28,Delta Plastics,MEM,LIT,E,493.9,57.1,MEM>LIT,2,90.42,80.0,28.0,7.19,115.19,-24.77,-27.4,MEM>LIT:$7.19
SH00555,2026-09-28,Ozark Furniture,SGF,TUL,P,828.5,104.6,SGF>TUL,2,194.72,80.0,28.0,15.72,123.72,71.0,36.5,SGF>TUL:$15.72
SH00556,2026-09-28,AutoParts Co,SGF,STL,P,473.2,18.0,SGF>STL,2,108.44,80.0,28.0,3.45,111.45,-3.01,-2.8,SGF>STL:$3.45
SH00557,2026-09-28,Paper Mill Supply,STL,MEM,E,975.0,55.0,STL>SGF>MEM,4,219.31,80.0,56.0,23.47,159.47,59.84,27.3,STL>SGF:$10.55;SGF>MEM:$12.92
SH00558,2026-09-28,Ozark Building,SGF,LIT,P,847.7,49.0,SGF>LIT,2,251.47,80.0,28.0,108.19,216.19,35.28,14.0,SGF>LIT:$108.19
SH00559,2026-09-28,Memphis Machinery,MEM,STL,P,1062.0,41.3,MEM>STL,2,288.19,80.0,28.0,77.33,185.33,102.86,35.7,MEM>STL:$77.33
SH00560,2026-09-28,Ozark Building,SGF,STL,P,1810.3,83.0,SGF>STL,2,495.19,80.0,28.0,15.92,123.92,371.27,75.0,SGF>STL:$15.92
SH00561,2026-09-28,Ozark Furniture,SGF,MEM,E,869.8,126.0,SGF>MEM,2,212.44,80.0,28.0,29.6,137.6,74.84,35.2,SGF>MEM:$29.60
SH00562,2026-09-28,Paper Mill Supply,STL,MKC,E,1395.9,68.2,STL>SGF>MEM>MKC,6,278.04,80.0,84.0,50.78,214.78,63.26,22.8,STL>SGF:$13.08;SGF>MEM:$16.02;MEM>MKC:$21.68
SH00563,2026-09-28,Ozark Furniture,SGF,STL,P,226.7,40.6,SGF>STL,2,63.63,80.0,28.0,7.79,115.79,-52.16,-82.0,SGF>STL:$7.79
SH00564,2026-09-28,Midwest Apparel,MKC,MEM,P,806.4,115.3,MKC>MEM,2,219.49,80.0,28.0,36.65,144.65,74.84,34.1,MKC>MEM:$36.65
SH00565,2026-09-28,Crossroads Retail,MKC,TUL,E,665.0,60.5,MKC>MEM>SGF>TUL,6,171.48,80.0,84.0,42.54,206.54,-35.06,-20.4,MKC>MEM:$19.23;MEM>SGF:$14.21;SGF>TUL:$9.09
SH00566,2026-09-28,KC Food Dist,MKC,SGF,E,926.4,33.4,MKC>SGF,2,216.37,80.0,28.0,18.01,126.01,90.36,41.8,MKC>SGF:$18.01
SH00567,2026-09-28,AutoParts Co,SGF,STL,P,589.8,27.3,SGF>STL,2,183.82,80.0,28.0,5.24,113.24,70.58,38.4,SGF>STL:$5.24
SH00568,2026-09-28,Tulsa Beverage,TUL,SGF,P,828.1,30.9,TUL>SGF,2,194.74,80.0,28.0,4.64,112.64,82.1,42.2,TUL>SGF:$4.64
SH00569,2026-09-28,Gateway Electronics,STL,MKC,P,1041.6,108.1,STL>MKC,2,302.86,80.0,28.0,137.5,245.5,57.36,18.9,STL>MKC:$137.50
SH00570,2026-09-28,AutoParts Co,SGF,LIT,E,1330.5,54.6,SGF>MEM>LIT,4,282.19,80.0,56.0,19.7,155.7,126.49,44.8,SGF>MEM:$12.83;MEM>LIT:$6.87
SH00571,2026-09-28,AutoParts Co,SGF,STL,E,1315.1,61.1,SGF>STL,2,327.66,80.0,28.0,11.72,119.72,207.94,63.5,SGF>STL:$11.72
SH00572,2026-09-28,Crossroads Retail,MKC,SGF,E,882.9,85.2,MKC>SGF,2,191.53,80.0,28.0,45.93,153.93,37.6,19.6,MKC>SGF:$45.93
SH00573,2026-09-28,AutoParts Co,SGF,STL,E,1197.7,48.2,SGF>STL,2,234.31,80.0,28.0,9.24,117.24,117.07,50.0,SGF>STL:$9.24
SH00574,2026-09-28,Midwest Apparel,MKC,SGF,P,747.7,96.2,MKC>SGF,2,236.1,80.0,28.0,51.86,159.86,76.24,32.3,MKC>SGF:$51.86
SH00575,2026-09-28,Crossroads Retail,MKC,SGF,E,818.1,71.7,MKC>SGF,2,223.22,80.0,28.0,38.65,146.65,76.57,34.3,MKC>SGF:$38.65
SH00576,2026-09-28,AutoParts Co,SGF,MKC,E,1195.1,65.1,SGF>MEM>MKC,4,281.63,80.0,56.0,35.99,171.99,109.64,38.9,SGF>MEM:$15.29;MEM>MKC:$20.69
SH00577,2026-09-28,Ozark Building,SGF,STL,P,1653.9,73.2,SGF>STL,2,519.32,80.0,28.0,14.04,122.04,397.28,76.5,SGF>STL:$14.04
SH00578,2026-09-28,Plains Pharma,TUL,SGF,P,709.2,56.1,TUL>SGF,2,156.62,80.0,28.0,8.43,116.43,40.19,25.7,TUL>SGF:$8.43
SH00579,2026-09-28,Delta Plastics,MEM,MKC,P,493.1,51.1,MEM>MKC,2,138.28,80.0,28.0,16.24,124.24,14.04,10.2,MEM>MKC:$16.24
SH00580,2026-09-28,Delta Plastics,MEM,STL,P,988.7,105.8,MEM>STL,2,248.19,80.0,28.0,198.09,306.09,-57.9,-23.3,MEM>STL:$198.09
SH00581,2026-09-28,Gateway Electronics,STL,MEM,P,620.9,61.0,STL>SGF>MEM,4,183.5,80.0,56.0,26.03,162.03,21.47,11.7,STL>SGF:$11.70;SGF>MEM:$14.33
SH00582,2026-09-28,Plains Pharma,TUL,STL,E,346.5,25.9,TUL>SGF>STL,4,73.35,80.0,56.0,8.86,144.86,-71.51,-97.5,TUL>SGF:$3.89;SGF>STL:$4.97
SH00583,2026-09-28,Midwest Apparel,MKC,SGF,E,1079.0,124.0,MKC>SGF,2,227.52,80.0,28.0,66.85,174.85,52.67,23.1,MKC>SGF:$66.85
SH00584,2026-09-28,Gateway Electronics,STL,MKC,E,675.8,58.7,STL>SGF>MEM>MKC,6,132.13,80.0,84.0,43.71,207.71,-75.58,-57.2,STL>SGF:$11.26;SGF>MEM:$13.79;MEM>MKC:$18.66
SH00585,2026-09-28,Paper Mill Supply,STL,MKC,E,529.1,34.5,STL>SGF>MEM>MKC,6,114.56,80.0,84.0,25.69,189.69,-75.13,-65.6,STL>SGF:$6.62;SGF>MEM:$8.11;MEM>MKC:$10.97
SH00586,2026-09-28,Gateway Electronics,STL,SGF,E,377.2,36.7,STL>SGF,2,90.85,80.0,28.0,7.04,115.04,-24.19,-26.6,STL>SGF:$7.04
SH00587,2026-09-28,AutoParts Co,SGF,TUL,E,465.3,21.6,SGF>TUL,2,98.89,80.0,28.0,3.25,111.25,-12.36,-12.5,SGF>TUL:$3.25
SH00588,2026-09-28,Delta Plastics,MEM,MKC,P,1327.1,158.5,MEM>MKC,2,424.08,80.0,28.0,50.38,158.38,265.7,62.7,MEM>MKC:$50.38
SH00589,2026-09-28,Ozark Furniture,SGF,LIT,E,974.5,135.3,SGF>MEM>LIT,4,243.68,80.0,56.0,48.82,184.82,58.86,24.2,SGF>MEM:$31.79;MEM>LIT:$17.03
SH00590,2026-09-28,Crossroads Retail,MKC,MEM,P,833.9,73.6,MKC>MEM,2,259.71,80.0,28.0,23.39,131.39,128.32,49.4,MKC>MEM:$23.39
SH00591,2026-09-28,Bluff City Apparel,MEM,MKC,E,692.9,74.4,MEM>MKC,2,162.21,80.0,28.0,23.65,131.65,30.56,18.8,MEM>MKC:$23.65
SH00592,2026-09-28,Plains Pharma,TUL,SGF,P,248.2,20.5,TUL>SGF,2,60.45,80.0,28.0,3.08,111.08,-50.63,-83.8,TUL>SGF:$3.08
SH00593,2026-09-28,AutoParts Co,SGF,TUL,P,759.0,40.0,SGF>TUL,2,206.18,80.0,28.0,6.01,114.01,92.17,44.7,SGF>TUL:$6.01
SH00594,2026-09-28,Ozark Furniture,SGF,LIT,E,480.0,73.3,SGF>MEM>LIT,4,121.68,80.0,56.0,26.45,162.45,-40.77,-33.5,SGF>MEM:$17.22;MEM>LIT:$9.23
SH00595,2026-09-28,River City Foods,LIT,STL,E,875.2,33.0,LIT>MEM>SGF>STL,6,198.8,80.0,84.0,18.24,182.24,16.56,8.3,LIT>MEM:$4.15;MEM>SGF:$7.75;SGF>STL:$6.33
SH00596,2026-09-28,Ozark Furniture,SGF,TUL,E,489.3,79.2,SGF>TUL,2,97.68,80.0,28.0,11.9,119.9,-22.22,-22.8,SGF>TUL:$11.90
SH00597,2026-09-28,KC Food Dist,MKC,LIT,E,851.4,30.2,MKC>MEM>LIT,4,197.14,80.0,56.0,13.4,149.4,47.74,24.2,MKC>MEM:$9.60;MEM>LIT:$3.80
SH00598,2026-09-28,Crossroads Retail,MKC,MEM,P,471.0,44.6,MKC>MEM,2,146.31,80.0,28.0,14.18,122.18,24.13,16.5,MKC>MEM:$14.18
SH00599,2026-09-28,Ozark Building,SGF,MKC,E,1541.4,63.8,SGF>MEM>MKC,4,404.6,80.0,56.0,35.27,171.27,233.33,57.7,SGF>MEM:$14.99;MEM>MKC:$20.28
SH00600,2026-09-28,KC Food Dist,MKC,STL,P,1602.0,55.6,MKC>MEM>SGF>STL,6,447.44,80.0,84.0,41.4,205.4,242.04,54.1,MKC>MEM:$17.67;MEM>SGF:$13.06;SGF>STL:$10.66
SH00601,2026-09-28,KC Food Dist,MKC,MEM,P,1648.0,62.9,MKC>MEM,2,468.63,80.0,28.0,19.99,127.99,340.64,72.7,MKC>MEM:$19.99
SH00602,2026-09-28,Memphis Machinery,MEM,LIT,E,1637.7,65.3,MEM>LIT,2,346.08,80.0,28.0,8.22,116.22,229.86,66.4,MEM>LIT:$8.22
SH00603,2026-09-28,Ozark Furniture,SGF,MEM,E,267.9,41.9,SGF>MEM,2,68.88,80.0,28.0,9.84,117.84,-48.96,-71.1,SGF>MEM:$9.84
SH00604,2026-09-28,Crossroads Retail,MKC,TUL,P,263.4,28.7,MKC>MEM>SGF>TUL,6,88.41,80.0,84.0,20.18,184.18,-95.77,-108.3,MKC>MEM:$9.12;MEM>SGF:$6.74;SGF>TUL:$4.31
SH00605,2026-09-28,AutoParts Co,SGF,MKC,P,361.9,16.4,SGF>MKC,2,96.11,80.0,28.0,8.84,116.84,-20.73,-21.6,SGF>MKC:$8.84
SH00606,2026-09-28,AutoParts Co,SGF,MEM,P,535.5,23.3,SGF>MEM,2,161.46,80.0,28.0,5.47,113.47,47.99,29.7,SGF>MEM:$5.47
SH00607,2026-09-28,Gateway Electronics,STL,MKC,P,143.8,13.9,STL>MKC,2,39.59,80.0,28.0,17.68,125.68,-86.09,-217.5,STL>MKC:$17.68
SH00608,2026-09-28,Ozark Building,SGF,MEM,P,1219.9,62.3,SGF>MEM,2,343.88,80.0,28.0,14.64,122.64,221.24,64.3,SGF>MEM:$14.64
SH00609,2026-09-28,KC Food Dist,MKC,STL,E,1173.5,40.1,MKC>MEM>SGF>STL,6,309.98,80.0,84.0,29.86,193.86,116.12,37.5,MKC>MEM:$12.75;MEM>SGF:$9.42;SGF>STL:$7.69
SH00610,2026-09-28,KC Food Dist,MKC,STL,P,357.2,12.0,MKC>MEM>SGF>STL,6,93.26,80.0,84.0,8.93,172.93,-79.67,-85.4,MKC>MEM:$3.81;MEM>SGF:$2.82;SGF>STL:$2.30
SH00611,2026-09-28,Ozark Building,SGF,MKC,E,1261.2,57.5,SGF>MEM>MKC,4,353.0,80.0,56.0,31.79,167.79,185.21,52.5,SGF>MEM:$13.51;MEM>MKC:$18.28
SH00612,2026-09-28,KC Food Dist,MKC,MEM,E,1574.6,54.8,MKC>MEM,2,354.97,80.0,28.0,17.42,125.42,229.55,64.7,MKC>MEM:$17.42
SH00613,2026-09-28,Delta Plastics,MEM,SGF,P,344.6,39.2,MEM>SGF,2,98.22,80.0,28.0,9.21,117.21,-18.99,-19.3,MEM>SGF:$9.21
SH00614,2026-09-28,Delta Plastics,MEM,LIT,P,839.4,84.1,MEM>LIT,2,188.95,80.0,28.0,10.59,118.59,70.36,37.2,MEM>LIT:$10.59
SH00615,2026-09-28,Gateway Electronics,STL,SGF,E,431.5,48.3,STL>SGF,2,91.33,80.0,28.0,9.26,117.26,-25.93,-28.4,STL>SGF:$9.26
SH00616,2026-09-28,Ozark Furniture,SGF,STL,P,847.3,101.2,SGF>STL,2,226.06,80.0,28.0,19.41,127.41,98.65,43.6,SGF>STL:$19.41
SH00617,2026-09-28,River City Foods,LIT,MEM,P,2120.1,82.6,LIT>MEM,2,452.66,80.0,28.0,10.4,118.4,334.26,73.8,LIT>MEM:$10.40
SH00618,2026-09-28,Gateway Electronics,STL,TUL,E,341.8,26.8,STL>SGF>TUL,4,99.02,80.0,56.0,9.17,145.17,-46.15,-46.6,STL>SGF:$5.14;SGF>TUL:$4.03
SH00619,2026-09-28,Delta Plastics,MEM,STL,E,975.0,116.4,MEM>SGF>STL,4,238.13,80.0,56.0,49.67,185.67,52.46,22.0,MEM>SGF:$27.35;SGF>STL:$22.32
SH00620,2026-09-28,Paper Mill Supply,STL,LIT,E,1292.7,52.8,STL>SGF>MEM>LIT,6,273.59,80.0,84.0,29.18,193.18,80.41,29.4,STL>SGF:$10.13;SGF>MEM:$12.41;MEM>LIT:$6.65
SH00621,2026-09-28,Tulsa Beverage,TUL,SGF,P,2791.9,99.3,TUL>SGF,2,702.12,80.0,28.0,14.93,122.93,579.19,82.5,TUL>SGF:$14.93
SH00622,2026-09-28,Bluff City Apparel,MEM,SGF,P,522.8,62.0,MEM>SGF,2,162.49,80.0,28.0,14.57,122.57,39.92,24.6,MEM>SGF:$14.57
SH00623,2026-09-28,Memphis Machinery,MEM,TUL,E,2328.7,95.9,MEM>SGF>TUL,4,599.63,80.0,56.0,36.95,172.95,426.68,71.2,MEM>SGF:$22.53;SGF>TUL:$14.41
SH00624,2026-09-28,Ozark Building,SGF,STL,E,1166.1,65.2,SGF>STL,2,244.38,80.0,28.0,12.5,120.5,123.88,50.7,SGF>STL:$12.50
SH00625,2026-09-28,River City Foods,LIT,MEM,P,1847.0,86.0,LIT>MEM,2,448.69,80.0,28.0,10.83,118.83,329.86,73.5,LIT>MEM:$10.83
SH00626,2026-09-28,Ozark Furniture,SGF,MKC,P,235.0,38.0,SGF>MKC,2,64.33,80.0,28.0,20.49,128.49,-64.16,-99.7,SGF>MKC:$20.49
SH00627,2026-09-28,Bluff City Apparel,MEM,SGF,P,357.2,46.9,MEM>SGF,2,99.19,80.0,28.0,11.02,119.02,-19.83,-20.0,MEM>SGF:$11.02
SH00628,2026-09-28,AutoParts Co,SGF,TUL,P,771.5,31.0,SGF>TUL,2,195.03,80.0,28.0,4.66,112.66,82.37,42.2,SGF>TUL:$4.66
SH00629,2026-09-28,AutoParts Co,SGF,MKC,E,1017.4,52.7,SGF>MEM>MKC,4,287.83,80.0,56.0,29.13,165.13,122.7,42.6,SGF>MEM:$12.38;MEM>MKC:$16.75
SH00630,2026-09-28,Paper Mill Supply,STL,MKC,P,1270.4,64.8,STL>MKC,2,380.91,80.0,28.0,82.42,190.42,190.49,50.0,STL>MKC:$82.42
SH00631,2026-09-28,Midwest Apparel,MKC,STL,P,628.8,66.5,MKC>MEM>SGF>STL,6,156.29,80.0,84.0,49.51,213.51,-57.22,-36.6,MKC>MEM:$21.14;MEM>SGF:$15.62;SGF>STL:$12.75
SH00632,2026-09-28,AutoParts Co,SGF,STL,P,700.7,31.2,SGF>STL,2,191.26,80.0,28.0,5.98,113.98,77.28,40.4,SGF>STL:$5.98
SH00633,2026-09-28,AutoParts Co,SGF,TUL,P,790.7,33.4,SGF>TUL,2,217.71,80.0,28.0,5.02,113.02,104.69,48.1,SGF>TUL:$5.02
SH00634,2026-09-28,Ozark Building,SGF,MEM,E,1107.8,51.2,SGF>MEM,2,248.07,80.0,28.0,12.03,120.03,128.04,51.6,SGF>MEM:$12.03
SH00635,2026-09-28,Plains Pharma,TUL,MKC,E,266.2,25.4,TUL>SGF>MEM>MKC,6,68.75,80.0,84.0,17.86,181.86,-113.11,-164.5,TUL>SGF:$3.82;SGF>MEM:$5.97;MEM>MKC:$8.07
SH00636,2026-09-28,Delta Plastics,MEM,SGF,P,174.7,20.6,MEM>SGF,2,49.18,80.0,28.0,4.84,112.84,-63.66,-129.4,MEM>SGF:$4.84
SH00637,2026-09-28,River City Foods,LIT,MEM,E,1271.3,53.5,LIT>MEM,2,304.13,80.0,28.0,6.73,114.73,189.4,62.3,LIT>MEM:$6.73
SH00638,2026-09-28,Memphis Machinery,MEM,SGF,P,2040.0,81.0,MEM>SGF,2,595.36,80.0,28.0,19.03,127.03,468.33,78.7,MEM>SGF:$19.03
SH00639,2026-09-28,Plains Pharma,TUL,MEM,E,663.0,56.1,TUL>SGF>MEM,4,178.33,80.0,56.0,21.61,157.61,20.72,11.6,TUL>SGF:$8.43;SGF>MEM:$13.18
SH00640,2026-09-28,KC Food Dist,MKC,LIT,P,913.8,25.3,MKC>MEM>LIT,4,239.49,80.0,56.0,11.23,147.23,92.26,38.5,MKC>MEM:$8.04;MEM>LIT:$3.18
SH00641,2026-09-28,KC Food Dist,MKC,MEM,E,2187.1,62.7,MKC>MEM,2,423.39,80.0,28.0,19.93,127.93,295.46,69.8,MKC>MEM:$19.93
SH00642,2026-09-28,AutoParts Co,SGF,LIT,P,908.4,41.1,SGF>LIT,2,262.79,80.0,28.0,90.75,198.75,64.04,24.4,SGF>LIT:$90.75
SH00643,2026-09-28,Paper Mill Supply,STL,LIT,P,1091.4,49.5,STL>SGF>MEM>LIT,6,278.9,80.0,84.0,27.35,191.35,87.55,31.4,STL>SGF:$9.49;SGF>MEM:$11.63;MEM>LIT:$6.23
SH00644,2026-09-28,Gateway Electronics,STL,MEM,P,196.9,18.5,STL>SGF>MEM,4,57.27,80.0,56.0,7.89,143.89,-86.62,-151.3,STL>SGF:$3.55;SGF>MEM:$4.35
SH00645,2026-09-28,River City Foods,LIT,TUL,P,1358.4,63.0,LIT>MEM>SGF>TUL,6,305.4,80.0,84.0,32.2,196.2,109.2,35.8,LIT>MEM:$7.93;MEM>SGF:$14.80;SGF>TUL:$9.47
SH00646,2026-09-28,Gateway Electronics,STL,LIT,P,849.7,91.8,STL>SGF>MEM>LIT,6,261.63,80.0,84.0,50.73,214.73,46.9,17.9,STL>SGF:$17.60;SGF>MEM:$21.57;MEM>LIT:$11.56
SH00647,2026-09-28,Ozark Furniture,SGF,MKC,P,544.7,85.9,SGF>MKC,2,162.17,80.0,28.0,46.31,154.31,7.86,4.8,SGF>MKC:$46.31
SH00648,2026-09-28,Memphis Machinery,MEM,MKC,P,2497.4,117.2,MEM>MKC,2,713.9,80.0,28.0,37.25,145.25,568.65,79.7,MEM>MKC:$37.25
SH00649,2026-09-28,Delta Plastics,MEM,STL,P,924.6,86.2,MEM>STL,2,248.4,80.0,28.0,161.39,269.39,-20.99,-8.5,MEM>STL:$161.39
SH00650,2026-09-28,AutoParts Co,SGF,STL,P,1254.6,52.7,SGF>STL,2,328.66,80.0,28.0,10.11,118.11,210.55,64.1,SGF>STL:$10.11
SH00651,2026-09-28,Gateway Electronics,STL,SGF,P,411.8,42.7,STL>SGF,2,102.41,80.0,28.0,8.19,116.19,-13.78,-13.5,STL>SGF:$8.19
SH00652,2026-09-28,Ozark Furniture,SGF,MEM,E,862.3,130.1,SGF>MEM,2,198.8,80.0,28.0,30.57,138.57,60.23,30.3,SGF>MEM:$30.57
SH00653,2026-09-28,Plains Pharma,TUL,SGF,P,297.9,25.4,TUL>SGF,2,78.75,80.0,28.0,3.82,111.82,-33.07,-42.0,TUL>SGF:$3.82
SH00654,2026-09-28,AutoParts Co,SGF,LIT,P,880.1,36.6,SGF>LIT,2,259.61,80.0,28.0,80.81,188.81,70.8,27.3,SGF>LIT:$80.81
SH00655,2026-09-28,Gateway Electronics,STL,SGF,P,826.1,84.2,STL>SGF,2,213.14,80.0,28.0,16.15,124.15,88.99,41.8,STL>SGF:$16.15
SH00656,2026-09-28,Gateway Electronics,STL,LIT,P,274.7,25.0,STL>SGF>MEM>LIT,6,81.6,80.0,84.0,13.81,177.81,-96.21,-117.9,STL>SGF:$4.79;SGF>MEM:$5.87;MEM>LIT:$3.15
SH00657,2026-09-28,Gateway Electronics,STL,MKC,P,884.6,88.5,STL>MKC,2,254.23,80.0,28.0,112.57,220.57,33.66,13.2,STL>MKC:$112.57
SH00658,2026-09-28,Bluff City Apparel,MEM,LIT,E,625.5,74.8,MEM>LIT,2,109.99,80.0,28.0,9.42,117.42,-7.43,-6.8,MEM>LIT:$9.42
SH00659,2026-09-28,Paper Mill Supply,STL,MEM,E,1635.4,82.4,STL>SGF>MEM,4,373.72,80.0,56.0,35.16,171.16,202.56,54.2,STL>SGF:$15.80;SGF>MEM:$19.36
SH00660,2026-09-28,Gateway Electronics,STL,TUL,P,718.8,75.8,STL>SGF>TUL,4,213.85,80.0,56.0,25.93,161.93,51.92,24.3,STL>SGF:$14.54;SGF>TUL:$11.39
SH00661,2026-09-28,Tulsa Beverage,TUL,SGF,P,1347.4,54.6,TUL>SGF,2,338.13,80.0,28.0,8.21,116.21,221.92,65.6,TUL>SGF:$8.21
SH00662,2026-09-28,Memphis Machinery,MEM,SGF,P,2092.7,75.4,MEM>SGF,2,520.34,80.0,28.0,17.71,125.71,394.63,75.8,MEM>SGF:$17.71
SH00663,2026-09-28,AutoParts Co,SGF,MKC,P,761.2,40.9,SGF>MKC,2,215.74,80.0,28.0,22.05,130.05,85.69,39.7,SGF>MKC:$22.05
SH00664,2026-09-28,Tulsa Beverage,TUL,STL,P,1870.0,62.8,TUL>SGF>STL,4,571.93,80.0,56.0,21.48,157.48,414.45,72.5,TUL>SGF:$9.44;SGF>STL:$12.04
SH00665,2026-09-28,Gateway Electronics,STL,MKC,P,681.6,66.1,STL>MKC,2,198.51,80.0,28.0,84.07,192.07,6.44,3.2,STL>MKC:$84.07
SH00666,2026-09-28,AutoParts Co,SGF,MEM,P,430.8,19.9,SGF>MEM,2,114.08,80.0,28.0,4.68,112.68,1.4,1.2,SGF>MEM:$4.68
SH00667,2026-09-28,Plains Pharma,TUL,LIT,E,560.7,47.0,TUL>SGF>MEM>LIT,6,105.14,80.0,84.0,24.02,188.02,-82.88,-78.8,TUL>SGF:$7.06;SGF>MEM:$11.04;MEM>LIT:$5.92
SH00668,2026-09-28,Tulsa Beverage,TUL,SGF,E,2541.6,106.9,TUL>SGF,2,616.31,80.0,28.0,16.07,124.07,492.24,79.9,TUL>SGF:$16.07
SH00669,2026-09-28,Tulsa Beverage,TUL,MKC,E,923.8,36.1,TUL>SGF>MEM>MKC,6,209.38,80.0,84.0,25.38,189.38,20.0,9.6,TUL>SGF:$5.43;SGF>MEM:$8.48;MEM>MKC:$11.47
SH00670,2026-09-28,Paper Mill Supply,STL,SGF,P,1403.3,79.0,STL>SGF,2,327.63,80.0,28.0,15.15,123.15,204.48,62.4,STL>SGF:$15.15
SH00671,2026-09-28,Paper Mill Supply,STL,LIT,P,1512.5,86.1,STL>SGF>MEM>LIT,6,428.36,80.0,84.0,47.58,211.58,216.78,50.6,STL>SGF:$16.51;SGF>MEM:$20.23;MEM>LIT:$10.84
SH00672,2026-09-28,Tulsa Beverage,TUL,SGF,P,2387.7,75.1,TUL>SGF,2,615.41,80.0,28.0,11.29,119.29,496.12,80.6,TUL>SGF:$11.29
SH00673,2026-09-28,Paper Mill Supply,STL,MKC,P,992.5,57.0,STL>MKC,2,265.24,80.0,28.0,72.5,180.5,84.74,31.9,STL>MKC:$72.50
SH00674,2026-09-28,AutoParts Co,SGF,LIT,E,401.0,17.1,SGF>MEM>LIT,4,100.46,80.0,56.0,6.17,142.17,-41.71,-41.5,SGF>MEM:$4.02;MEM>LIT:$2.15
SH00675,2026-09-28,KC Food Dist,MKC,TUL,P,1545.3,47.8,MKC>MEM>SGF>TUL,6,436.04,80.0,84.0,33.61,197.61,238.43,54.7,MKC>MEM:$15.19;MEM>SGF:$11.23;SGF>TUL:$7.18
SH00676,2026-09-28,Paper Mill Supply,STL,MKC,P,781.7,41.8,STL>MKC,2,232.45,80.0,28.0,53.17,161.17,71.28,30.7,STL>MKC:$53.17
SH00677,2026-09-28,AutoParts Co,SGF,MEM,E,1671.3,85.8,SGF>MEM,2,369.4,80.0,28.0,20.16,128.16,241.24,65.3,SGF>MEM:$20.16
SH00678,2026-09-28,Gateway Electronics,STL,MKC,P,708.0,75.1,STL>MKC,2,191.31,80.0,28.0,95.52,203.52,-12.21,-6.4,STL>MKC:$95.52
SH00679,2026-09-28,Gateway Electronics,STL,SGF,P,631.0,68.4,STL>SGF,2,168.46,80.0,28.0,13.12,121.12,47.34,28.1,STL>SGF:$13.12
SH00680,2026-09-28,AutoParts Co,SGF,LIT,E,852.4,44.0,SGF>MEM>LIT,4,228.72,80.0,56.0,15.88,151.88,76.84,33.6,SGF>MEM:$10.34;MEM>LIT:$5.54
SH00681,2026-09-28,Plains Pharma,TUL,MKC,E,545.5,38.4,TUL>SGF>MEM>MKC,6,134.19,80.0,84.0,27.0,191.0,-56.81,-42.3,TUL>SGF:$5.77;SGF>MEM:$9.02;MEM>MKC:$12.21
SH00682,2026-09-28,KC Food Dist,MKC,LIT,E,1900.2,70.2,MKC>MEM>LIT,4,482.73,80.0,56.0,31.15,167.15,315.58,65.4,MKC>MEM:$22.31;MEM>LIT:$8.84
SH00683,2026-09-28,Memphis Machinery,MEM,SGF,P,1188.6,39.7,MEM>SGF,2,327.3,80.0,28.0,9.33,117.33,209.97,64.2,MEM>SGF:$9.33
SH00684,2026-09-28,Memphis Machinery,MEM,TUL,P,1821.9,80.4,MEM>TUL,2,546.54,80.0,28.0,209.02,317.02,229.52,42.0,MEM>TUL:$209.02
SH00685,2026-09-28,Delta Plastics,MEM,LIT,P,1006.9,113.9,MEM>LIT,2,270.64,80.0,28.0,14.34,122.34,148.3,54.8,MEM>LIT:$14.34
SH00686,2026-09-28,AutoParts Co,SGF,TUL,P,644.0,37.0,SGF>TUL,2,151.22,80.0,28.0,5.56,113.56,37.66,24.9,SGF>TUL:$5.56
SH00687,2026-09-28,Tulsa Beverage,TUL,STL,E,2188.3,79.9,TUL>SGF>STL,4,420.83,80.0,56.0,27.33,163.33,257.5,61.2,TUL>SGF:$12.01;SGF>STL:$15.32
SH00688,2026-09-28,Gateway Electronics,STL,SGF,P,287.7,31.6,STL>SGF,2,70.25,80.0,28.0,6.06,114.06,-43.81,-62.4,STL>SGF:$6.06
SH00689,2026-09-28,Midwest Apparel,MKC,SGF,E,602.0,73.6,MKC>SGF,2,145.35,80.0,28.0,39.68,147.68,-2.33,-1.6,MKC>SGF:$39.68
SH00690,2026-09-28,Tulsa Beverage,TUL,MEM,P,1760.5,60.6,TUL>SGF>MEM,4,541.98,80.0,56.0,23.35,159.35,382.63,70.6,TUL>SGF:$9.11;SGF>MEM:$14.24
SH00691,2026-09-28,Gateway Electronics,STL,SGF,P,637.9,81.3,STL>SGF,2,167.78,80.0,28.0,15.59,123.59,44.19,26.3,STL>SGF:$15.59
SH00692,2026-09-28,AutoParts Co,SGF,MKC,P,637.1,27.4,SGF>MKC,2,190.67,80.0,28.0,14.77,122.77,67.9,35.6,SGF>MKC:$14.77
SH00693,2026-09-28,Crossroads Retail,MKC,STL,E,686.5,64.6,MKC>MEM>SGF>STL,6,171.09,80.0,84.0,48.1,212.1,-41.01,-24.0,MKC>MEM:$20.53;MEM>SGF:$15.18;SGF>STL:$12.39
SH00694,2026-09-28,Plains Pharma,TUL,STL,P,815.8,80.6,TUL>SGF>STL,4,247.3,80.0,56.0,27.57,163.57,83.73,33.9,TUL>SGF:$12.11;SGF>STL:$15.46
SH00695,2026-09-28,KC Food Dist,MKC,MEM,P,1590.6,49.9,MKC>MEM,2,489.39,80.0,28.0,15.86,123.86,365.53,74.7,MKC>MEM:$15.86
SH00696,2026-09-28,Ozark Building,SGF,MKC,P,1543.8,79.5,SGF>MKC,2,483.61,80.0,28.0,42.86,150.86,332.75,68.8,SGF>MKC:$42.86
SH00697,2026-09-28,Crossroads Retail,MKC,STL,P,767.2,74.3,MKC>MEM>SGF>STL,6,224.57,80.0,84.0,55.32,219.32,5.25,2.3,MKC>MEM:$23.62;MEM>SGF:$17.46;SGF>STL:$14.25
SH00698,2026-09-28,River City Foods,LIT,STL,E,1021.2,42.2,LIT>MEM>SGF>STL,6,253.06,80.0,84.0,23.32,187.32,65.74,26.0,LIT>MEM:$5.31;MEM>SGF:$9.91;SGF>STL:$8.09
SH00699,2026-09-28,Plains Pharma,TUL,SGF,E,364.5,29.4,TUL>SGF,2,70.46,80.0,28.0,4.42,112.42,-41.96,-59.6,TUL>SGF:$4.42
SH00700,2026-09-28,Delta Plastics,MEM,LIT,E,1167.3,122.5,MEM>LIT,2,222.75,80.0,28.0,15.42,123.42,99.33,44.6,MEM>LIT:$15.42
SH00701,2026-09-28,River City Foods,LIT,TUL,P,1510.3,64.4,LIT>MEM>SGF>TUL,6,381.73,80.0,84.0,32.92,196.92,184.81,48.4,LIT>MEM:$8.11;MEM>SGF:$15.13;SGF>TUL:$9.68
SH00702,2026-09-28,Midwest Apparel,MKC,SGF,P,745.7,100.1,MKC>SGF,2,218.14,80.0,28.0,53.97,161.97,56.17,25.8,MKC>SGF:$53.97
SH00703,2026-09-28,KC Food Dist,MKC,LIT,P,1352.0,45.5,MKC>MEM>LIT,4,387.42,80.0,56.0,20.19,156.19,231.23,59.7,MKC>MEM:$14.46;MEM>LIT:$5.73
SH00704,2026-09-28,Paper Mill Supply,STL,TUL,P,1545.4,71.2,STL>SGF>TUL,4,419.66,80.0,56.0,24.36,160.36,259.3,61.8,STL>SGF:$13.65;SGF>TUL:$10.70
SH00705,2026-09-28,River City Foods,LIT,MKC,P,1188.2,51.4,LIT>MEM>MKC,4,373.66,80.0,56.0,22.81,158.81,214.85,57.5,LIT>MEM:$6.47;MEM>MKC:$16.34
SH00706,2026-09-28,Paper Mill Supply,STL,MKC,E,1317.8,72.3,STL>SGF>MEM>MKC,6,266.84,80.0,84.0,53.83,217.83,49.01,18.4,STL>SGF:$13.87;SGF>MEM:$16.99;MEM>MKC:$22.98
SH00707,2026-09-28,AutoParts Co,SGF,MKC,E,890.6,44.7,SGF>MEM>MKC,4,242.21,80.0,56.0,24.71,160.71,81.5,33.6,SGF>MEM:$10.50;MEM>MKC:$14.21
SH00708,2026-09-28,Ozark Building,SGF,MEM,P,1720.5,74.8,SGF>MEM,2,456.42,80.0,28.0,17.57,125.57,330.85,72.5,SGF>MEM:$17.57
SH00709,2026-09-28,Gateway Electronics,STL,LIT,E,416.2,47.4,STL>SGF>MEM>LIT,6,97.81,80.0,84.0,26.19,190.19,-92.38,-94.5,STL>SGF:$9.09;SGF>MEM:$11.14;MEM>LIT:$5.97
SH00710,2026-09-28,Ozark Furniture,SGF,MEM,E,370.3,60.0,SGF>MEM,2,88.64,80.0,28.0,14.1,122.1,-33.46,-37.7,SGF>MEM:$14.10
SH00711,2026-09-28,Midwest Apparel,MKC,STL,P,365.5,52.4,MKC>MEM>SGF>STL,6,100.75,80.0,84.0,39.01,203.01,-102.26,-101.5,MKC>MEM:$16.65;MEM>SGF:$12.31;SGF>STL:$10.05
SH00712,2026-09-28,AutoParts Co,SGF,MKC,P,1222.4,65.3,SGF>MKC,2,357.0,80.0,28.0,35.2,143.2,213.8,59.9,SGF>MKC:$35.20
SH00713,2026-09-28,Paper Mill Supply,STL,SGF,E,1473.3,73.2,STL>SGF,2,315.17,80.0,28.0,14.04,122.04,193.13,61.3,STL>SGF:$14.04
SH00714,2026-09-28,KC Food Dist,MKC,SGF,P,1518.9,48.9,MKC>SGF,2,439.85,80.0,28.0,26.36,134.36,305.49,69.5,MKC>SGF:$26.36
SH00715,2026-09-28,KC Food Dist,MKC,STL,E,1729.2,54.7,MKC>MEM>SGF>STL,6,360.27,80.0,84.0,40.73,204.73,155.54,43.2,MKC>MEM:$17.39;MEM>SGF:$12.85;SGF>STL:$10.49
SH00716,2026-09-28,Bluff City Apparel,MEM,SGF,E,677.9,82.6,MEM>SGF,2,128.2,80.0,28.0,19.41,127.41,0.79,0.6,MEM>SGF:$19.41
SH00717,2026-09-28,Paper Mill Supply,STL,SGF,E,1346.3,74.1,STL>SGF,2,293.38,80.0,28.0,14.21,122.21,171.17,58.3,STL>SGF:$14.21
SH00718,2026-09-28,Gateway Electronics,STL,TUL,E,446.4,45.4,STL>SGF>TUL,4,102.51,80.0,56.0,15.53,151.53,-49.02,-47.8,STL>SGF:$8.71;SGF>TUL:$6.82
SH00719,2026-09-28,Midwest Apparel,MKC,LIT,P,80.0,8.5,MKC>MEM>LIT,4,23.61,80.0,56.0,3.77,139.77,-116.16,-492.0,MKC>MEM:$2.70;MEM>LIT:$1.07
SH00720,2026-09-28,Bluff City Apparel,MEM,STL,P,1052.9,112.2,MEM>STL,2,281.08,80.0,28.0,210.07,318.07,-36.99,-13.2,MEM>STL:$210.07
SH00721,2026-09-28,Plains Pharma,TUL,STL,P,327.1,28.3,TUL>SGF>STL,4,99.49,80.0,56.0,9.68,145.68,-46.19,-46.4,TUL>SGF:$4.25;SGF>STL:$5.43
SH00722,2026-09-28,Tulsa Beverage,TUL,STL,E,1407.0,49.8,TUL>SGF>STL,4,348.69,80.0,56.0,17.04,153.04,195.65,56.1,TUL>SGF:$7.49;SGF>STL:$9.55
SH00723,2026-09-28,Plains Pharma,TUL,SGF,P,406.4,37.9,TUL>SGF,2,96.86,80.0,28.0,5.7,113.7,-16.84,-17.4,TUL>SGF:$5.70
SH00724,2026-09-28,Plains Pharma,TUL,LIT,E,493.6,39.0,TUL>SGF>MEM>LIT,6,123.42,80.0,84.0,19.93,183.93,-60.51,-49.0,TUL>SGF:$5.86;SGF>MEM:$9.16;MEM>LIT:$4.91
SH00725,2026-09-28,Gateway Electronics,STL,MKC,E,529.3,43.5,STL>SGF>MEM>MKC,6,131.64,80.0,84.0,32.39,196.39,-64.75,-49.2,STL>SGF:$8.34;SGF>MEM:$10.22;MEM>MKC:$13.83
SH00726,2026-09-28,AutoParts Co,SGF,STL,P,802.9,38.9,SGF>STL,2,217.5,80.0,28.0,7.46,115.46,102.04,46.9,SGF>STL:$7.46
SH00727,2026-09-28,Tulsa Beverage,TUL,SGF,P,1431.0,45.4,TUL>SGF,2,439.17,80.0,28.0,6.82,114.82,324.35,73.9,TUL>SGF:$6.82
SH00728,2026-09-28,KC Food Dist,MKC,MEM,E,1651.1,57.6,MKC>MEM,2,384.63,80.0,28.0,18.31,126.31,258.32,67.2,MKC>MEM:$18.31
SH00729,2026-09-28,KC Food Dist,MKC,SGF,P,1253.3,45.1,MKC>SGF,2,404.12,80.0,28.0,24.31,132.31,271.81,67.3,MKC>SGF:$24.31
SH00730,2026-09-28,Bluff City Apparel,MEM,LIT,P,440.5,65.8,MEM>LIT,2,90.16,80.0,28.0,8.28,116.28,-26.12,-29.0,MEM>LIT:$8.28
SH00731,2026-09-28,KC Food Dist,MKC,MEM,P,1902.2,54.8,MKC>MEM,2,562.68,80.0,28.0,17.42,125.42,437.26,77.7,MKC>MEM:$17.42
SH00732,2026-09-28,KC Food Dist,MKC,SGF,P,1104.2,36.0,MKC>SGF,2,369.72,80.0,28.0,19.41,127.41,242.31,65.5,MKC>SGF:$19.41
SH00733,2026-09-28,KC Food Dist,MKC,LIT,E,1611.6,59.0,MKC>MEM>LIT,4,402.92,80.0,56.0,26.18,162.18,240.74,59.7,MKC>MEM:$18.75;MEM>LIT:$7.43
SH00734,2026-09-28,AutoParts Co,SGF,LIT,P,1406.2,82.0,SGF>LIT,2,402.9,80.0,28.0,181.05,289.05,113.85,28.3,SGF>LIT:$181.05
SH00735,2026-09-28,Bluff City Apparel,MEM,SGF,P,393.8,53.3,MEM>SGF,2,101.04,80.0,28.0,12.52,120.52,-19.48,-19.3,MEM>SGF:$12.52
SH00736,2026-09-28,AutoParts Co,SGF,MEM,E,433.5,19.9,SGF>MEM,2,95.63,80.0,28.0,4.68,112.68,-17.05,-17.8,SGF>MEM:$4.68
SH00737,2026-09-28,Paper Mill Supply,STL,SGF,E,1409.4,87.5,STL>SGF,2,323.0,80.0,28.0,16.78,124.78,198.22,61.4,STL>SGF:$16.78
SH00738,2026-09-28,Gateway Electronics,STL,LIT,P,295.0,22.7,STL>SGF>MEM>LIT,6,83.02,80.0,84.0,12.54,176.54,-93.52,-112.7,STL>SGF:$4.35;SGF>MEM:$5.33;MEM>LIT:$2.86
SH00739,2026-09-28,Delta Plastics,MEM,MKC,P,1203.7,113.2,MEM>MKC,2,330.12,80.0,28.0,35.98,143.98,186.14,56.4,MEM>MKC:$35.98
SH00740,2026-09-28,Delta Plastics,MEM,LIT,P,478.7,50.7,MEM>LIT,2,121.03,80.0,28.0,6.38,114.38,6.65,5.5,MEM>LIT:$6.38
SH00741,2026-09-28,Crossroads Retail,MKC,SGF,P,931.1,87.3,MKC>SGF,2,289.46,80.0,28.0,47.07,155.07,134.39,46.4,MKC>SGF:$47.07
SH00742,2026-09-28,Tulsa Beverage,TUL,SGF,E,2162.9,83.2,TUL>SGF,2,407.34,80.0,28.0,12.51,120.51,286.83,70.4,TUL>SGF:$12.51
SH00743,2026-09-28,Paper Mill Supply,STL,SGF,E,1231.4,79.7,STL>SGF,2,293.49,80.0,28.0,15.28,123.28,170.21,58.0,STL>SGF:$15.28
SH00744,2026-09-28,Plains Pharma,TUL,MEM,P,374.9,29.4,TUL>SGF>MEM,4,123.73,80.0,56.0,11.33,147.33,-23.6,-19.1,TUL>SGF:$4.42;SGF>MEM:$6.91
SH00745,2026-09-28,Gateway Electronics,STL,SGF,E,591.5,62.8,STL>SGF,2,126.28,80.0,28.0,12.04,120.04,6.24,4.9,STL>SGF:$12.04
SH00746,2026-09-28,KC Food Dist,MKC,MEM,P,1184.2,33.9,MKC>MEM,2,333.22,80.0,28.0,10.77,118.77,214.45,64.4,MKC>MEM:$10.77
SH00747,2026-09-28,Bluff City Apparel,MEM,MKC,E,687.0,86.1,MEM>MKC,2,162.64,80.0,28.0,27.37,135.37,27.27,16.8,MEM>MKC:$27.37
SH00748,2026-09-28,River City Foods,LIT,MKC,P,1339.8,54.2,LIT>MEM>MKC,4,414.15,80.0,56.0,24.05,160.05,254.1,61.4,LIT>MEM:$6.82;MEM>MKC:$17.23
SH00749,2026-09-28,Ozark Building,SGF,MKC,P,1986.6,108.7,SGF>MKC,2,615.67,80.0,28.0,58.6,166.6,449.07,72.9,SGF>MKC:$58.60
SH00750,2026-09-28,Ozark Furniture,SGF,MEM,P,779.5,100.0,SGF>MEM,2,225.46,80.0,28.0,23.49,131.49,93.97,41.7,SGF>MEM:$23.49
SH00751,2026-09-28,Crossroads Retail,MKC,SGF,E,957.1,86.6,MKC>SGF,2,224.5,80.0,28.0,46.69,154.69,69.81,31.1,MKC>SGF:$46.69
SH00752,2026-09-28,AutoParts Co,SGF,STL,P,365.1,18.8,SGF>STL,2,98.89,80.0,28.0,3.61,111.61,-12.72,-12.9,SGF>STL:$3.61
SH00753,2026-09-28,AutoParts Co,SGF,STL,P,967.9,50.5,SGF>STL,2,254.63,80.0,28.0,9.68,117.68,136.95,53.8,SGF>STL:$9.68
SH00754,2026-09-28,Delta Plastics,MEM,MKC,P,1298.8,141.0,MEM>MKC,2,364.63,80.0,28.0,44.82,152.82,211.81,58.1,MEM>MKC:$44.82
SH00755,2026-09-28,Memphis Machinery,MEM,SGF,P,1377.1,54.6,MEM>SGF,2,412.11,80.0,28.0,12.83,120.83,291.28,70.7,MEM>SGF:$12.83
SH00756,2026-09-28,Ozark Building,SGF,TUL,E,1466.7,73.5,SGF>TUL,2,253.16,80.0,28.0,11.05,119.05,134.11,53.0,SGF>TUL:$11.05
SH00757,2026-09-28,Plains Pharma,TUL,STL,E,97.5,7.7,TUL>SGF>STL,4,23.96,80.0,56.0,2.63,138.63,-114.67,-478.6,TUL>SGF:$1.16;SGF>STL:$1.48
SH00758,2026-09-28,Plains Pharma,TUL,SGF,P,526.9,41.2,TUL>SGF,2,126.77,80.0,28.0,6.19,114.19,12.58,9.9,TUL>SGF:$6.19
SH00759,2026-09-28,Tulsa Beverage,TUL,SGF,E,1237.3,47.9,TUL>SGF,2,254.18,80.0,28.0,7.2,115.2,138.98,54.7,TUL>SGF:$7.20
SH00760,2026-09-28,Delta Plastics,MEM,MKC,P,423.1,53.3,MEM>MKC,2,132.6,80.0,28.0,16.94,124.94,7.66,5.8,MEM>MKC:$16.94
SH00761,2026-09-28,River City Foods,LIT,MKC,E,1655.3,65.6,LIT>MEM>MKC,4,403.84,80.0,56.0,29.11,165.11,238.73,59.1,LIT>MEM:$8.26;MEM>MKC:$20.85
SH00762,2026-09-28,Ozark Furniture,SGF,TUL,P,957.7,119.1,SGF>TUL,2,268.6,80.0,28.0,17.9,125.9,142.7,53.1,SGF>TUL:$17.90
SH00763,2026-09-28,Crossroads Retail,MKC,SGF,E,691.5,68.7,MKC>SGF,2,186.53,80.0,28.0,37.04,145.04,41.49,22.2,MKC>SGF:$37.04
SH00764,2026-09-28,River City Foods,LIT,MEM,P,1378.3,61.5,LIT>MEM,2,338.6,80.0,28.0,7.74,115.74,222.86,65.8,LIT>MEM:$7.74
SH00765,2026-09-28,Delta Plastics,MEM,LIT,P,691.1,82.9,MEM>LIT,2,172.58,80.0,28.0,10.44,118.44,54.14,31.4,MEM>LIT:$10.44
SH00766,2026-09-28,AutoParts Co,SGF,TUL,P,672.2,30.6,SGF>TUL,2,210.92,80.0,28.0,4.6,112.6,98.32,46.6,SGF>TUL:$4.60
SH00767,2026-09-28,AutoParts Co,SGF,TUL,P,742.3,32.3,SGF>TUL,2,204.1,80.0,28.0,4.85,112.85,91.25,44.7,SGF>TUL:$4.85
SH00768,2026-09-28,Crossroads Retail,MKC,MEM,P,936.6,84.5,MKC>MEM,2,275.44,80.0,28.0,26.86,134.86,140.58,51.0,MKC>MEM:$26.86
SH00769,2026-09-28,Plains Pharma,TUL,MEM,P,417.2,36.4,TUL>SGF>MEM,4,131.47,80.0,56.0,14.02,150.02,-18.55,-14.1,TUL>SGF:$5.47;SGF>MEM:$8.55
SH00770,2026-09-28,Plains Pharma,TUL,MEM,P,384.4,30.7,TUL>SGF>MEM,4,121.94,80.0,56.0,11.83,147.83,-25.89,-21.2,TUL>SGF:$4.61;SGF>MEM:$7.21
SH00771,2026-09-28,Ozark Furniture,SGF,MEM,E,1165.7,167.9,SGF>MEM,2,247.78,80.0,28.0,39.45,147.45,100.33,40.5,SGF>MEM:$39.45
SH00772,2026-09-28,Plains Pharma,TUL,STL,E,458.6,38.8,TUL>SGF>STL,4,131.08,80.0,56.0,13.27,149.27,-18.19,-13.9,TUL>SGF:$5.83;SGF>STL:$7.44
SH00773,2026-09-28,AutoParts Co,SGF,MEM,P,1029.7,44.8,SGF>MEM,2,292.76,80.0,28.0,10.53,118.53,174.23,59.5,SGF>MEM:$10.53
SH00774,2026-09-28,Ozark Furniture,SGF,STL,E,929.8,140.9,SGF>STL,2,197.59,80.0,28.0,27.02,135.02,62.57,31.7,SGF>STL:$27.02
SH00775,2026-09-28,River City Foods,LIT,SGF,P,452.0,15.9,LIT>MEM>SGF,4,130.02,80.0,56.0,5.74,141.74,-11.72,-9.0,LIT>MEM:$2.00;MEM>SGF:$3.74
SH00776,2026-09-28,Paper Mill Supply,STL,MKC,P,671.3,41.9,STL>MKC,2,208.81,80.0,28.0,53.29,161.29,47.52,22.8,STL>MKC:$53.29
SH00777,2026-09-28,Memphis Machinery,MEM,LIT,P,1226.4,50.9,MEM>LIT,2,286.3,80.0,28.0,6.41,114.41,171.89,60.0,MEM>LIT:$6.41
SH00778,2026-09-28,Paper Mill Supply,STL,SGF,P,1745.8,99.5,STL>SGF,2,440.41,80.0,28.0,19.08,127.08,313.33,71.1,STL>SGF:$19.08
SH00779,2026-09-28,AutoParts Co,SGF,MEM,P,881.6,40.2,SGF>MEM,2,243.65,80.0,28.0,9.44,117.44,126.21,51.8,SGF>MEM:$9.44
SH00780,2026-09-28,AutoParts Co,SGF,TUL,P,559.4,28.0,SGF>TUL,2,143.59,80.0,28.0,4.21,112.21,31.38,21.9,SGF>TUL:$4.21
SH00781,2026-09-28,KC Food Dist,MKC,LIT,E,2221.2,84.0,MKC>MEM>LIT,4,616.3,80.0,56.0,37.27,173.27,443.03,71.9,MKC>MEM:$26.70;MEM>LIT:$10.57
SH00782,2026-09-28,River City Foods,LIT,SGF,E,2232.5,88.7,LIT>MEM>SGF,4,526.73,80.0,56.0,32.0,168.0,358.73,68.1,LIT>MEM:$11.17;MEM>SGF:$20.84
SH00783,2026-09-28,Bluff City Apparel,MEM,SGF,P,601.0,74.1,MEM>SGF,2,182.7,80.0,28.0,17.41,125.41,57.29,31.4,MEM>SGF:$17.41
SH00784,2026-09-28,Tulsa Beverage,TUL,MEM,E,1024.2,36.7,TUL>SGF>MEM,4,275.77,80.0,56.0,14.14,150.14,125.63,45.6,TUL>SGF:$5.52;SGF>MEM:$8.62
SH00785,2026-09-28,Tulsa Beverage,TUL,MEM,E,1774.4,71.1,TUL>SGF>MEM,4,474.0,80.0,56.0,27.39,163.39,310.61,65.5,TUL>SGF:$10.69;SGF>MEM:$16.70
SH00786,2026-09-28,River City Foods,LIT,TUL,E,1002.5,44.3,LIT>MEM>SGF>TUL,6,234.18,80.0,84.0,22.64,186.64,47.54,20.3,LIT>MEM:$5.58;MEM>SGF:$10.41;SGF>TUL:$6.66
SH00787,2026-09-28,KC Food Dist,MKC,STL,P,1631.1,59.1,MKC>MEM>SGF>STL,6,490.72,80.0,84.0,44.0,208.0,282.72,57.6,MKC>MEM:$18.78;MEM>SGF:$13.89;SGF>STL:$11.33
SH00788,2026-09-28,Tulsa Beverage,TUL,STL,P,1402.2,42.5,TUL>SGF>STL,4,435.86,80.0,56.0,14.54,150.54,285.32,65.5,TUL>SGF:$6.39;SGF>STL:$8.15
SH00789,2026-09-28,AutoParts Co,SGF,TUL,E,482.8,22.9,SGF>TUL,2,101.5,80.0,28.0,3.44,111.44,-9.94,-9.8,SGF>TUL:$3.44
SH00790,2026-09-28,Paper Mill Supply,STL,MEM,E,1667.6,84.1,STL>SGF>MEM,4,450.75,80.0,56.0,35.89,171.89,278.86,61.9,STL>SGF:$16.13;SGF>MEM:$19.76
SH00791,2026-09-28,Paper Mill Supply,STL,MEM,E,1631.3,91.2,STL>SGF>MEM,4,418.3,80.0,56.0,38.92,174.92,243.38,58.2,STL>SGF:$17.49;SGF>MEM:$21.43
SH00792,2026-09-28,AutoParts Co,SGF,MKC,P,743.3,25.4,SGF>MKC,2,228.19,80.0,28.0,13.69,121.69,106.5,46.7,SGF>MKC:$13.69
SH00793,2026-09-28,Gateway Electronics,STL,TUL,P,292.1,26.7,STL>SGF>TUL,4,83.84,80.0,56.0,9.13,145.13,-61.29,-73.1,STL>SGF:$5.12;SGF>TUL:$4.01
SH00794,2026-09-28,Bluff City Apparel,MEM,MKC,E,893.3,122.5,MEM>MKC,2,215.35,80.0,28.0,38.94,146.94,68.41,31.8,MEM>MKC:$38.94
SH00795,2026-09-28,Gateway Electronics,STL,MEM,E,187.7,20.1,STL>SGF>MEM,4,50.23,80.0,56.0,8.58,144.58,-94.35,-187.8,STL>SGF:$3.85;SGF>MEM:$4.72
SH00796,2026-09-28,Paper Mill Supply,STL,SGF,P,789.8,44.6,STL>SGF,2,208.23,80.0,28.0,8.55,116.55,91.68,44.0,STL>SGF:$8.55
SH00797,2026-09-28,Memphis Machinery,MEM,LIT,P,2648.5,89.6,MEM>LIT,2,582.0,80.0,28.0,11.28,119.28,462.72,79.5,MEM>LIT:$11.28
SH00798,2026-09-28,River City Foods,LIT,MEM,P,1797.5,63.5,LIT>MEM,2,425.79,80.0,28.0,7.99,115.99,309.8,72.8,LIT>MEM:$7.99
SH00799,2026-09-28,Bluff City Apparel,MEM,LIT,P,753.9,99.9,MEM>LIT,2,179.31,80.0,28.0,12.57,120.57,58.74,32.8,MEM>LIT:$12.57
SH00800,2026-09-28,Paper Mill Supply,STL,LIT,P,831.6,40.5,STL>SGF>MEM>LIT,6,250.06,80.0,84.0,22.38,186.38,63.68,25.5,STL>SGF:$7.77;SGF>MEM:$9.52;MEM>LIT:$5.10
SH00801,2026-09-28,AutoParts Co,SGF,STL,E,633.1,29.7,SGF>STL,2,145.55,80.0,28.0,5.7,113.7,31.85,21.9,SGF>STL:$5.70
SH00802,2026-09-28,Midwest Apparel,MKC,TUL,P,764.4,99.5,MKC>MEM>SGF>TUL,6,227.84,80.0,84.0,69.96,233.96,-6.12,-2.7,MKC>MEM:$31.63;MEM>SGF:$23.38;SGF>TUL:$14.96
SH00803,2026-09-28,Gateway Electronics,STL,SGF,P,547.2,55.6,STL>SGF,2,127.08,80.0,28.0,10.66,118.66,8.42,6.6,STL>SGF:$10.66
SH00804,2026-09-28,Gateway Electronics,STL,SGF,E,542.9,58.4,STL>SGF,2,123.88,80.0,28.0,11.2,119.2,4.68,3.8,STL>SGF:$11.20
SH00805,2026-09-28,KC Food Dist,MKC,STL,E,1120.4,43.9,MKC>MEM>SGF>STL,6,235.05,80.0,84.0,32.69,196.69,38.36,16.3,MKC>MEM:$13.95;MEM>SGF:$10.31;SGF>STL:$8.42
SH00806,2026-09-28,AutoParts Co,SGF,MKC,P,750.4,38.5,SGF>MKC,2,224.45,80.0,28.0,20.76,128.76,95.69,42.6,SGF>MKC:$20.76
SH00807,2026-09-28,River City Foods,LIT,STL,E,1100.3,46.7,LIT>MEM>SGF>STL,6,244.39,80.0,84.0,25.81,189.81,54.58,22.3,LIT>MEM:$5.88;MEM>SGF:$10.97;SGF>STL:$8.96
SH00808,2026-09-28,Crossroads Retail,MKC,MEM,E,1194.8,98.8,MKC>MEM,2,283.44,80.0,28.0,31.4,139.4,144.04,50.8,MKC>MEM:$31.40
SH00809,2026-09-28,River City Foods,LIT,TUL,E,1430.6,54.2,LIT>MEM>SGF>TUL,6,351.09,80.0,84.0,27.7,191.7,159.39,45.4,LIT>MEM:$6.82;MEM>SGF:$12.73;SGF>TUL:$8.15
SH00810,2026-09-28,Gateway Electronics,STL,SGF,E,623.5,66.7,STL>SGF,2,133.19,80.0,28.0,12.79,120.79,12.4,9.3,STL>SGF:$12.79
SH00811,2026-09-28,Ozark Furniture,SGF,MKC,E,609.7,94.0,SGF>MEM>MKC,4,141.86,80.0,56.0,51.96,187.96,-46.1,-32.5,SGF>MEM:$22.08;MEM>MKC:$29.88
SH00812,2026-09-28,Tulsa Beverage,TUL,MKC,P,1350.3,52.2,TUL>SGF>MEM>MKC,6,322.86,80.0,84.0,36.7,200.7,122.16,37.8,TUL>SGF:$7.85;SGF>MEM:$12.26;MEM>MKC:$16.59
SH00813,2026-09-28,AutoParts Co,SGF,STL,E,1013.2,42.7,SGF>STL,2,245.29,80.0,28.0,8.19,116.19,129.1,52.6,SGF>STL:$8.19
SH00814,2026-09-28,Delta Plastics,MEM,LIT,E,576.1,64.5,MEM>LIT,2,102.97,80.0,28.0,8.12,116.12,-13.15,-12.8,MEM>LIT:$8.12
SH00815,2026-09-28,Bluff City Apparel,MEM,TUL,P,437.4,63.2,MEM>TUL,2,137.93,80.0,28.0,164.31,272.31,-134.38,-97.4,MEM>TUL:$164.31
SH00816,2026-09-28,Delta Plastics,MEM,SGF,E,817.2,86.8,MEM>SGF,2,186.04,80.0,28.0,20.39,128.39,57.65,31.0,MEM>SGF:$20.39
SH00817,2026-09-28,Ozark Furniture,SGF,MKC,P,789.4,105.0,SGF>MKC,2,249.35,80.0,28.0,56.61,164.61,84.74,34.0,SGF>MKC:$56.61
SH00818,2026-09-28,Paper Mill Supply,STL,LIT,P,2259.1,132.2,STL>SGF>MEM>LIT,6,700.86,80.0,84.0,73.05,237.05,463.81,66.2,STL>SGF:$25.35;SGF>MEM:$31.06;MEM>LIT:$16.64
SH00819,2026-09-28,Ozark Building,SGF,TUL,P,1208.6,57.0,SGF>TUL,2,320.27,80.0,28.0,8.57,116.57,203.7,63.6,SGF>TUL:$8.57
SH00820,2026-09-28,Memphis Machinery,MEM,STL,P,2661.2,109.7,MEM>STL,2,803.91,80.0,28.0,205.39,313.39,490.52,61.0,MEM>STL:$205.39
SH00821,2026-09-28,AutoParts Co,SGF,MEM,P,561.2,27.9,SGF>MEM,2,151.21,80.0,28.0,6.55,114.55,36.66,24.2,SGF>MEM:$6.55
SH00822,2026-09-28,Midwest Apparel,MKC,MEM,P,1311.3,165.3,MKC>MEM,2,394.75,80.0,28.0,52.54,160.54,234.21,59.3,MKC>MEM:$52.54
SH00823,2026-09-28,Bluff City Apparel,MEM,MKC,E,292.7,38.9,MEM>MKC,2,85.95,80.0,28.0,12.36,120.36,-34.41,-40.0,MEM>MKC:$12.36
SH00824,2026-09-28,Delta Plastics,MEM,MKC,E,874.2,97.4,MEM>MKC,2,204.77,80.0,28.0,30.96,138.96,65.81,32.1,MEM>MKC:$30.96
SH00825,2026-09-28,AutoParts Co,SGF,TUL,P,468.8,23.5,SGF>TUL,2,106.26,80.0,28.0,3.53,111.53,-5.27,-5.0,SGF>TUL:$3.53
SH00826,2026-09-28,KC Food Dist,MKC,SGF,E,1818.2,63.8,MKC>SGF,2,530.29,80.0,28.0,34.4,142.4,387.89,73.1,MKC>SGF:$34.40
SH00827,2026-09-28,River City Foods,LIT,MEM,P,1084.1,44.3,LIT>MEM,2,235.22,80.0,28.0,5.58,113.58,121.64,51.7,LIT>MEM:$5.58
SH00828,2026-09-28,Ozark Building,SGF,MEM,E,1594.9,84.1,SGF>MEM,2,371.87,80.0,28.0,19.76,127.76,244.11,65.6,SGF>MEM:$19.76
SH00829,2026-09-28,KC Food Dist,MKC,LIT,E,1770.5,58.2,MKC>MEM>LIT,4,428.14,80.0,56.0,25.82,161.82,266.32,62.2,MKC>MEM:$18.50;MEM>LIT:$7.33
SH00830,2026-09-28,Paper Mill Supply,STL,MKC,P,1199.6,68.4,STL>MKC,2,309.4,80.0,28.0,87.0,195.0,114.4,37.0,STL>MKC:$87.00
SH00831,2026-09-28,Bluff City Apparel,MEM,SGF,P,334.2,45.5,MEM>SGF,2,89.96,80.0,28.0,10.69,118.69,-28.73,-31.9,MEM>SGF:$10.69
SH00832,2026-09-28,Ozark Furniture,SGF,LIT,E,736.5,119.6,SGF>MEM>LIT,4,217.22,80.0,56.0,43.15,179.15,38.07,17.5,SGF>MEM:$28.10;MEM>LIT:$15.05
SH00833,2026-09-28,Gateway Electronics,STL,MKC,E,236.0,25.9,STL>SGF>MEM>MKC,6,49.06,80.0,84.0,19.28,183.28,-134.22,-273.6,STL>SGF:$4.97;SGF>MEM:$6.09;MEM>MKC:$8.23
SH00834,2026-09-28,Plains Pharma,TUL,LIT,E,382.1,31.7,TUL>SGF>MEM>LIT,6,86.12,80.0,84.0,16.2,180.2,-94.08,-109.2,TUL>SGF:$4.76;SGF>MEM:$7.45;MEM>LIT:$3.99
SH00835,2026-09-28,AutoParts Co,SGF,STL,P,1075.4,53.2,SGF>STL,2,287.98,80.0,28.0,10.2,118.2,169.78,59.0,SGF>STL:$10.20
SH00836,2026-09-28,KC Food Dist,MKC,MEM,P,2380.4,73.9,MKC>MEM,2,659.47,80.0,28.0,23.49,131.49,527.98,80.1,MKC>MEM:$23.49
SH00837,2026-09-28,Bluff City Apparel,MEM,LIT,P,807.6,108.1,MEM>LIT,2,212.12,80.0,28.0,13.61,121.61,90.51,42.7,MEM>LIT:$13.61
SH00838,2026-09-28,Tulsa Beverage,TUL,SGF,E,80.0,5.0,TUL>SGF,2,17.45,80.0,28.0,0.75,108.75,-91.3,-523.2,TUL>SGF:$0.75
SH00839,2026-09-28,Paper Mill Supply,STL,SGF,E,323.9,17.5,STL>SGF,2,69.36,80.0,28.0,3.36,111.36,-42.0,-60.5,STL>SGF:$3.36
SH00840,2026-09-28,Plains Pharma,TUL,STL,P,482.9,35.9,TUL>SGF>STL,4,142.47,80.0,56.0,12.28,148.28,-5.81,-4.1,TUL>SGF:$5.40;SGF>STL:$6.88
SH00841,2026-09-28,River City Foods,LIT,TUL,P,768.9,29.4,LIT>MEM>SGF>TUL,6,206.11,80.0,84.0,15.03,179.03,27.08,13.1,LIT>MEM:$3.70;MEM>SGF:$6.91;SGF>TUL:$4.42
SH00842,2026-09-28,AutoParts Co,SGF,TUL,E,845.0,39.8,SGF>TUL,2,157.27,80.0,28.0,5.98,113.98,43.29,27.5,SGF>TUL:$5.98
SH00843,2026-09-28,AutoParts Co,SGF,MEM,P,912.9,39.2,SGF>MEM,2,293.76,80.0,28.0,9.21,117.21,176.55,60.1,SGF>MEM:$9.21
SH00844,2026-09-28,AutoParts Co,SGF,MEM,P,1140.4,57.8,SGF>MEM,2,321.7,80.0,28.0,13.58,121.58,200.12,62.2,SGF>MEM:$13.58
SH00845,2026-09-28,AutoParts Co,SGF,MEM,P,748.0,30.6,SGF>MEM,2,208.61,80.0,28.0,7.19,115.19,93.42,44.8,SGF>MEM:$7.19
SH00846,2026-09-28,River City Foods,LIT,MEM,E,1037.5,38.1,LIT>MEM,2,205.44,80.0,28.0,4.8,112.8,92.64,45.1,LIT>MEM:$4.80
SH00847,2026-09-28,Ozark Building,SGF,MEM,P,1902.3,95.2,SGF>MEM,2,470.83,80.0,28.0,22.37,130.37,340.46,72.3,SGF>MEM:$22.37
SH00848,2026-09-28,AutoParts Co,SGF,MKC,E,697.9,34.1,SGF>MEM>MKC,4,166.14,80.0,56.0,18.85,154.85,11.29,6.8,SGF>MEM:$8.01;MEM>MKC:$10.84
SH00849,2026-09-28,River City Foods,LIT,MEM,E,2283.6,82.0,LIT>MEM,2,473.57,80.0,28.0,10.32,118.32,355.25,75.0,LIT>MEM:$10.32
SH00850,2026-09-28,Gateway Electronics,STL,MKC,P,500.0,44.4,STL>MKC,2,116.02,80.0,28.0,56.47,164.47,-48.45,-41.8,STL>MKC:$56.47
SH00851,2026-09-28,Crossroads Retail,MKC,MEM,P,881.1,76.3,MKC>MEM,2,229.68,80.0,28.0,24.25,132.25,97.43,42.4,MKC>MEM:$24.25
SH00852,2026-09-28,Ozark Furniture,SGF,TUL,E,80.0,10.7,SGF>TUL,2,15.15,80.0,28.0,1.61,109.61,-94.46,-623.5,SGF>TUL:$1.61
SH00853,2026-09-28,AutoParts Co,SGF,MEM,E,624.3,28.0,SGF>MEM,2,147.15,80.0,28.0,6.58,114.58,32.57,22.1,SGF>MEM:$6.58
SH00854,2026-09-28,Ozark Furniture,SGF,STL,E,523.8,77.3,SGF>STL,2,117.91,80.0,28.0,14.82,122.82,-4.91,-4.2,SGF>STL:$14.82
SH00855,2026-09-28,Bluff City Apparel,MEM,LIT,P,633.5,78.9,MEM>LIT,2,145.39,80.0,28.0,9.93,117.93,27.46,18.9,MEM>LIT:$9.93
SH00856,2026-09-28,Paper Mill Supply,STL,LIT,P,772.1,36.9,STL>SGF>MEM>LIT,6,226.28,80.0,84.0,20.39,184.39,41.89,18.5,STL>SGF:$7.08;SGF>MEM:$8.67;MEM>LIT:$4.64
SH00857,2026-09-28,Delta Plastics,MEM,MKC,P,1459.1,172.3,MEM>MKC,2,441.82,80.0,28.0,54.76,162.76,279.06,63.2,MEM>MKC:$54.76
SH00858,2026-09-28,Gateway Electronics,STL,MEM,E,832.1,93.7,STL>SGF>MEM,4,203.26,80.0,56.0,39.98,175.98,27.28,13.4,STL>SGF:$17.97;SGF>MEM:$22.01
SH00859,2026-09-28,KC Food Dist,MKC,TUL,P,1275.8,37.0,MKC>MEM>SGF>TUL,6,358.59,80.0,84.0,26.01,190.01,168.58,47.0,MKC>MEM:$11.76;MEM>SGF:$8.69;SGF>TUL:$5.56
SH00860,2026-09-28,Crossroads Retail,MKC,STL,P,517.2,44.3,MKC>MEM>SGF>STL,6,125.82,80.0,84.0,32.98,196.98,-71.16,-56.6,MKC>MEM:$14.08;MEM>SGF:$10.41;SGF>STL:$8.50
SH00861,2026-09-28,Tulsa Beverage,TUL,MKC,E,1712.6,57.6,TUL>SGF>MEM>MKC,6,405.97,80.0,84.0,40.5,204.5,201.47,49.6,TUL>SGF:$8.66;SGF>MEM:$13.53;MEM>MKC:$18.31
SH00862,2026-09-28,AutoParts Co,SGF,MKC,P,670.7,35.1,SGF>MKC,2,199.12,80.0,28.0,18.92,126.92,72.2,36.3,SGF>MKC:$18.92
SH00863,2026-09-28,Plains Pharma,TUL,SGF,E,287.2,23.1,TUL>SGF,2,57.27,80.0,28.0,3.47,111.47,-54.2,-94.6,TUL>SGF:$3.47
SH00864,2026-09-28,Plains Pharma,TUL,MKC,E,623.1,53.3,TUL>SGF>MEM>MKC,6,137.83,80.0,84.0,37.47,201.47,-63.64,-46.2,TUL>SGF:$8.01;SGF>MEM:$12.52;MEM>MKC:$16.94
SH00865,2026-09-28,Midwest Apparel,MKC,MEM,E,238.6,31.1,MKC>MEM,2,56.3,80.0,28.0,9.88,117.88,-61.58,-109.4,MKC>MEM:$9.88
SH00866,2026-09-28,Memphis Machinery,MEM,MKC,E,2195.3,91.2,MEM>MKC,2,454.17,80.0,28.0,28.99,136.99,317.18,69.8,MEM>MKC:$28.99
SH00867,2026-09-28,AutoParts Co,SGF,STL,P,814.4,37.6,SGF>STL,2,225.84,80.0,28.0,7.21,115.21,110.63,49.0,SGF>STL:$7.21
SH00868,2026-09-28,KC Food Dist,MKC,MEM,P,1610.8,54.6,MKC>MEM,2,466.63,80.0,28.0,17.35,125.35,341.28,73.1,MKC>MEM:$17.35
SH00869,2026-09-28,Plains Pharma,TUL,MKC,P,440.3,39.0,TUL>SGF>MEM>MKC,6,134.32,80.0,84.0,27.42,191.42,-57.1,-42.5,TUL>SGF:$5.86;SGF>MEM:$9.16;MEM>MKC:$12.40
SH00870,2026-09-28,Gateway Electronics,STL,LIT,P,432.1,34.7,STL>SGF>MEM>LIT,6,121.14,80.0,84.0,19.17,183.17,-62.03,-51.2,STL>SGF:$6.65;SGF>MEM:$8.15;MEM>LIT:$4.37
SH00871,2026-09-28,KC Food Dist,MKC,SGF,P,1607.1,61.6,MKC>SGF,2,443.23,80.0,28.0,33.21,141.21,302.02,68.1,MKC>SGF:$33.21
SH00872,2026-09-28,KC Food Dist,MKC,SGF,P,1830.1,66.4,MKC>SGF,2,550.39,80.0,28.0,35.8,143.8,406.59,73.9,MKC>SGF:$35.80
SH00873,2026-09-28,Tulsa Beverage,TUL,MKC,P,2733.1,87.8,TUL>SGF>MEM>MKC,6,787.73,80.0,84.0,61.73,225.73,562.0,71.3,TUL>SGF:$13.20;SGF>MEM:$20.63;MEM>MKC:$27.91
SH00874,2026-09-28,Plains Pharma,TUL,SGF,P,273.4,25.7,TUL>SGF,2,62.67,80.0,28.0,3.86,111.86,-49.19,-78.5,TUL>SGF:$3.86
SH00875,2026-09-28,Paper Mill Supply,STL,MKC,P,1674.4,97.1,STL>MKC,2,390.06,80.0,28.0,123.5,231.5,158.56,40.6,STL>MKC:$123.50
SH00876,2026-09-28,Ozark Building,SGF,MEM,P,2644.3,133.1,SGF>MEM,2,754.31,80.0,28.0,31.27,139.27,615.04,81.5,SGF>MEM:$31.27
SH00877,2026-09-28,Bluff City Apparel,MEM,TUL,E,689.4,77.4,MEM>SGF>TUL,4,188.31,80.0,56.0,29.82,165.82,22.49,11.9,MEM>SGF:$18.18;SGF>TUL:$11.63
SH00878,2026-09-28,River City Foods,LIT,MEM,E,1166.0,37.5,LIT>MEM,2,210.21,80.0,28.0,4.72,112.72,97.49,46.4,LIT>MEM:$4.72
SH00879,2026-09-28,River City Foods,LIT,MEM,E,956.6,35.5,LIT>MEM,2,215.01,80.0,28.0,4.47,112.47,102.54,47.7,LIT>MEM:$4.47
SH00880,2026-09-28,Delta Plastics,MEM,STL,E,853.5,94.5,MEM>SGF>STL,4,190.16,80.0,56.0,40.32,176.32,13.84,7.3,MEM>SGF:$22.20;SGF>STL:$18.12
SH00881,2026-09-28,River City Foods,LIT,MEM,E,1008.1,40.9,LIT>MEM,2,213.64,80.0,28.0,5.15,113.15,100.49,47.0,LIT>MEM:$5.15
SH00882,2026-09-28,Paper Mill Supply,STL,SGF,E,1174.0,64.3,STL>SGF,2,238.14,80.0,28.0,12.33,120.33,117.81,49.5,STL>SGF:$12.33
SH00883,2026-09-28,Ozark Furniture,SGF,MEM,P,444.1,62.8,SGF>MEM,2,124.03,80.0,28.0,14.75,122.75,1.28,1.0,SGF>MEM:$14.75
SH00884,2026-09-28,KC Food Dist,MKC,MEM,E,1609.4,50.8,MKC>MEM,2,412.77,80.0,28.0,16.15,124.15,288.62,69.9,MKC>MEM:$16.15
SH00885,2026-09-28,Ozark Building,SGF,MEM,E,1277.1,67.9,SGF>MEM,2,311.11,80.0,28.0,15.95,123.95,187.16,60.2,SGF>MEM:$15.95
SH00886,2026-09-28,Tulsa Beverage,TUL,SGF,P,2188.7,69.9,TUL>SGF,2,506.48,80.0,28.0,10.51,118.51,387.97,76.6,TUL>SGF:$10.51
SH00887,2026-09-28,Memphis Machinery,MEM,SGF,E,1073.8,38.7,MEM>SGF,2,285.02,80.0,28.0,9.09,117.09,167.93,58.9,MEM>SGF:$9.09
SH00888,2026-09-28,Midwest Apparel,MKC,SGF,P,250.3,30.9,MKC>SGF,2,71.72,80.0,28.0,16.66,124.66,-52.94,-73.8,MKC>SGF:$16.66
SH00889,2026-09-28,AutoParts Co,SGF,LIT,P,80.0,5.0,SGF>LIT,2,22.83,80.0,28.0,11.04,119.04,-96.21,-421.4,SGF>LIT:$11.04
SH00890,2026-09-28,Gateway Electronics,STL,SGF,E,479.0,46.4,STL>SGF,2,109.91,80.0,28.0,8.9,116.9,-6.99,-6.4,STL>SGF:$8.90
SH00891,2026-09-28,Ozark Furniture,SGF,MKC,P,1083.8,156.7,SGF>MKC,2,298.26,80.0,28.0,84.48,192.48,105.78,35.5,SGF>MKC:$84.48
SH00892,2026-09-28,Ozark Furniture,SGF,STL,P,147.2,19.8,SGF>STL,2,36.32,80.0,28.0,3.8,111.8,-75.48,-207.8,SGF>STL:$3.80
SH00893,2026-09-28,KC Food Dist,MKC,SGF,E,1102.5,39.0,MKC>SGF,2,268.33,80.0,28.0,21.03,129.03,139.3,51.9,MKC>SGF:$21.03
SH00894,2026-09-28,Memphis Machinery,MEM,MKC,P,1322.9,55.0,MEM>MKC,2,384.04,80.0,28.0,17.48,125.48,258.56,67.3,MEM>MKC:$17.48
SH00895,2026-09-28,Delta Plastics,MEM,MKC,P,985.4,111.3,MEM>MKC,2,296.92,80.0,28.0,35.38,143.38,153.54,51.7,MEM>MKC:$35.38
SH00896,2026-09-28,Ozark Furniture,SGF,MEM,P,985.3,143.4,SGF>MEM,2,282.51,80.0,28.0,33.69,141.69,140.82,49.8,SGF>MEM:$33.69
SH00897,2026-09-28,Ozark Building,SGF,STL,P,2639.1,120.6,SGF>STL,2,730.77,80.0,28.0,23.13,131.13,599.64,82.1,SGF>STL:$23.13
SH00898,2026-09-28,Tulsa Beverage,TUL,SGF,P,1701.9,60.6,TUL>SGF,2,410.66,80.0,28.0,9.11,117.11,293.55,71.5,TUL>SGF:$9.11
SH00899,2026-09-28,Midwest Apparel,MKC,TUL,P,1068.3,122.2,MKC>MEM>SGF>TUL,6,295.16,80.0,84.0,85.92,249.92,45.24,15.3,MKC>MEM:$38.84;MEM>SGF:$28.71;SGF>TUL:$18.37
SH00900,2026-09-28,Ozark Furniture,SGF,MEM,E,329.7,39.2,SGF>MEM,2,79.27,80.0,28.0,9.21,117.21,-37.94,-47.9,SGF>MEM:$9.21
SH00901,2026-09-28,Crossroads Retail,MKC,SGF,P,653.1,58.1,MKC>SGF,2,190.42,80.0,28.0,31.32,139.32,51.1,26.8,MKC>SGF:$31.32
SH00902,2026-09-28,Midwest Apparel,MKC,SGF,E,565.1,77.4,MKC>SGF,2,141.85,80.0,28.0,41.73,149.73,-7.88,-5.6,MKC>SGF:$41.73
SH00903,2026-09-28,Ozark Furniture,SGF,STL,P,719.6,95.8,SGF>STL,2,206.39,80.0,28.0,18.37,126.37,80.02,38.8,SGF>STL:$18.37
SH00904,2026-09-28,Paper Mill Supply,STL,SGF,P,581.4,26.5,STL>SGF,2,165.38,80.0,28.0,5.08,113.08,52.3,31.6,STL>SGF:$5.08
SH00905,2026-09-28,Ozark Furniture,SGF,TUL,P,1196.9,170.3,SGF>TUL,2,280.16,80.0,28.0,25.6,133.6,146.56,52.3,SGF>TUL:$25.60
SH00906,2026-09-28,AutoParts Co,SGF,TUL,P,894.9,38.8,SGF>TUL,2,231.56,80.0,28.0,5.83,113.83,117.73,50.8,SGF>TUL:$5.83
SH00907,2026-09-28,River City Foods,LIT,SGF,P,1673.1,54.9,LIT>MEM>SGF,4,512.62,80.0,56.0,19.81,155.81,356.81,69.6,LIT>MEM:$6.91;MEM>SGF:$12.90
SH00908,2026-09-28,KC Food Dist,MKC,MEM,P,1671.4,47.4,MKC>MEM,2,459.64,80.0,28.0,15.07,123.07,336.57,73.2,MKC>MEM:$15.07
SH00909,2026-09-28,Ozark Building,SGF,MEM,P,753.3,43.9,SGF>MEM,2,210.02,80.0,28.0,10.31,118.31,91.71,43.7,SGF>MEM:$10.31
SH00910,2026-09-28,Ozark Building,SGF,LIT,P,532.5,24.5,SGF>LIT,2,187.7,80.0,28.0,54.09,162.09,25.61,13.6,SGF>LIT:$54.09
SH00911,2026-09-28,AutoParts Co,SGF,STL,P,441.0,23.6,SGF>STL,2,96.4,80.0,28.0,4.53,112.53,-16.13,-16.7,SGF>STL:$4.53
SH00912,2026-09-28,Gateway Electronics,STL,LIT,E,392.8,42.6,STL>SGF>MEM>LIT,6,109.38,80.0,84.0,23.54,187.54,-78.16,-71.5,STL>SGF:$8.17;SGF>MEM:$10.01;MEM>LIT:$5.36
SH00913,2026-09-28,River City Foods,LIT,MEM,P,1433.1,48.5,LIT>MEM,2,368.93,80.0,28.0,6.1,114.1,254.83,69.1,LIT>MEM:$6.10
SH00914,2026-09-28,Paper Mill Supply,STL,MEM,P,402.8,24.3,STL>SGF>MEM,4,116.54,80.0,56.0,10.37,146.37,-29.83,-25.6,STL>SGF:$4.66;SGF>MEM:$5.71
SH00915,2026-09-28,Ozark Furniture,SGF,LIT,P,812.4,120.5,SGF>LIT,2,249.53,80.0,28.0,266.05,374.05,-124.52,-49.9,SGF>LIT:$266.05
SH00916,2026-09-28,Crossroads Retail,MKC,SGF,E,683.1,50.4,MKC>SGF,2,174.56,80.0,28.0,27.17,135.17,39.39,22.6,MKC>SGF:$27.17
SH00917,2026-09-28,Plains Pharma,TUL,LIT,E,282.4,26.0,TUL>SGF>MEM>LIT,6,59.51,80.0,84.0,13.29,177.29,-117.78,-197.9,TUL>SGF:$3.91;SGF>MEM:$6.11;MEM>LIT:$3.27
SH00918,2026-09-28,AutoParts Co,SGF,STL,E,682.2,30.4,SGF>STL,2,138.47,80.0,28.0,5.83,113.83,24.64,17.8,SGF>STL:$5.83
SH00919,2026-09-28,Gateway Electronics,STL,MKC,P,132.6,13.4,STL>MKC,2,39.18,80.0,28.0,17.04,125.04,-85.86,-219.2,STL>MKC:$17.04
SH00920,2026-09-28,Paper Mill Supply,STL,MEM,P,972.6,52.9,STL>SGF>MEM,4,304.96,80.0,56.0,22.57,158.57,146.39,48.0,STL>SGF:$10.14;SGF>MEM:$12.43
SH00921,2026-09-28,Tulsa Beverage,TUL,LIT,P,1184.7,39.7,TUL>SGF>MEM>LIT,6,264.81,80.0,84.0,20.29,184.29,80.52,30.4,TUL>SGF:$5.97;SGF>MEM:$9.33;MEM>LIT:$5.00
SH00922,2026-09-28,Ozark Furniture,SGF,MEM,P,1013.9,136.5,SGF>MEM,2,256.25,80.0,28.0,32.07,140.07,116.18,45.3,SGF>MEM:$32.07
SH00923,2026-09-28,Plains Pharma,TUL,STL,P,321.7,27.5,TUL>SGF>STL,4,83.21,80.0,56.0,9.41,145.41,-62.2,-74.7,TUL>SGF:$4.13;SGF>STL:$5.27
SH00924,2026-09-28,Gateway Electronics,STL,MEM,P,467.7,55.2,STL>SGF>MEM,4,155.41,80.0,56.0,23.55,159.55,-4.14,-2.7,STL>SGF:$10.59;SGF>MEM:$12.97
SH00925,2026-09-28,AutoParts Co,SGF,MKC,P,861.6,47.1,SGF>MKC,2,272.14,80.0,28.0,25.39,133.39,138.75,51.0,SGF>MKC:$25.39
SH00926,2026-09-28,Paper Mill Supply,STL,LIT,P,1289.3,75.9,STL>SGF>MEM>LIT,6,324.29,80.0,84.0,41.94,205.94,118.35,36.5,STL>SGF:$14.56;SGF>MEM:$17.83;MEM>LIT:$9.55
SH00927,2026-09-28,KC Food Dist,MKC,SGF,P,1851.4,64.1,MKC>SGF,2,538.63,80.0,28.0,34.56,142.56,396.07,73.5,MKC>SGF:$34.56
SH00928,2026-09-28,KC Food Dist,MKC,TUL,E,807.5,26.7,MKC>MEM>SGF>TUL,6,175.36,80.0,84.0,18.77,182.77,-7.41,-4.2,MKC>MEM:$8.49;MEM>SGF:$6.27;SGF>TUL:$4.01
SH00929,2026-09-28,Memphis Machinery,MEM,SGF,E,1289.3,50.7,MEM>SGF,2,300.94,80.0,28.0,11.91,119.91,181.03,60.2,MEM>SGF:$11.91
SH00930,2026-09-28,Delta Plastics,MEM,SGF,E,687.1,58.6,MEM>SGF,2,152.47,80.0,28.0,13.77,121.77,30.7,20.1,MEM>SGF:$13.77
SH00931,2026-09-28,KC Food Dist,MKC,SGF,E,1040.2,29.3,MKC>SGF,2,277.12,80.0,28.0,15.8,123.8,153.32,55.3,MKC>SGF:$15.80
SH00932,2026-09-28,Paper Mill Supply,STL,SGF,E,1614.4,95.4,STL>SGF,2,337.66,80.0,28.0,18.3,126.3,211.36,62.6,STL>SGF:$18.30
SH00933,2026-09-28,AutoParts Co,SGF,LIT,P,775.8,33.5,SGF>LIT,2,242.95,80.0,28.0,73.97,181.97,60.98,25.1,SGF>LIT:$73.97
SH00934,2026-09-28,Delta Plastics,MEM,STL,P,798.6,76.8,MEM>STL,2,231.08,80.0,28.0,143.79,251.79,-20.71,-9.0,MEM>STL:$143.79
SH00935,2026-09-28,Ozark Furniture,SGF,MKC,P,637.7,97.2,SGF>MKC,2,187.8,80.0,28.0,52.4,160.4,27.4,14.6,SGF>MKC:$52.40
SH00936,2026-09-28,AutoParts Co,SGF,STL,E,1295.0,64.0,SGF>STL,2,304.16,80.0,28.0,12.27,120.27,183.89,60.5,SGF>STL:$12.27
SH00937,2026-09-28,Gateway Electronics,STL,MEM,P,319.6,28.6,STL>SGF>MEM,4,89.49,80.0,56.0,12.2,148.2,-58.71,-65.6,STL>SGF:$5.48;SGF>MEM:$6.72
SH00938,2026-09-28,Gateway Electronics,STL,MKC,P,570.8,66.5,STL>MKC,2,144.64,80.0,28.0,84.58,192.58,-47.94,-33.1,STL>MKC:$84.58
SH00939,2026-09-28,Midwest Apparel,MKC,MEM,P,510.3,61.8,MKC>MEM,2,148.9,80.0,28.0,19.64,127.64,21.26,14.3,MKC>MEM:$19.64
SH00940,2026-09-28,Ozark Furniture,SGF,STL,E,723.5,96.7,SGF>STL,2,138.49,80.0,28.0,18.54,126.54,11.95,8.6,SGF>STL:$18.54
SH00941,2026-09-28,Delta Plastics,MEM,MKC,E,974.1,104.6,MEM>MKC,2,232.95,80.0,28.0,33.25,141.25,91.7,39.4,MEM>MKC:$33.25
SH00942,2026-09-28,Ozark Furniture,SGF,MEM,E,878.3,110.4,SGF>MEM,2,227.51,80.0,28.0,25.94,133.94,93.57,41.1,SGF>MEM:$25.94
SH00943,2026-09-28,AutoParts Co,SGF,STL,E,1417.1,53.0,SGF>STL,2,296.44,80.0,28.0,10.16,118.16,178.28,60.1,SGF>STL:$10.16
SH00944,2026-09-28,Ozark Building,SGF,STL,P,1296.4,66.3,SGF>STL,2,334.92,80.0,28.0,12.71,120.71,214.21,64.0,SGF>STL:$12.71
SH00945,2026-09-28,Delta Plastics,MEM,SGF,E,838.2,111.0,MEM>SGF,2,203.72,80.0,28.0,26.08,134.08,69.64,34.2,MEM>SGF:$26.08
SH00946,2026-09-28,Ozark Building,SGF,STL,P,1547.2,78.7,SGF>STL,2,424.27,80.0,28.0,15.09,123.09,301.18,71.0,SGF>STL:$15.09
SH00947,2026-09-28,Ozark Building,SGF,LIT,P,1240.9,64.8,SGF>LIT,2,411.71,80.0,28.0,143.07,251.07,160.64,39.0,SGF>LIT:$143.07
SH00948,2026-09-28,Delta Plastics,MEM,LIT,E,329.4,39.3,MEM>LIT,2,70.98,80.0,28.0,4.95,112.95,-41.97,-59.1,MEM>LIT:$4.95
SH00949,2026-09-28,Ozark Furniture,SGF,MEM,E,667.2,95.7,SGF>MEM,2,178.25,80.0,28.0,22.48,130.48,47.77,26.8,SGF>MEM:$22.48
SH00950,2026-09-28,Bluff City Apparel,MEM,STL,P,210.2,27.4,MEM>STL,2,65.79,80.0,28.0,51.3,159.3,-93.51,-142.1,MEM>STL:$51.30
SH00951,2026-09-28,Paper Mill Supply,STL,LIT,E,909.1,57.1,STL>SGF>MEM>LIT,6,193.78,80.0,84.0,31.55,195.55,-1.77,-0.9,STL>SGF:$10.95;SGF>MEM:$13.42;MEM>LIT:$7.19
SH00952,2026-09-28,KC Food Dist,MKC,SGF,E,1675.7,45.0,MKC>SGF,2,399.18,80.0,28.0,24.26,132.26,266.92,66.9,MKC>SGF:$24.26
SH00953,2026-09-28,Ozark Furniture,SGF,MKC,P,537.9,82.4,SGF>MKC,2,164.52,80.0,28.0,44.42,152.42,12.1,7.4,SGF>MKC:$44.42
SH00954,2026-09-28,Ozark Furniture,SGF,MEM,P,516.6,67.6,SGF>MEM,2,139.24,80.0,28.0,15.88,123.88,15.36,11.0,SGF>MEM:$15.88
SH00955,2026-09-28,Ozark Building,SGF,MEM,P,1034.7,51.4,SGF>MEM,2,297.07,80.0,28.0,12.08,120.08,176.99,59.6,SGF>MEM:$12.08
SH00956,2026-09-28,Plains Pharma,TUL,LIT,E,522.4,41.6,TUL>SGF>MEM>LIT,6,100.53,80.0,84.0,21.26,185.26,-84.73,-84.3,TUL>SGF:$6.25;SGF>MEM:$9.77;MEM>LIT:$5.24
SH00957,2026-09-28,Delta Plastics,MEM,TUL,E,1399.5,147.8,MEM>SGF>TUL,4,344.37,80.0,56.0,56.94,192.94,151.43,44.0,MEM>SGF:$34.72;SGF>TUL:$22.22
SH00958,2026-09-28,Tulsa Beverage,TUL,SGF,E,2063.7,64.8,TUL>SGF,2,442.52,80.0,28.0,9.74,117.74,324.78,73.4,TUL>SGF:$9.74
SH00959,2026-09-28,Delta Plastics,MEM,STL,E,563.1,74.8,MEM>SGF>STL,4,123.84,80.0,56.0,31.92,167.92,-44.08,-35.6,MEM>SGF:$17.57;SGF>STL:$14.34
SH00960,2026-09-28,Midwest Apparel,MKC,MEM,E,465.9,60.7,MKC>MEM,2,120.39,80.0,28.0,19.29,127.29,-6.9,-5.7,MKC>MEM:$19.29
SH00961,2026-09-28,Bluff City Apparel,MEM,SGF,E,480.1,57.2,MEM>SGF,2,120.48,80.0,28.0,13.44,121.44,-0.96,-0.8,MEM>SGF:$13.44
SH00962,2026-09-28,Memphis Machinery,MEM,SGF,P,1471.3,63.9,MEM>SGF,2,438.55,80.0,28.0,15.01,123.01,315.54,72.0,MEM>SGF:$15.01
SH00963,2026-09-28,Gateway Electronics,STL,TUL,P,661.8,55.3,STL>SGF>TUL,4,196.6,80.0,56.0,18.92,154.92,41.68,21.2,STL>SGF:$10.60;SGF>TUL:$8.31
SH00964,2026-09-28,Ozark Building,SGF,STL,E,2530.5,121.7,SGF>STL,2,537.0,80.0,28.0,23.34,131.34,405.66,75.5,SGF>STL:$23.34
SH00965,2026-09-28,Plains Pharma,TUL,MEM,P,398.5,34.1,TUL>SGF>MEM,4,127.82,80.0,56.0,13.14,149.14,-21.32,-16.7,TUL>SGF:$5.13;SGF>MEM:$8.01
SH00966,2026-09-28,Delta Plastics,MEM,SGF,P,734.4,67.3,MEM>SGF,2,209.75,80.0,28.0,15.81,123.81,85.94,41.0,MEM>SGF:$15.81
SH00967,2026-09-28,Memphis Machinery,MEM,STL,P,618.0,25.0,MEM>STL,2,162.07,80.0,28.0,46.81,154.81,7.26,4.5,MEM>STL:$46.81
SH00968,2026-09-28,Ozark Building,SGF,TUL,P,1838.7,77.0,SGF>TUL,2,487.99,80.0,28.0,11.57,119.57,368.42,75.5,SGF>TUL:$11.57
SH00969,2026-09-28,Delta Plastics,MEM,STL,E,787.9,96.0,MEM>SGF>STL,4,175.03,80.0,56.0,40.96,176.96,-1.93,-1.1,MEM>SGF:$22.55;SGF>STL:$18.41
SH00970,2026-09-28,Gateway Electronics,STL,MKC,P,543.9,54.4,STL>MKC,2,158.67,80.0,28.0,69.19,177.19,-18.52,-11.7,STL>MKC:$69.19
SH00971,2026-09-28,AutoParts Co,SGF,MKC,E,872.4,41.1,SGF>MEM>MKC,4,210.78,80.0,56.0,22.72,158.72,52.06,24.7,SGF>MEM:$9.66;MEM>MKC:$13.06
SH00972,2026-09-28,AutoParts Co,SGF,MEM,P,1359.0,53.8,SGF>MEM,2,403.99,80.0,28.0,12.64,120.64,283.35,70.1,SGF>MEM:$12.64
SH00973,2026-09-28,KC Food Dist,MKC,MEM,E,1189.5,38.8,MKC>MEM,2,300.53,80.0,28.0,12.33,120.33,180.2,60.0,MKC>MEM:$12.33
SH00974,2026-09-28,Gateway Electronics,STL,MKC,E,730.6,71.8,STL>SGF>MEM>MKC,6,157.05,80.0,84.0,53.46,217.46,-60.41,-38.5,STL>SGF:$13.77;SGF>MEM:$16.87;MEM>MKC:$22.82
SH00975,2026-09-28,AutoParts Co,SGF,LIT,E,1065.0,45.9,SGF>MEM>LIT,4,244.63,80.0,56.0,16.56,152.56,92.07,37.6,SGF>MEM:$10.78;MEM>LIT:$5.78
SH00976,2026-09-28,AutoParts Co,SGF,MKC,P,876.5,49.4,SGF>MKC,2,251.99,80.0,28.0,26.63,134.63,117.36,46.6,SGF>MKC:$26.63
SH00977,2026-09-28,Midwest Apparel,MKC,TUL,P,205.0,26.3,MKC>MEM>SGF>TUL,6,51.17,80.0,84.0,18.49,182.49,-131.32,-256.6,MKC>MEM:$8.36;MEM>SGF:$6.18;SGF>TUL:$3.95
SH00978,2026-09-28,AutoParts Co,SGF,MEM,P,1018.9,48.0,SGF>MEM,2,296.9,80.0,28.0,11.28,119.28,177.62,59.8,SGF>MEM:$11.28
SH00979,2026-09-28,Memphis Machinery,MEM,MKC,P,1665.6,57.9,MEM>MKC,2,508.89,80.0,28.0,18.4,126.4,382.49,75.2,MEM>MKC:$18.40
SH00980,2026-09-28,Bluff City Apparel,MEM,TUL,P,1172.6,165.9,MEM>TUL,2,343.08,80.0,28.0,431.3,539.3,-196.22,-57.2,MEM>TUL:$431.30
SH00981,2026-09-28,River City Foods,LIT,MEM,E,811.3,34.2,LIT>MEM,2,172.01,80.0,28.0,4.3,112.3,59.71,34.7,LIT>MEM:$4.30
SH00982,2026-09-28,AutoParts Co,SGF,STL,P,749.4,33.2,SGF>STL,2,223.07,80.0,28.0,6.37,114.37,108.7,48.7,SGF>STL:$6.37
SH00983,2026-09-28,Delta Plastics,MEM,MKC,P,465.4,55.3,MEM>MKC,2,136.01,80.0,28.0,17.58,125.58,10.43,7.7,MEM>MKC:$17.58
SH00984,2026-09-28,Ozark Furniture,SGF,TUL,P,1310.6,191.5,SGF>TUL,2,339.7,80.0,28.0,28.78,136.78,202.92,59.7,SGF>TUL:$28.78
SH00985,2026-09-28,Ozark Building,SGF,TUL,P,1229.9,64.2,SGF>TUL,2,303.16,80.0,28.0,9.65,117.65,185.51,61.2,SGF>TUL:$9.65
SH00986,2026-09-28,Midwest Apparel,MKC,MEM,P,590.6,81.9,MKC>MEM,2,188.56,80.0,28.0,26.03,134.03,54.53,28.9,MKC>MEM:$26.03
SH00987,2026-09-28,Crossroads Retail,MKC,SGF,P,889.2,75.9,MKC>SGF,2,269.07,80.0,28.0,40.92,148.92,120.15,44.7,MKC>SGF:$40.92
SH00988,2026-09-28,River City Foods,LIT,TUL,E,1839.2,72.2,LIT>MEM>SGF>TUL,6,446.86,80.0,84.0,36.9,200.9,245.96,55.0,LIT>MEM:$9.09;MEM>SGF:$16.96;SGF>TUL:$10.85
SH00989,2026-09-28,Plains Pharma,TUL,MEM,E,93.4,6.8,TUL>SGF>MEM,4,22.47,80.0,56.0,2.62,138.62,-116.15,-516.9,TUL>SGF:$1.02;SGF>MEM:$1.60
SH00990,2026-09-28,KC Food Dist,MKC,LIT,E,2446.6,79.9,MKC>MEM>LIT,4,576.72,80.0,56.0,35.45,171.45,405.27,70.3,MKC>MEM:$25.40;MEM>LIT:$10.06
SH00991,2026-09-28,Delta Plastics,MEM,LIT,P,646.0,65.6,MEM>LIT,2,136.0,80.0,28.0,8.26,116.26,19.74,14.5,MEM>LIT:$8.26
SH00992,2026-09-28,Paper Mill Supply,STL,SGF,P,1436.7,83.7,STL>SGF,2,396.66,80.0,28.0,16.05,124.05,272.61,68.7,STL>SGF:$16.05
SH00993,2026-09-28,Tulsa Beverage,TUL,MKC,E,1584.5,63.8,TUL>SGF>MEM>MKC,6,380.52,80.0,84.0,44.86,208.86,171.66,45.1,TUL>SGF:$9.59;SGF>MEM:$14.99;MEM>MKC:$20.28
SH00994,2026-09-28,Crossroads Retail,MKC,STL,E,735.9,72.3,MKC>MEM>SGF>STL,6,193.7,80.0,84.0,53.83,217.83,-24.13,-12.5,MKC>MEM:$22.98;MEM>SGF:$16.99;SGF>STL:$13.87
SH00995,2026-09-28,Ozark Furniture,SGF,MKC,P,723.9,88.9,SGF>MKC,2,240.42,80.0,28.0,47.93,155.93,84.49,35.1,SGF>MKC:$47.93
SH00996,2026-09-28,KC Food Dist,MKC,MEM,P,944.8,34.3,MKC>MEM,2,255.19,80.0,28.0,10.9,118.9,136.29,53.4,MKC>MEM:$10.90
SH00997,2026-09-28,Paper Mill Supply,STL,MKC,E,1319.1,85.8,STL>SGF>MEM>MKC,6,304.12,80.0,84.0,63.88,227.88,76.24,25.1,STL>SGF:$16.45;SGF>MEM:$20.16;MEM>MKC:$27.27
SH00998,2026-09-28,Ozark Building,SGF,MKC,E,968.0,50.5,SGF>MEM>MKC,4,238.75,80.0,56.0,27.92,163.92,74.83,31.3,SGF>MEM:$11.86;MEM>MKC:$16.05
SH00999,2026-09-28,KC Food Dist,MKC,STL,E,1375.8,39.8,MKC>MEM>SGF>STL,6,301.57,80.0,84.0,29.63,193.63,107.94,35.8,MKC>MEM:$12.65;MEM>SGF:$9.35;SGF>STL:$7.63
SH01000,2026-09-28,Gateway Electronics,STL,MEM,P,213.4,23.5,STL>SGF>MEM,4,56.09,80.0,56.0,10.03,146.03,-89.94,-160.3,STL>SGF:$4.51;SGF>MEM:$5.52
SH01001,2026-09-28,Crossroads Retail,MKC,MEM,P,1033.0,124.9,MKC>MEM,2,280.39,80.0,28.0,39.7,147.7,132.69,47.3,MKC>MEM:$39.70
SH01002,2026-09-28,AutoParts Co,SGF,MEM,P,668.6,34.5,SGF>MEM,2,181.1,80.0,28.0,8.11,116.11,64.99,35.9,SGF>MEM:$8.11
SH01003,2026-09-28,Ozark Furniture,SGF,TUL,P,810.3,111.7,SGF>TUL,2,208.61,80.0,28.0,16.79,124.79,83.82,40.2,SGF>TUL:$16.79
SH01004,2026-09-28,Ozark Furniture,SGF,MEM,E,875.9,133.3,SGF>MEM,2,229.7,80.0,28.0,31.32,139.32,90.38,39.3,SGF>MEM:$31.32
SH01005,2026-09-28,Midwest Apparel,MKC,TUL,P,387.8,49.4,MKC>MEM>SGF>TUL,6,116.25,80.0,84.0,34.73,198.73,-82.48,-71.0,MKC>MEM:$15.70;MEM>SGF:$11.61;SGF>TUL:$7.43
SH01006,2026-09-28,AutoParts Co,SGF,STL,E,527.9,26.1,SGF>STL,2,116.48,80.0,28.0,5.01,113.01,3.47,3.0,SGF>STL:$5.01
SH01007,2026-09-28,KC Food Dist,MKC,SGF,E,2307.6,69.2,MKC>SGF,2,613.96,80.0,28.0,37.31,145.31,468.65,76.3,MKC>SGF:$37.31
SH01008,2026-09-28,River City Foods,LIT,STL,P,1706.8,71.8,LIT>MEM>SGF>STL,6,474.51,80.0,84.0,39.68,203.68,270.83,57.1,LIT>MEM:$9.04;MEM>SGF:$16.87;SGF>STL:$13.77
SH01009,2026-09-28,Midwest Apparel,MKC,TUL,P,518.0,63.9,MKC>MEM>SGF>TUL,6,162.88,80.0,84.0,44.93,208.93,-46.05,-28.3,MKC>MEM:$20.31;MEM>SGF:$15.01;SGF>TUL:$9.60
SH01010,2026-09-28,Plains Pharma,TUL,SGF,P,509.1,42.4,TUL>SGF,2,130.19,80.0,28.0,6.37,114.37,15.82,12.1,TUL>SGF:$6.37
SH01011,2026-09-28,AutoParts Co,SGF,STL,P,1254.3,56.4,SGF>STL,2,363.78,80.0,28.0,10.82,118.82,244.96,67.3,SGF>STL:$10.82
SH01012,2026-09-28,AutoParts Co,SGF,STL,P,482.1,21.1,SGF>STL,2,127.77,80.0,28.0,4.05,112.05,15.72,12.3,SGF>STL:$4.05
SH01013,2026-09-28,Paper Mill Supply,STL,MEM,E,1393.1,75.1,STL>SGF>MEM,4,310.35,80.0,56.0,32.05,168.05,142.3,45.9,STL>SGF:$14.40;SGF>MEM:$17.64
SH01014,2026-09-28,Tulsa Beverage,TUL,MKC,P,1805.2,64.9,TUL>SGF>MEM>MKC,6,564.61,80.0,84.0,45.63,209.63,354.98,62.9,TUL>SGF:$9.75;SGF>MEM:$15.25;MEM>MKC:$20.63
SH01015,2026-09-28,AutoParts Co,SGF,MEM,E,1255.6,59.6,SGF>MEM,2,302.1,80.0,28.0,14.0,122.0,180.1,59.6,SGF>MEM:$14.00
SH01016,2026-09-28,AutoParts Co,SGF,MEM,P,365.3,16.2,SGF>MEM,2,110.07,80.0,28.0,3.81,111.81,-1.74,-1.6,SGF>MEM:$3.81
SH01017,2026-09-28,Memphis Machinery,MEM,MKC,P,2352.7,82.6,MEM>MKC,2,769.65,80.0,28.0,26.25,134.25,635.4,82.6,MEM>MKC:$26.25
SH01018,2026-09-28,AutoParts Co,SGF,TUL,P,1136.6,52.9,SGF>TUL,2,299.25,80.0,28.0,7.95,115.95,183.3,61.3,SGF>TUL:$7.95
SH01019,2026-09-28,Tulsa Beverage,TUL,STL,P,1954.9,73.8,TUL>SGF>STL,4,634.67,80.0,56.0,25.25,161.25,473.42,74.6,TUL>SGF:$11.09;SGF>STL:$14.15
SH01020,2026-09-28,Gateway Electronics,STL,LIT,E,284.3,29.1,STL>SGF>MEM>LIT,6,66.56,80.0,84.0,16.08,180.08,-113.52,-170.6,STL>SGF:$5.58;SGF>MEM:$6.84;MEM>LIT:$3.66
SH01021,2026-09-28,Memphis Machinery,MEM,MKC,E,2059.9,87.8,MEM>MKC,2,589.62,80.0,28.0,27.91,135.91,453.71,77.0,MEM>MKC:$27.91
SH01022,2026-09-28,KC Food Dist,MKC,MEM,E,555.3,17.2,MKC>MEM,2,128.23,80.0,28.0,5.47,113.47,14.76,11.5,MKC>MEM:$5.47
SH01023,2026-09-28,Bluff City Apparel,MEM,STL,E,720.2,81.9,MEM>SGF>STL,4,167.91,80.0,56.0,34.95,170.95,-3.04,-1.8,MEM>SGF:$19.24;SGF>STL:$15.71
SH01024,2026-09-28,River City Foods,LIT,STL,P,1790.4,64.6,LIT>MEM>SGF>STL,6,521.98,80.0,84.0,35.7,199.7,322.28,61.7,LIT>MEM:$8.13;MEM>SGF:$15.18;SGF>STL:$12.39
SH01025,2026-09-28,AutoParts Co,SGF,TUL,P,1092.9,59.5,SGF>TUL,2,310.01,80.0,28.0,8.94,116.94,193.07,62.3,SGF>TUL:$8.94
SH01026,2026-09-28,Delta Plastics,MEM,SGF,E,674.7,64.3,MEM>SGF,2,142.58,80.0,28.0,15.11,123.11,19.47,13.7,MEM>SGF:$15.11
SH01027,2026-09-28,Gateway Electronics,STL,LIT,P,80.0,8.0,STL>SGF>MEM>LIT,6,20.58,80.0,84.0,4.42,168.42,-147.84,-718.4,STL>SGF:$1.53;SGF>MEM:$1.88;MEM>LIT:$1.01
SH01028,2026-09-28,AutoParts Co,SGF,STL,E,511.3,21.0,SGF>STL,2,111.66,80.0,28.0,4.03,112.03,-0.37,-0.3,SGF>STL:$4.03
SH01029,2026-09-28,AutoParts Co,SGF,TUL,E,1139.3,58.3,SGF>TUL,2,230.74,80.0,28.0,8.76,116.76,113.98,49.4,SGF>TUL:$8.76
SH01030,2026-09-28,Ozark Building,SGF,TUL,E,1380.9,75.3,SGF>TUL,2,264.34,80.0,28.0,11.32,119.32,145.02,54.9,SGF>TUL:$11.32
SH01031,2026-09-28,Paper Mill Supply,STL,TUL,E,1778.5,118.2,STL>SGF>TUL,4,453.73,80.0,56.0,40.43,176.43,277.3,61.1,STL>SGF:$22.67;SGF>TUL:$17.77
SH01032,2026-09-28,AutoParts Co,SGF,MEM,P,778.3,38.4,SGF>MEM,2,233.43,80.0,28.0,9.02,117.02,116.41,49.9,SGF>MEM:$9.02
SH01033,2026-09-28,AutoParts Co,SGF,STL,P,1485.6,53.3,SGF>STL,2,394.17,80.0,28.0,10.22,118.22,275.95,70.0,SGF>STL:$10.22
SH01034,2026-09-28,Memphis Machinery,MEM,MKC,P,1721.2,75.3,MEM>MKC,2,466.24,80.0,28.0,23.93,131.93,334.31,71.7,MEM>MKC:$23.93
SH01035,2026-09-28,Ozark Building,SGF,MEM,P,943.6,45.0,SGF>MEM,2,246.32,80.0,28.0,10.57,118.57,127.75,51.9,SGF>MEM:$10.57
SH01036,2026-09-28,Memphis Machinery,MEM,MKC,P,2171.5,96.9,MEM>MKC,2,600.37,80.0,28.0,30.8,138.8,461.57,76.9,MEM>MKC:$30.80
SH01037,2026-09-28,Memphis Machinery,MEM,LIT,E,2024.3,71.6,MEM>LIT,2,385.47,80.0,28.0,9.01,117.01,268.46,69.6,MEM>LIT:$9.01
SH01038,2026-09-28,Tulsa Beverage,TUL,SGF,P,1735.4,61.4,TUL>SGF,2,459.75,80.0,28.0,9.23,117.23,342.52,74.5,TUL>SGF:$9.23
SH01039,2026-09-28,KC Food Dist,MKC,SGF,E,1593.8,60.3,MKC>SGF,2,363.02,80.0,28.0,32.51,140.51,222.51,61.3,MKC>SGF:$32.51
SH01040,2026-09-28,Ozark Building,SGF,TUL,P,1310.0,57.8,SGF>TUL,2,346.93,80.0,28.0,8.69,116.69,230.24,66.4,SGF>TUL:$8.69
SH01041,2026-09-28,Delta Plastics,MEM,MKC,E,688.9,82.2,MEM>MKC,2,176.92,80.0,28.0,26.13,134.13,42.79,24.2,MEM>MKC:$26.13
SH01042,2026-09-28,Tulsa Beverage,TUL,LIT,P,1116.7,38.1,TUL>SGF>MEM>LIT,6,297.59,80.0,84.0,19.47,183.47,114.12,38.3,TUL>SGF:$5.73;SGF>MEM:$8.95;MEM>LIT:$4.80
SH01043,2026-09-28,Plains Pharma,TUL,SGF,P,572.2,47.1,TUL>SGF,2,161.38,80.0,28.0,7.08,115.08,46.3,28.7,TUL>SGF:$7.08
SH01044,2026-09-28,Ozark Furniture,SGF,TUL,P,676.4,120.1,SGF>TUL,2,171.61,80.0,28.0,18.05,126.05,45.56,26.5,SGF>TUL:$18.05
SH01045,2026-09-28,Paper Mill Supply,STL,SGF,E,1491.1,85.8,STL>SGF,2,307.52,80.0,28.0,16.45,124.45,183.07,59.5,STL>SGF:$16.45
SH01046,2026-09-28,Bluff City Apparel,MEM,SGF,E,655.9,80.2,MEM>SGF,2,151.83,80.0,28.0,18.84,126.84,24.99,16.5,MEM>SGF:$18.84
SH01047,2026-09-28,Tulsa Beverage,TUL,STL,P,917.6,31.1,TUL>SGF>STL,4,287.74,80.0,56.0,10.64,146.64,141.1,49.0,TUL>SGF:$4.67;SGF>STL:$5.96
SH01048,2026-09-28,Paper Mill Supply,STL,SGF,E,1283.8,61.2,STL>SGF,2,268.38,80.0,28.0,11.74,119.74,148.64,55.4,STL>SGF:$11.74
SH01049,2026-09-28,AutoParts Co,SGF,LIT,P,1097.2,48.3,SGF>LIT,2,342.86,80.0,28.0,106.64,214.64,128.22,37.4,SGF>LIT:$106.64
SH01050,2026-09-28,AutoParts Co,SGF,MKC,E,1099.5,53.1,SGF>MEM>MKC,4,241.21,80.0,56.0,29.35,165.35,75.86,31.4,SGF>MEM:$12.48;MEM>MKC:$16.88
